MeshVersionFormatted 2
Dimension 3

Vertices
8634
-5.7525213807821274e-02 -4.4363919645547867e-02 3.6556027829647064e-02 0
-5.6041565374471247e-02 -4.4363919645547867e-02 3.6556027829647064e-02 0
-5.6041565374471247e-02 -4.2867629206739366e-02 3.6556027829647064e-02 0
-5.7525213807821274e-02 -4.2867629206739366e-02 3.6556027829647064e-02 0
-5.7525213807821274e-02 -4.4363919645547867e-02 3.8004530244506896e-02 0
-5.6041565374471247e-02 -4.4363919645547867e-02 3.8004530244506896e-02 0
-5.6041565374471247e-02 -4.2867629206739366e-02 3.8004530244506896e-02 0
-5.7525213807821274e-02 -4.2867629206739366e-02 3.8004530244506896e-02 0
-5.7525213807821274e-02 -4.4363919645547867e-02 3.9453032659366727e-02 0
-5.6041565374471247e-02 -4.4363919645547867e-02 3.9453032659366727e-02 0
-5.6041565374471247e-02 -4.2867629206739366e-02 3.9453032659366727e-02 0
-5.7525213807821274e-02 -4.2867629206739366e-02 3.9453032659366727e-02 0
-5.7525213807821274e-02 -4.4363919645547867e-02 4.0901535074226558e-02 0
-5.6041565374471247e-02 -4.4363919645547867e-02 4.0901535074226558e-02 0
-5.6041565374471247e-02 -4.2867629206739366e-02 4.0901535074226558e-02 0
-5.7525213807821274e-02 -4.2867629206739366e-02 4.0901535074226558e-02 0
-5.7525213807821274e-02 -4.4363919645547867e-02 4.2350037489086390e-02 0
-5.6041565374471247e-02 -4.4363919645547867e-02 4.2350037489086390e-02 0
-5.6041565374471247e-02 -4.2867629206739366e-02 4.2350037489086390e-02 0
-5.7525213807821274e-02 -4.2867629206739366e-02 4.2350037489086390e-02 0
-5.7525213807821274e-02 -4.4363919645547867e-02 4.3798539903946221e-02 0
-5.6041565374471247e-02 -4.4363919645547867e-02 4.3798539903946221e-02 0
-5.6041565374471247e-02 -4.2867629206739366e-02 4.3798539903946221e-02 0
-5.7525213807821274e-02 -4.2867629206739366e-02 4.3798539903946221e-02 0
-5.7525213807821274e-02 -4.4363919645547867e-02 4.5247042318806052e-02 0
-5.6041565374471247e-02 -4.4363919645547867e-02 4.5247042318806052e-02 0
-5.6041565374471247e-02 -4.2867629206739366e-02 4.5247042318806052e-02 0
-5.7525213807821274e-02 -4.2867629206739366e-02 4.5247042318806052e-02 0
-5.7525213807821274e-02 -4.4363919645547867e-02 4.6695544733665884e-02 0
-5.6041565374471247e-02 -4.4363919645547867e-02 4.6695544733665884e-02 0
-5.6041565374471247e-02 -4.2867629206739366e-02 4.6695544733665884e-02 0
-5.7525213807821274e-02 -4.2867629206739366e-02 4.6695544733665884e-02 0
-5.6041565374471247e-02 -4.1371338767930865e-02 3.6556027829647064e-02 0
-5.7525213807821274e-02 -4.1371338767930865e-02 3.6556027829647064e-02 0
-5.6041565374471247e-02 -4.1371338767930865e-02 3.8004530244506896e-02 0
-5.7525213807821274e-02 -4.1371338767930865e-02 3.8004530244506896e-02 0
-5.6041565374471247e-02 -4.1371338767930865e-02 3.9453032659366727e-02 0
-5.7525213807821274e-02 -4.1371338767930865e-02 3.9453032659366727e-02 0
-5.6041565374471247e-02 -4.1371338767930865e-02 4.0901535074226558e-02 0
-5.7525213807821274e-02 -4.1371338767930865e-02 4.0901535074226558e-02 0
-5.6041565374471247e-02 -4.1371338767930865e-02 4.2350037489086390e-02 0
-5.7525213807821274e-02 -4.1371338767930865e-02 4.2350037489086390e-02 0
-5.6041565374471247e-02 -4.1371338767930865e-02 4.3798539903946221e-02 0
-5.7525213807821274e-02 -4.1371338767930865e-02 4.3798539903946221e-02 0
-5.6041565374471247e-02 -4.1371338767930865e-02 4.5247042318806052e-02 0
-5.7525213807821274e-02 -4.1371338767930865e-02 4.5247042318806052e-02 0
-5.6041565374471247e-02 -4.1371338767930865e-02 4.6695544733665884e-02 0
-5.7525213807821274e-02 -4.1371338767930865e-02 4.6695544733665884e-02 0
-5.6041565374471247e-02 -3.9875048329122365e-02 3.6556027829647064e-02 0
-5.7525213807821274e-02 -3.9875048329122365e-02 3.6556027829647064e-02 0
-5.6041565374471247e-02 -3.9875048329122365e-02 3.8004530244506896e-02 0
-5.7525213807821274e-02 -3.9875048329122365e-02 3.8004530244506896e-02 0
-5.6041565374471247e-02 -3.9875048329122365e-02 3.9453032659366727e-02 0
-5.7525213807821274e-02 -3.9875048329122365e-02 3.9453032659366727e-02 0
-5.6041565374471247e-02 -3.9875048329122365e-02 4.0901535074226558e-02 0
-5.7525213807821274e-02 -3.9875048329122365e-02 4.0901535074226558e-02 0
-5.6041565374471247e-02 -3.9875048329122365e-02 4.2350037489086390e-02 0
-5.7525213807821274e-02 -3.9875048329122365e-02 4.2350037489086390e-02 0
-5.6041565374471247e-02 -3.9875048329122365e-02 4.3798539903946221e-02 0
-5.7525213807821274e-02 -3.9875048329122365e-02 4.3798539903946221e-02 0
-5.6041565374471247e-02 -3.9875048329122365e-02 4.5247042318806052e-02 0
-5.7525213807821274e-02 -3.9875048329122365e-02 4.5247042318806052e-02 0
-5.6041565374471247e-02 -3.9875048329122365e-02 4.6695544733665884e-02 0
-5.7525213807821274e-02 -3.9875048329122365e-02 4.6695544733665884e-02 0
-5.6041565374471247e-02 -3.8378757890313864e-02 3.6556027829647064e-02 0
-5.7525213807821274e-02 -3.8378757890313864e-02 3.6556027829647064e-02 0
-5.6041565374471247e-02 -3.8378757890313864e-02 3.8004530244506896e-02 0
-5.7525213807821274e-02 -3.8378757890313864e-02 3.8004530244506896e-02 0
-5.6041565374471247e-02 -3.8378757890313864e-02 3.9453032659366727e-02 0
-5.7525213807821274e-02 -3.8378757890313864e-02 3.9453032659366727e-02 0
-5.6041565374471247e-02 -3.8378757890313864e-02 4.0901535074226558e-02 0
-5.7525213807821274e-02 -3.8378757890313864e-02 4.0901535074226558e-02 0
-5.6041565374471247e-02 -3.8378757890313864e-02 4.2350037489086390e-02 0
-5.7525213807821274e-02 -3.8378757890313864e-02 4.2350037489086390e-02 0
-5.6041565374471247e-02 -3.8378757890313864e-02 4.3798539903946221e-02 0
-5.7525213807821274e-02 -3.8378757890313864e-02 4.3798539903946221e-02 0
-5.6041565374471247e-02 -3.8378757890313864e-02 4.5247042318806052e-02 0
-5.7525213807821274e-02 -3.8378757890313864e-02 4.5247042318806052e-02 0
-5.6041565374471247e-02 -3.8378757890313864e-02 4.6695544733665884e-02 0
-5.7525213807821274e-02 -3.8378757890313864e-02 4.6695544733665884e-02 0
-5.6041565374471247e-02 -3.6882467451505363e-02 3.6556027829647064e-02 0
-5.7525213807821274e-02 -3.6882467451505363e-02 3.6556027829647064e-02 0
-5.6041565374471247e-02 -3.6882467451505363e-02 3.8004530244506896e-02 0
-5.7525213807821274e-02 -3.6882467451505363e-02 3.8004530244506896e-02 0
-5.6041565374471247e-02 -3.6882467451505363e-02 3.9453032659366727e-02 0
-5.7525213807821274e-02 -3.6882467451505363e-02 3.9453032659366727e-02 0
-5.6041565374471247e-02 -3.6882467451505363e-02 4.0901535074226558e-02 0
-5.7525213807821274e-02 -3.6882467451505363e-02 4.0901535074226558e-02 0
-5.6041565374471247e-02 -3.6882467451505363e-02 4.2350037489086390e-02 0
-5.7525213807821274e-02 -3.6882467451505363e-02 4.2350037489086390e-02 0
-5.6041565374471247e-02 -3.6882467451505363e-02 4.3798539903946221e-02 0
-5.7525213807821274e-02 -3.6882467451505363e-02 4.3798539903946221e-02 0
-5.6041565374471247e-02 -3.6882467451505363e-02 4.5247042318806052e-02 0
-5.7525213807821274e-02 -3.6882467451505363e-02 4.5247042318806052e-02 0
-5.6041565374471247e-02 -3.6882467451505363e-02 4.6695544733665884e-02 0
-5.7525213807821274e-02 -3.6882467451505363e-02 4.6695544733665884e-02 0
-5.6041565374471247e-02 -3.5386177012696862e-02 3.6556027829647064e-02 0
-5.7525213807821274e-02 -3.5386177012696862e-02 3.6556027829647064e-02 0
-5.6041565374471247e-02 -3.5386177012696862e-02 3.8004530244506896e-02 0
-5.7525213807821274e-02 -3.5386177012696862e-02 3.8004530244506896e-02 0
-5.6041565374471247e-02 -3.5386177012696862e-02 3.9453032659366727e-02 0
-5.7525213807821274e-02 -3.5386177012696862e-02 3.9453032659366727e-02 0
-5.6041565374471247e-02 -3.5386177012696862e-02 4.0901535074226558e-02 0
-5.7525213807821274e-02 -3.5386177012696862e-02 4.0901535074226558e-02 0
-5.6041565374471247e-02 -3.5386177012696862e-02 4.2350037489086390e-02 0
-5.7525213807821274e-02 -3.5386177012696862e-02 4.2350037489086390e-02 0
-5.6041565374471247e-02 -3.5386177012696862e-02 4.3798539903946221e-02 0
-5.7525213807821274e-02 -3.5386177012696862e-02 4.3798539903946221e-02 0
-5.6041565374471247e-02 -3.5386177012696862e-02 4.5247042318806052e-02 0
-5.7525213807821274e-02 -3.5386177012696862e-02 4.5247042318806052e-02 0
-5.6041565374471247e-02 -3.5386177012696862e-02 4.6695544733665884e-02 0
-5.7525213807821274e-02 -3.5386177012696862e-02 4.6695544733665884e-02 0
-5.6041565374471247e-02 -3.3889886573888361e-02 3.6556027829647064e-02 0
-5.7525213807821274e-02 -3.3889886573888361e-02 3.6556027829647064e-02 0
-5.6041565374471247e-02 -3.3889886573888361e-02 3.8004530244506896e-02 0
-5.7525213807821274e-02 -3.3889886573888361e-02 3.8004530244506896e-02 0
-5.6041565374471247e-02 -3.3889886573888361e-02 3.9453032659366727e-02 0
-5.7525213807821274e-02 -3.3889886573888361e-02 3.9453032659366727e-02 0
-5.6041565374471247e-02 -3.3889886573888361e-02 4.0901535074226558e-02 0
-5.7525213807821274e-02 -3.3889886573888361e-02 4.0901535074226558e-02 0
-5.6041565374471247e-02 -3.3889886573888361e-02 4.2350037489086390e-02 0
-5.7525213807821274e-02 -3.3889886573888361e-02 4.2350037489086390e-02 0
-5.6041565374471247e-02 -3.3889886573888361e-02 4.3798539903946221e-02 0
-5.7525213807821274e-02 -3.3889886573888361e-02 4.3798539903946221e-02 0
-5.6041565374471247e-02 -3.3889886573888361e-02 4.5247042318806052e-02 0
-5.7525213807821274e-02 -3.3889886573888361e-02 4.5247042318806052e-02 0
-5.6041565374471247e-02 -3.3889886573888361e-02 4.6695544733665884e-02 0
-5.7525213807821274e-02 -3.3889886573888361e-02 4.6695544733665884e-02 0
-5.6041565374471247e-02 -3.2393596135079861e-02 3.6556027829647064e-02 0
-5.7525213807821274e-02 -3.2393596135079861e-02 3.6556027829647064e-02 0
-5.6041565374471247e-02 -3.2393596135079861e-02 3.8004530244506896e-02 0
-5.7525213807821274e-02 -3.2393596135079861e-02 3.8004530244506896e-02 0
-5.6041565374471247e-02 -3.2393596135079861e-02 3.9453032659366727e-02 0
-5.7525213807821274e-02 -3.2393596135079861e-02 3.9453032659366727e-02 0
-5.6041565374471247e-02 -3.2393596135079861e-02 4.0901535074226558e-02 0
-5.7525213807821274e-02 -3.2393596135079861e-02 4.0901535074226558e-02 0
-5.6041565374471247e-02 -3.2393596135079861e-02 4.2350037489086390e-02 0
-5.7525213807821274e-02 -3.2393596135079861e-02 4.2350037489086390e-02 0
-5.6041565374471247e-02 -3.2393596135079861e-02 4.3798539903946221e-02 0
-5.7525213807821274e-02 -3.2393596135079861e-02 4.3798539903946221e-02 0
-5.6041565374471247e-02 -3.2393596135079861e-02 4.5247042318806052e-02 0
-5.7525213807821274e-02 -3.2393596135079861e-02 4.5247042318806052e-02 0
-5.6041565374471247e-02 -3.2393596135079861e-02 4.6695544733665884e-02 0
-5.7525213807821274e-02 -3.2393596135079861e-02 4.6695544733665884e-02 0
-5.6041565374471247e-02 -3.0897305696271360e-02 3.6556027829647064e-02 0
-5.7525213807821274e-02 -3.0897305696271360e-02 3.6556027829647064e-02 0
-5.6041565374471247e-02 -3.0897305696271360e-02 3.8004530244506896e-02 0
-5.7525213807821274e-02 -3.0897305696271360e-02 3.8004530244506896e-02 0
-5.6041565374471247e-02 -3.0897305696271360e-02 3.9453032659366727e-02 0
-5.7525213807821274e-02 -3.0897305696271360e-02 3.9453032659366727e-02 0
-5.6041565374471247e-02 -3.0897305696271360e-02 4.0901535074226558e-02 0
-5.7525213807821274e-02 -3.0897305696271360e-02 4.0901535074226558e-02 0
-5.6041565374471247e-02 -3.0897305696271360e-02 4.2350037489086390e-02 0
-5.7525213807821274e-02 -3.0897305696271360e-02 4.2350037489086390e-02 0
-5.6041565374471247e-02 -3.0897305696271360e-02 4.3798539903946221e-02 0
-5.7525213807821274e-02 -3.0897305696271360e-02 4.3798539903946221e-02 0
-5.6041565374471247e-02 -3.0897305696271360e-02 4.5247042318806052e-02 0
-5.7525213807821274e-02 -3.0897305696271360e-02 4.5247042318806052e-02 0
-5.6041565374471247e-02 -3.0897305696271360e-02 4.6695544733665884e-02 0
-5.7525213807821274e-02 -3.0897305696271360e-02 4.6695544733665884e-02 0
-5.6041565374471247e-02 -2.9401015257462859e-02 3.6556027829647064e-02 0
-5.7525213807821274e-02 -2.9401015257462859e-02 3.6556027829647064e-02 0
-5.6041565374471247e-02 -2.9401015257462859e-02 3.8004530244506896e-02 0
-5.7525213807821274e-02 -2.9401015257462859e-02 3.8004530244506896e-02 0
-5.6041565374471247e-02 -2.9401015257462859e-02 3.9453032659366727e-02 0
-5.7525213807821274e-02 -2.9401015257462859e-02 3.9453032659366727e-02 0
-5.6041565374471247e-02 -2.9401015257462859e-02 4.0901535074226558e-02 0
-5.7525213807821274e-02 -2.9401015257462859e-02 4.0901535074226558e-02 0
-5.6041565374471247e-02 -2.9401015257462859e-02 4.2350037489086390e-02 0
-5.7525213807821274e-02 -2.9401015257462859e-02 4.2350037489086390e-02 0
-5.6041565374471247e-02 -2.9401015257462859e-02 4.3798539903946221e-02 0
-5.7525213807821274e-02 -2.9401015257462859e-02 4.3798539903946221e-02 0
-5.6041565374471247e-02 -2.9401015257462859e-02 4.5247042318806052e-02 0
-5.7525213807821274e-02 -2.9401015257462859e-02 4.5247042318806052e-02 0
-5.6041565374471247e-02 -2.9401015257462859e-02 4.6695544733665884e-02 0
-5.7525213807821274e-02 -2.9401015257462859e-02 4.6695544733665884e-02 0
-5.6041565374471247e-02 -2.7904724818654358e-02 3.6556027829647064e-02 0
-5.7525213807821274e-02 -2.7904724818654358e-02 3.6556027829647064e-02 0
-5.6041565374471247e-02 -2.7904724818654358e-02 3.8004530244506896e-02 0
-5.7525213807821274e-02 -2.7904724818654358e-02 3.8004530244506896e-02 0
-5.6041565374471247e-02 -2.7904724818654358e-02 3.9453032659366727e-02 0
-5.7525213807821274e-02 -2.7904724818654358e-02 3.9453032659366727e-02 0
-5.6041565374471247e-02 -2.7904724818654358e-02 4.0901535074226558e-02 0
-5.7525213807821274e-02 -2.7904724818654358e-02 4.0901535074226558e-02 0
-5.6041565374471247e-02 -2.7904724818654358e-02 4.2350037489086390e-02 0
-5.7525213807821274e-02 -2.7904724818654358e-02 4.2350037489086390e-02 0
-5.6041565374471247e-02 -2.7904724818654358e-02 4.3798539903946221e-02 0
-5.7525213807821274e-02 -2.7904724818654358e-02 4.3798539903946221e-02 0
-5.6041565374471247e-02 -2.7904724818654358e-02 4.5247042318806052e-02 0
-5.7525213807821274e-02 -2.7904724818654358e-02 4.5247042318806052e-02 0
-5.6041565374471247e-02 -2.7904724818654358e-02 4.6695544733665884e-02 0
-5.7525213807821274e-02 -2.7904724818654358e-02 4.6695544733665884e-02 0
-5.6041565374471247e-02 -2.6408434379845858e-02 3.6556027829647064e-02 0
-5.7525213807821274e-02 -2.6408434379845858e-02 3.6556027829647064e-02 0
-5.6041565374471247e-02 -2.6408434379845858e-02 3.8004530244506896e-02 0
-5.7525213807821274e-02 -2.6408434379845858e-02 3.8004530244506896e-02 0
-5.6041565374471247e-02 -2.6408434379845858e-02 3.9453032659366727e-02 0
-5.7525213807821274e-02 -2.6408434379845858e-02 3.9453032659366727e-02 0
-5.6041565374471247e-02 -2.6408434379845858e-02 4.0901535074226558e-02 0
-5.7525213807821274e-02 -2.6408434379845858e-02 4.0901535074226558e-02 0
-5.6041565374471247e-02 -2.6408434379845858e-02 4.2350037489086390e-02 0
-5.7525213807821274e-02 -2.6408434379845858e-02 4.2350037489086390e-02 0
-5.6041565374471247e-02 -2.6408434379845858e-02 4.3798539903946221e-02 0
-5.7525213807821274e-02 -2.6408434379845858e-02 4.3798539903946221e-02 0
-5.6041565374471247e-02 -2.6408434379845858e-02 4.5247042318806052e-02 0
-5.7525213807821274e-02 -2.6408434379845858e-02 4.5247042318806052e-02 0
-5.6041565374471247e-02 -2.6408434379845858e-02 4.6695544733665884e-02 0
-5.7525213807821274e-02 -2.6408434379845858e-02 4.6695544733665884e-02 0
-5.6041565374471247e-02 -2.4912143941037357e-02 3.6556027829647064e-02 0
-5.7525213807821274e-02 -2.4912143941037357e-02 3.6556027829647064e-02 0
-5.6041565374471247e-02 -2.4912143941037357e-02 3.8004530244506896e-02 0
-5.7525213807821274e-02 -2.4912143941037357e-02 3.8004530244506896e-02 0
-5.6041565374471247e-02 -2.4912143941037357e-02 3.9453032659366727e-02 0
-5.7525213807821274e-02 -2.4912143941037357e-02 3.9453032659366727e-02 0
-5.6041565374471247e-02 -2.4912143941037357e-02 4.0901535074226558e-02 0
-5.7525213807821274e-02 -2.4912143941037357e-02 4.0901535074226558e-02 0
-5.6041565374471247e-02 -2.4912143941037357e-02 4.2350037489086390e-02 0
-5.7525213807821274e-02 -2.4912143941037357e-02 4.2350037489086390e-02 0
-5.6041565374471247e-02 -2.4912143941037357e-02 4.3798539903946221e-02 0
-5.7525213807821274e-02 -2.4912143941037357e-02 4.3798539903946221e-02 0
-5.6041565374471247e-02 -2.4912143941037357e-02 4.5247042318806052e-02 0
-5.7525213807821274e-02 -2.4912143941037357e-02 4.5247042318806052e-02 0
-5.6041565374471247e-02 -2.4912143941037357e-02 4.6695544733665884e-02 0
-5.7525213807821274e-02 -2.4912143941037357e-02 4.6695544733665884e-02 0
-5.6041565374471247e-02 -2.3415853502228856e-02 3.6556027829647064e-02 0
-5.7525213807821274e-02 -2.3415853502228856e-02 3.6556027829647064e-02 0
-5.6041565374471247e-02 -2.3415853502228856e-02 3.8004530244506896e-02 0
-5.7525213807821274e-02 -2.3415853502228856e-02 3.8004530244506896e-02 0
-5.6041565374471247e-02 -2.3415853502228856e-02 3.9453032659366727e-02 0
-5.7525213807821274e-02 -2.3415853502228856e-02 3.9453032659366727e-02 0
-5.6041565374471247e-02 -2.3415853502228856e-02 4.0901535074226558e-02 0
-5.7525213807821274e-02 -2.3415853502228856e-02 4.0901535074226558e-02 0
-5.6041565374471247e-02 -2.3415853502228856e-02 4.2350037489086390e-02 0
-5.7525213807821274e-02 -2.3415853502228856e-02 4.2350037489086390e-02 0
-5.6041565374471247e-02 -2.3415853502228856e-02 4.3798539903946221e-02 0
-5.7525213807821274e-02 -2.3415853502228856e-02 4.3798539903946221e-02 0
-5.6041565374471247e-02 -2.3415853502228856e-02 4.5247042318806052e-02 0
-5.7525213807821274e-02 -2.3415853502228856e-02 4.5247042318806052e-02 0
-5.6041565374471247e-02 -2.3415853502228856e-02 4.6695544733665884e-02 0
-5.7525213807821274e-02 -2.3415853502228856e-02 4.6695544733665884e-02 0
-5.6041565374471247e-02 -2.1919563063420355e-02 3.6556027829647064e-02 0
-5.7525213807821274e-02 -2.1919563063420355e-02 3.6556027829647064e-02 0
-5.6041565374471247e-02 -2.1919563063420355e-02 3.8004530244506896e-02 0
-5.7525213807821274e-02 -2.1919563063420355e-02 3.8004530244506896e-02 0
-5.6041565374471247e-02 -2.1919563063420355e-02 3.9453032659366727e-02 0
-5.7525213807821274e-02 -2.1919563063420355e-02 3.9453032659366727e-02 0
-5.6041565374471247e-02 -2.1919563063420355e-02 4.0901535074226558e-02 0
-5.7525213807821274e-02 -2.1919563063420355e-02 4.0901535074226558e-02 0
-5.6041565374471247e-02 -2.1919563063420355e-02 4.2350037489086390e-02 0
-5.7525213807821274e-02 -2.1919563063420355e-02 4.2350037489086390e-02 0
-5.6041565374471247e-02 -2.1919563063420355e-02 4.3798539903946221e-02 0
-5.7525213807821274e-02 -2.1919563063420355e-02 4.3798539903946221e-02 0
-5.6041565374471247e-02 -2.1919563063420355e-02 4.5247042318806052e-02 0
-5.7525213807821274e-02 -2.1919563063420355e-02 4.5247042318806052e-02 0
-5.6041565374471247e-02 -2.1919563063420355e-02 4.6695544733665884e-02 0
-5.7525213807821274e-02 -2.1919563063420355e-02 4.6695544733665884e-02 0
-5.6041565374471247e-02 -2.0423272624611855e-02 3.6556027829647064e-02 0
-5.7525213807821274e-02 -2.0423272624611855e-02 3.6556027829647064e-02 0
-5.6041565374471247e-02 -2.0423272624611855e-02 3.8004530244506896e-02 0
-5.7525213807821274e-02 -2.0423272624611855e-02 3.8004530244506896e-02 0
-5.6041565374471247e-02 -2.0423272624611855e-02 3.9453032659366727e-02 0
-5.7525213807821274e-02 -2.0423272624611855e-02 3.9453032659366727e-02 0
-5.6041565374471247e-02 -2.0423272624611855e-02 4.0901535074226558e-02 0
-5.7525213807821274e-02 -2.0423272624611855e-02 4.0901535074226558e-02 0
-5.6041565374471247e-02 -2.0423272624611855e-02 4.2350037489086390e-02 0
-5.7525213807821274e-02 -2.0423272624611855e-02 4.2350037489086390e-02 0
-5.6041565374471247e-02 -2.0423272624611855e-02 4.3798539903946221e-02 0
-5.7525213807821274e-02 -2.0423272624611855e-02 4.3798539903946221e-02 0
-5.6041565374471247e-02 -2.0423272624611855e-02 4.5247042318806052e-02 0
-5.7525213807821274e-02 -2.0423272624611855e-02 4.5247042318806052e-02 0
-5.6041565374471247e-02 -2.0423272624611855e-02 4.6695544733665884e-02 0
-5.7525213807821274e-02 -2.0423272624611855e-02 4.6695544733665884e-02 0
-5.6041565374471247e-02 -1.8926982185803354e-02 3.6556027829647064e-02 0
-5.7525213807821274e-02 -1.8926982185803354e-02 3.6556027829647064e-02 0
-5.6041565374471247e-02 -1.8926982185803354e-02 3.8004530244506896e-02 0
-5.7525213807821274e-02 -1.8926982185803354e-02 3.8004530244506896e-02 0
-5.6041565374471247e-02 -1.8926982185803354e-02 3.9453032659366727e-02 0
-5.7525213807821274e-02 -1.8926982185803354e-02 3.9453032659366727e-02 0
-5.6041565374471247e-02 -1.8926982185803354e-02 4.0901535074226558e-02 0
-5.7525213807821274e-02 -1.8926982185803354e-02 4.0901535074226558e-02 0
-5.6041565374471247e-02 -1.8926982185803354e-02 4.2350037489086390e-02 0
-5.7525213807821274e-02 -1.8926982185803354e-02 4.2350037489086390e-02 0
-5.6041565374471247e-02 -1.8926982185803354e-02 4.3798539903946221e-02 0
-5.7525213807821274e-02 -1.8926982185803354e-02 4.3798539903946221e-02 0
-5.6041565374471247e-02 -1.8926982185803354e-02 4.5247042318806052e-02 0
-5.7525213807821274e-02 -1.8926982185803354e-02 4.5247042318806052e-02 0
-5.6041565374471247e-02 -1.8926982185803354e-02 4.6695544733665884e-02 0
-5.7525213807821274e-02 -1.8926982185803354e-02 4.6695544733665884e-02 0
-5.6041565374471247e-02 -1.7430691746994853e-02 3.6556027829647064e-02 0
-5.7525213807821274e-02 -1.7430691746994853e-02 3.6556027829647064e-02 0
-5.6041565374471247e-02 -1.7430691746994853e-02 3.8004530244506896e-02 0
-5.7525213807821274e-02 -1.7430691746994853e-02 3.8004530244506896e-02 0
-5.6041565374471247e-02 -1.7430691746994853e-02 3.9453032659366727e-02 0
-5.7525213807821274e-02 -1.7430691746994853e-02 3.9453032659366727e-02 0
-5.6041565374471247e-02 -1.7430691746994853e-02 4.0901535074226558e-02 0
-5.7525213807821274e-02 -1.7430691746994853e-02 4.0901535074226558e-02 0
-5.6041565374471247e-02 -1.7430691746994853e-02 4.2350037489086390e-02 0
-5.7525213807821274e-02 -1.7430691746994853e-02 4.2350037489086390e-02 0
-5.6041565374471247e-02 -1.7430691746994853e-02 4.3798539903946221e-02 0
-5.7525213807821274e-02 -1.7430691746994853e-02 4.3798539903946221e-02 0
-5.6041565374471247e-02 -1.7430691746994853e-02 4.5247042318806052e-02 0
-5.7525213807821274e-02 -1.7430691746994853e-02 4.5247042318806052e-02 0
-5.6041565374471247e-02 -1.7430691746994853e-02 4.6695544733665884e-02 0
-5.7525213807821274e-02 -1.7430691746994853e-02 4.6695544733665884e-02 0
-5.6041565374471247e-02 -1.5934401308186352e-02 3.6556027829647064e-02 0
-5.7525213807821274e-02 -1.5934401308186352e-02 3.6556027829647064e-02 0
-5.6041565374471247e-02 -1.5934401308186352e-02 3.8004530244506896e-02 0
-5.7525213807821274e-02 -1.5934401308186352e-02 3.8004530244506896e-02 0
-5.6041565374471247e-02 -1.5934401308186352e-02 3.9453032659366727e-02 0
-5.7525213807821274e-02 -1.5934401308186352e-02 3.9453032659366727e-02 0
-5.6041565374471247e-02 -1.5934401308186352e-02 4.0901535074226558e-02 0
-5.7525213807821274e-02 -1.5934401308186352e-02 4.0901535074226558e-02 0
-5.6041565374471247e-02 -1.5934401308186352e-02 4.2350037489086390e-02 0
-5.7525213807821274e-02 -1.5934401308186352e-02 4.2350037489086390e-02 0
-5.6041565374471247e-02 -1.5934401308186352e-02 4.3798539903946221e-02 0
-5.7525213807821274e-02 -1.5934401308186352e-02 4.3798539903946221e-02 0
-5.6041565374471247e-02 -1.5934401308186352e-02 4.5247042318806052e-02 0
-5.7525213807821274e-02 -1.5934401308186352e-02 4.5247042318806052e-02 0
-5.6041565374471247e-02 -1.5934401308186352e-02 4.6695544733665884e-02 0
-5.7525213807821274e-02 -1.5934401308186352e-02 4.6695544733665884e-02 0
-5.6041565374471247e-02 -1.4438110869377851e-02 3.6556027829647064e-02 0
-5.7525213807821274e-02 -1.4438110869377851e-02 3.6556027829647064e-02 0
-5.6041565374471247e-02 -1.4438110869377851e-02 3.8004530244506896e-02 0
-5.7525213807821274e-02 -1.4438110869377851e-02 3.8004530244506896e-02 0
-5.6041565374471247e-02 -1.4438110869377851e-02 3.9453032659366727e-02 0
-5.7525213807821274e-02 -1.4438110869377851e-02 3.9453032659366727e-02 0
-5.6041565374471247e-02 -1.4438110869377851e-02 4.0901535074226558e-02 0
-5.7525213807821274e-02 -1.4438110869377851e-02 4.0901535074226558e-02 0
-5.6041565374471247e-02 -1.4438110869377851e-02 4.2350037489086390e-02 0
-5.7525213807821274e-02 -1.4438110869377851e-02 4.2350037489086390e-02 0
-5.6041565374471247e-02 -1.4438110869377851e-02 4.3798539903946221e-02 0
-5.7525213807821274e-02 -1.4438110869377851e-02 4.3798539903946221e-02 0
-5.6041565374471247e-02 -1.4438110869377851e-02 4.5247042318806052e-02 0
-5.7525213807821274e-02 -1.4438110869377851e-02 4.5247042318806052e-02 0
-5.6041565374471247e-02 -1.4438110869377851e-02 4.6695544733665884e-02 0
-5.7525213807821274e-02 -1.4438110869377851e-02 4.6695544733665884e-02 0
-5.6041565374471247e-02 -1.2941820430569351e-02 3.6556027829647064e-02 0
-5.7525213807821274e-02 -1.2941820430569351e-02 3.6556027829647064e-02 0
-5.6041565374471247e-02 -1.2941820430569351e-02 3.8004530244506896e-02 0
-5.7525213807821274e-02 -1.2941820430569351e-02 3.8004530244506896e-02 0
-5.6041565374471247e-02 -1.2941820430569351e-02 3.9453032659366727e-02 0
-5.7525213807821274e-02 -1.2941820430569351e-02 3.9453032659366727e-02 0
-5.6041565374471247e-02 -1.2941820430569351e-02 4.0901535074226558e-02 0
-5.7525213807821274e-02 -1.2941820430569351e-02 4.0901535074226558e-02 0
-5.6041565374471247e-02 -1.2941820430569351e-02 4.2350037489086390e-02 0
-5.7525213807821274e-02 -1.2941820430569351e-02 4.2350037489086390e-02 0
-5.6041565374471247e-02 -1.2941820430569351e-02 4.3798539903946221e-02 0
-5.7525213807821274e-02 -1.2941820430569351e-02 4.3798539903946221e-02 0
-5.6041565374471247e-02 -1.2941820430569351e-02 4.5247042318806052e-02 0
-5.7525213807821274e-02 -1.2941820430569351e-02 4.5247042318806052e-02 0
-5.6041565374471247e-02 -1.2941820430569351e-02 4.6695544733665884e-02 0
-5.7525213807821274e-02 -1.2941820430569351e-02 4.6695544733665884e-02 0
-5.6041565374471247e-02 -1.1445529991760850e-02 3.6556027829647064e-02 0
-5.7525213807821274e-02 -1.1445529991760850e-02 3.6556027829647064e-02 0
-5.6041565374471247e-02 -1.1445529991760850e-02 3.8004530244506896e-02 0
-5.7525213807821274e-02 -1.1445529991760850e-02 3.8004530244506896e-02 0
-5.6041565374471247e-02 -1.1445529991760850e-02 3.9453032659366727e-02 0
-5.7525213807821274e-02 -1.1445529991760850e-02 3.9453032659366727e-02 0
-5.6041565374471247e-02 -1.1445529991760850e-02 4.0901535074226558e-02 0
-5.7525213807821274e-02 -1.1445529991760850e-02 4.0901535074226558e-02 0
-5.6041565374471247e-02 -1.1445529991760850e-02 4.2350037489086390e-02 0
-5.7525213807821274e-02 -1.1445529991760850e-02 4.2350037489086390e-02 0
-5.6041565374471247e-02 -1.1445529991760850e-02 4.3798539903946221e-02 0
-5.7525213807821274e-02 -1.1445529991760850e-02 4.3798539903946221e-02 0
-5.6041565374471247e-02 -1.1445529991760850e-02 4.5247042318806052e-02 0
-5.7525213807821274e-02 -1.1445529991760850e-02 4.5247042318806052e-02 0
-5.6041565374471247e-02 -1.1445529991760850e-02 4.6695544733665884e-02 0
-5.7525213807821274e-02 -1.1445529991760850e-02 4.6695544733665884e-02 0
-5.6041565374471247e-02 -9.9492395529523492e-03 3.6556027829647064e-02 0
-5.7525213807821274e-02 -9.9492395529523492e-03 3.6556027829647064e-02 0
-5.6041565374471247e-02 -9.9492395529523492e-03 3.8004530244506896e-02 0
-5.7525213807821274e-02 -9.9492395529523492e-03 3.8004530244506896e-02 0
-5.6041565374471247e-02 -9.9492395529523492e-03 3.9453032659366727e-02 0
-5.7525213807821274e-02 -9.9492395529523492e-03 3.9453032659366727e-02 0
-5.6041565374471247e-02 -9.9492395529523492e-03 4.0901535074226558e-02 0
-5.7525213807821274e-02 -9.9492395529523492e-03 4.0901535074226558e-02 0
-5.6041565374471247e-02 -9.9492395529523492e-03 4.2350037489086390e-02 0
-5.7525213807821274e-02 -9.9492395529523492e-03 4.2350037489086390e-02 0
-5.6041565374471247e-02 -9.9492395529523492e-03 4.3798539903946221e-02 0
-5.7525213807821274e-02 -9.9492395529523492e-03 4.3798539903946221e-02 0
-5.6041565374471247e-02 -9.9492395529523492e-03 4.5247042318806052e-02 0
-5.7525213807821274e-02 -9.9492395529523492e-03 4.5247042318806052e-02 0
-5.6041565374471247e-02 -9.9492395529523492e-03 4.6695544733665884e-02 0
-5.7525213807821274e-02 -9.9492395529523492e-03 4.6695544733665884e-02 0
-5.6041565374471247e-02 -8.4529491141438484e-03 3.6556027829647064e-02 0
-5.7525213807821274e-02 -8.4529491141438484e-03 3.6556027829647064e-02 0
-5.6041565374471247e-02 -8.4529491141438484e-03 3.8004530244506896e-02 0
-5.7525213807821274e-02 -8.4529491141438484e-03 3.8004530244506896e-02 0
-5.6041565374471247e-02 -8.4529491141438484e-03 3.9453032659366727e-02 0
-5.7525213807821274e-02 -8.4529491141438484e-03 3.9453032659366727e-02 0
-5.6041565374471247e-02 -8.4529491141438484e-03 4.0901535074226558e-02 0
-5.7525213807821274e-02 -8.4529491141438484e-03 4.0901535074226558e-02 0
-5.6041565374471247e-02 -8.4529491141438484e-03 4.2350037489086390e-02 0
-5.7525213807821274e-02 -8.4529491141438484e-03 4.2350037489086390e-02 0
-5.6041565374471247e-02 -8.4529491141438484e-03 4.3798539903946221e-02 0
-5.7525213807821274e-02 -8.4529491141438484e-03 4.3798539903946221e-02 0
-5.6041565374471247e-02 -8.4529491141438484e-03 4.5247042318806052e-02 0
-5.7525213807821274e-02 -8.4529491141438484e-03 4.5247042318806052e-02 0
-5.6041565374471247e-02 -8.4529491141438484e-03 4.6695544733665884e-02 0
-5.7525213807821274e-02 -8.4529491141438484e-03 4.6695544733665884e-02 0
-5.6041565374471247e-02 -6.9566586753353477e-03 3.6556027829647064e-02 0
-5.7525213807821274e-02 -6.9566586753353477e-03 3.6556027829647064e-02 0
-5.6041565374471247e-02 -6.9566586753353477e-03 3.8004530244506896e-02 0
-5.7525213807821274e-02 -6.9566586753353477e-03 3.8004530244506896e-02 0
-5.6041565374471247e-02 -6.9566586753353477e-03 3.9453032659366727e-02 0
-5.7525213807821274e-02 -6.9566586753353477e-03 3.9453032659366727e-02 0
-5.6041565374471247e-02 -6.9566586753353477e-03 4.0901535074226558e-02 0
-5.7525213807821274e-02 -6.9566586753353477e-03 4.0901535074226558e-02 0
-5.6041565374471247e-02 -6.9566586753353477e-03 4.2350037489086390e-02 0
-5.7525213807821274e-02 -6.9566586753353477e-03 4.2350037489086390e-02 0
-5.6041565374471247e-02 -6.9566586753353477e-03 4.3798539903946221e-02 0
-5.7525213807821274e-02 -6.9566586753353477e-03 4.3798539903946221e-02 0
-5.6041565374471247e-02 -6.9566586753353477e-03 4.5247042318806052e-02 0
-5.7525213807821274e-02 -6.9566586753353477e-03 4.5247042318806052e-02 0
-5.6041565374471247e-02 -6.9566586753353477e-03 4.6695544733665884e-02 0
-5.7525213807821274e-02 -6.9566586753353477e-03 4.6695544733665884e-02 0
-5.6041565374471247e-02 -5.4603682365268469e-03 3.6556027829647064e-02 0
-5.7525213807821274e-02 -5.4603682365268469e-03 3.6556027829647064e-02 0
-5.6041565374471247e-02 -5.4603682365268469e-03 3.8004530244506896e-02 0
-5.7525213807821274e-02 -5.4603682365268469e-03 3.8004530244506896e-02 0
-5.6041565374471247e-02 -5.4603682365268469e-03 3.9453032659366727e-02 0
-5.7525213807821274e-02 -5.4603682365268469e-03 3.9453032659366727e-02 0
-5.6041565374471247e-02 -5.4603682365268469e-03 4.0901535074226558e-02 0
-5.7525213807821274e-02 -5.4603682365268469e-03 4.0901535074226558e-02 0
-5.6041565374471247e-02 -5.4603682365268469e-03 4.2350037489086390e-02 0
-5.7525213807821274e-02 -5.4603682365268469e-03 4.2350037489086390e-02 0
-5.6041565374471247e-02 -5.4603682365268469e-03 4.3798539903946221e-02 0
-5.7525213807821274e-02 -5.4603682365268469e-03 4.3798539903946221e-02 0
-5.6041565374471247e-02 -5.4603682365268469e-03 4.5247042318806052e-02 0
-5.7525213807821274e-02 -5.4603682365268469e-03 4.5247042318806052e-02 0
-5.6041565374471247e-02 -5.4603682365268469e-03 4.6695544733665884e-02 0
-5.7525213807821274e-02 -5.4603682365268469e-03 4.6695544733665884e-02 0
-5.6041565374471247e-02 -3.9640777977183461e-03 3.6556027829647064e-02 0
-5.7525213807821274e-02 -3.9640777977183461e-03 3.6556027829647064e-02 0
-5.6041565374471247e-02 -3.9640777977183461e-03 3.8004530244506896e-02 0
-5.7525213807821274e-02 -3.9640777977183461e-03 3.8004530244506896e-02 0
-5.6041565374471247e-02 -3.9640777977183461e-03 3.9453032659366727e-02 0
-5.7525213807821274e-02 -3.9640777977183461e-03 3.9453032659366727e-02 0
-5.6041565374471247e-02 -3.9640777977183461e-03 4.0901535074226558e-02 0
-5.7525213807821274e-02 -3.9640777977183461e-03 4.0901535074226558e-02 0
-5.6041565374471247e-02 -3.9640777977183461e-03 4.2350037489086390e-02 0
-5.7525213807821274e-02 -3.9640777977183461e-03 4.2350037489086390e-02 0
-5.6041565374471247e-02 -3.9640777977183461e-03 4.3798539903946221e-02 0
-5.7525213807821274e-02 -3.9640777977183461e-03 4.3798539903946221e-02 0
-5.6041565374471247e-02 -3.9640777977183461e-03 4.5247042318806052e-02 0
-5.7525213807821274e-02 -3.9640777977183461e-03 4.5247042318806052e-02 0
-5.6041565374471247e-02 -3.9640777977183461e-03 4.6695544733665884e-02 0
-5.7525213807821274e-02 -3.9640777977183461e-03 4.6695544733665884e-02 0
-5.6041565374471247e-02 -2.4677873589098454e-03 3.6556027829647064e-02 0
-5.7525213807821274e-02 -2.4677873589098454e-03 3.6556027829647064e-02 0
-5.6041565374471247e-02 -2.4677873589098454e-03 3.8004530244506896e-02 0
-5.7525213807821274e-02 -2.4677873589098454e-03 3.8004530244506896e-02 0
-5.6041565374471247e-02 -2.4677873589098454e-03 3.9453032659366727e-02 0
-5.7525213807821274e-02 -2.4677873589098454e-03 3.9453032659366727e-02 0
-5.6041565374471247e-02 -2.4677873589098454e-03 4.0901535074226558e-02 0
-5.7525213807821274e-02 -2.4677873589098454e-03 4.0901535074226558e-02 0
-5.6041565374471247e-02 -2.4677873589098454e-03 4.2350037489086390e-02 0
-5.7525213807821274e-02 -2.4677873589098454e-03 4.2350037489086390e-02 0
-5.6041565374471247e-02 -2.4677873589098454e-03 4.3798539903946221e-02 0
-5.7525213807821274e-02 -2.4677873589098454e-03 4.3798539903946221e-02 0
-5.6041565374471247e-02 -2.4677873589098454e-03 4.5247042318806052e-02 0
-5.7525213807821274e-02 -2.4677873589098454e-03 4.5247042318806052e-02 0
-5.6041565374471247e-02 -2.4677873589098454e-03 4.6695544733665884e-02 0
-5.7525213807821274e-02 -2.4677873589098454e-03 4.6695544733665884e-02 0
-5.6041565374471247e-02 -9.7149692010134459e-04 3.6556027829647064e-02 0
-5.7525213807821274e-02 -9.7149692010134459e-04 3.6556027829647064e-02 0
-5.6041565374471247e-02 -9.7149692010134459e-04 3.8004530244506896e-02 0
-5.7525213807821274e-02 -9.7149692010134459e-04 3.8004530244506896e-02 0
-5.6041565374471247e-02 -9.7149692010134459e-04 3.9453032659366727e-02 0
-5.7525213807821274e-02 -9.7149692010134459e-04 3.9453032659366727e-02 0
-5.6041565374471247e-02 -9.7149692010134459e-04 4.0901535074226558e-02 0
-5.7525213807821274e-02 -9.7149692010134459e-04 4.0901535074226558e-02 0
-5.6041565374471247e-02 -9.7149692010134459e-04 4.2350037489086390e-02 0
-5.7525213807821274e-02 -9.7149692010134459e-04 4.2350037489086390e-02 0
-5.6041565374471247e-02 -9.7149692010134459e-04 4.3798539903946221e-02 0
-5.7525213807821274e-02 -9.7149692010134459e-04 4.3798539903946221e-02 0
-5.6041565374471247e-02 -9.7149692010134459e-04 4.5247042318806052e-02 0
-5.7525213807821274e-02 -9.7149692010134459e-04 4.5247042318806052e-02 0
-5.6041565374471247e-02 -9.7149692010134459e-04 4.6695544733665884e-02 0
-5.7525213807821274e-02 -9.7149692010134459e-04 4.6695544733665884e-02 0
-5.6041565374471247e-02 5.2479351870715618e-04 3.6556027829647064e-02 0
-5.7525213807821274e-02 5.2479351870715618e-04 3.6556027829647064e-02 0
-5.6041565374471247e-02 5.2479351870715618e-04 3.8004530244506896e-02 0
-5.7525213807821274e-02 5.2479351870715618e-04 3.8004530244506896e-02 0
-5.6041565374471247e-02 5.2479351870715618e-04 3.9453032659366727e-02 0
-5.7525213807821274e-02 5.2479351870715618e-04 3.9453032659366727e-02 0
-5.6041565374471247e-02 5.2479351870715618e-04 4.0901535074226558e-02 0
-5.7525213807821274e-02 5.2479351870715618e-04 4.0901535074226558e-02 0
-5.6041565374471247e-02 5.2479351870715618e-04 4.2350037489086390e-02 0
-5.7525213807821274e-02 5.2479351870715618e-04 4.2350037489086390e-02 0
-5.6041565374471247e-02 5.2479351870715618e-04 4.3798539903946221e-02 0
-5.7525213807821274e-02 5.2479351870715618e-04 4.3798539903946221e-02 0
-5.6041565374471247e-02 5.2479351870715618e-04 4.5247042318806052e-02 0
-5.7525213807821274e-02 5.2479351870715618e-04 4.5247042318806052e-02 0
-5.6041565374471247e-02 5.2479351870715618e-04 4.6695544733665884e-02 0
-5.7525213807821274e-02 5.2479351870715618e-04 4.6695544733665884e-02 0
-5.6041565374471247e-02 2.0210839575156569e-03 3.6556027829647064e-02 0
-5.7525213807821274e-02 2.0210839575156569e-03 3.6556027829647064e-02 0
-5.6041565374471247e-02 2.0210839575156569e-03 3.8004530244506896e-02 0
-5.7525213807821274e-02 2.0210839575156569e-03 3.8004530244506896e-02 0
-5.6041565374471247e-02 2.0210839575156569e-03 3.9453032659366727e-02 0
-5.7525213807821274e-02 2.0210839575156569e-03 3.9453032659366727e-02 0
-5.6041565374471247e-02 2.0210839575156569e-03 4.0901535074226558e-02 0
-5.7525213807821274e-02 2.0210839575156569e-03 4.0901535074226558e-02 0
-5.6041565374471247e-02 2.0210839575156569e-03 4.2350037489086390e-02 0
-5.7525213807821274e-02 2.0210839575156569e-03 4.2350037489086390e-02 0
-5.6041565374471247e-02 2.0210839575156569e-03 4.3798539903946221e-02 0
-5.7525213807821274e-02 2.0210839575156569e-03 4.3798539903946221e-02 0
-5.6041565374471247e-02 2.0210839575156569e-03 4.5247042318806052e-02 0
-5.7525213807821274e-02 2.0210839575156569e-03 4.5247042318806052e-02 0
-5.6041565374471247e-02 2.0210839575156569e-03 4.6695544733665884e-02 0
-5.7525213807821274e-02 2.0210839575156569e-03 4.6695544733665884e-02 0
-5.6041565374471247e-02 3.5173743963241577e-03 3.6556027829647064e-02 0
-5.7525213807821274e-02 3.5173743963241577e-03 3.6556027829647064e-02 0
-5.6041565374471247e-02 3.5173743963241577e-03 3.8004530244506896e-02 0
-5.7525213807821274e-02 3.5173743963241577e-03 3.8004530244506896e-02 0
-5.6041565374471247e-02 3.5173743963241577e-03 3.9453032659366727e-02 0
-5.7525213807821274e-02 3.5173743963241577e-03 3.9453032659366727e-02 0
-5.6041565374471247e-02 3.5173743963241577e-03 4.0901535074226558e-02 0
-5.7525213807821274e-02 3.5173743963241577e-03 4.0901535074226558e-02 0
-5.6041565374471247e-02 3.5173743963241577e-03 4.2350037489086390e-02 0
-5.7525213807821274e-02 3.5173743963241577e-03 4.2350037489086390e-02 0
-5.6041565374471247e-02 3.5173743963241577e-03 4.3798539903946221e-02 0
-5.7525213807821274e-02 3.5173743963241577e-03 4.3798539903946221e-02 0
-5.6041565374471247e-02 3.5173743963241577e-03 4.5247042318806052e-02 0
-5.7525213807821274e-02 3.5173743963241577e-03 4.5247042318806052e-02 0
-5.6041565374471247e-02 3.5173743963241577e-03 4.6695544733665884e-02 0
-5.7525213807821274e-02 3.5173743963241577e-03 4.6695544733665884e-02 0
-5.6041565374471247e-02 5.0136648351326585e-03 3.6556027829647064e-02 0
-5.7525213807821274e-02 5.0136648351326585e-03 3.6556027829647064e-02 0
-5.6041565374471247e-02 5.0136648351326585e-03 3.8004530244506896e-02 0
-5.7525213807821274e-02 5.0136648351326585e-03 3.8004530244506896e-02 0
-5.6041565374471247e-02 5.0136648351326585e-03 3.9453032659366727e-02 0
-5.7525213807821274e-02 5.0136648351326585e-03 3.9453032659366727e-02 0
-5.6041565374471247e-02 5.0136648351326585e-03 4.0901535074226558e-02 0
-5.7525213807821274e-02 5.0136648351326585e-03 4.0901535074226558e-02 0
-5.6041565374471247e-02 5.0136648351326585e-03 4.2350037489086390e-02 0
-5.7525213807821274e-02 5.0136648351326585e-03 4.2350037489086390e-02 0
-5.6041565374471247e-02 5.0136648351326585e-03 4.3798539903946221e-02 0
-5.7525213807821274e-02 5.0136648351326585e-03 4.3798539903946221e-02 0
-5.6041565374471247e-02 5.0136648351326585e-03 4.5247042318806052e-02 0
-5.7525213807821274e-02 5.0136648351326585e-03 4.5247042318806052e-02 0
-5.6041565374471247e-02 5.0136648351326585e-03 4.6695544733665884e-02 0
-5.7525213807821274e-02 5.0136648351326585e-03 4.6695544733665884e-02 0
-5.6041565374471247e-02 6.5099552739411592e-03 3.6556027829647064e-02 0
-5.7525213807821274e-02 6.5099552739411592e-03 3.6556027829647064e-02 0
-5.6041565374471247e-02 6.5099552739411592e-03 3.8004530244506896e-02 0
-5.7525213807821274e-02 6.5099552739411592e-03 3.8004530244506896e-02 0
-5.6041565374471247e-02 6.5099552739411592e-03 3.9453032659366727e-02 0
-5.7525213807821274e-02 6.5099552739411592e-03 3.9453032659366727e-02 0
-5.6041565374471247e-02 6.5099552739411592e-03 4.0901535074226558e-02 0
-5.7525213807821274e-02 6.5099552739411592e-03 4.0901535074226558e-02 0
-5.6041565374471247e-02 6.5099552739411592e-03 4.2350037489086390e-02 0
-5.7525213807821274e-02 6.5099552739411592e-03 4.2350037489086390e-02 0
-5.6041565374471247e-02 6.5099552739411592e-03 4.3798539903946221e-02 0
-5.7525213807821274e-02 6.5099552739411592e-03 4.3798539903946221e-02 0
-5.6041565374471247e-02 6.5099552739411592e-03 4.5247042318806052e-02 0
-5.7525213807821274e-02 6.5099552739411592e-03 4.5247042318806052e-02 0
-5.6041565374471247e-02 6.5099552739411592e-03 4.6695544733665884e-02 0
-5.7525213807821274e-02 6.5099552739411592e-03 4.6695544733665884e-02 0
-5.6041565374471247e-02 8.0062457127496600e-03 3.6556027829647064e-02 0
-5.7525213807821274e-02 8.0062457127496600e-03 3.6556027829647064e-02 0
-5.6041565374471247e-02 8.0062457127496600e-03 3.8004530244506896e-02 0
-5.7525213807821274e-02 8.0062457127496600e-03 3.8004530244506896e-02 0
-5.6041565374471247e-02 8.0062457127496600e-03 3.9453032659366727e-02 0
-5.7525213807821274e-02 8.0062457127496600e-03 3.9453032659366727e-02 0
-5.6041565374471247e-02 8.0062457127496600e-03 4.0901535074226558e-02 0
-5.7525213807821274e-02 8.0062457127496600e-03 4.0901535074226558e-02 0
-5.6041565374471247e-02 8.0062457127496600e-03 4.2350037489086390e-02 0
-5.7525213807821274e-02 8.0062457127496600e-03 4.2350037489086390e-02 0
-5.6041565374471247e-02 8.0062457127496600e-03 4.3798539903946221e-02 0
-5.7525213807821274e-02 8.0062457127496600e-03 4.3798539903946221e-02 0
-5.6041565374471247e-02 8.0062457127496600e-03 4.5247042318806052e-02 0
-5.7525213807821274e-02 8.0062457127496600e-03 4.5247042318806052e-02 0
-5.6041565374471247e-02 8.0062457127496600e-03 4.6695544733665884e-02 0
-5.7525213807821274e-02 8.0062457127496600e-03 4.6695544733665884e-02 0
-5.6041565374471247e-02 9.5025361515581608e-03 3.6556027829647064e-02 0
-5.7525213807821274e-02 9.5025361515581608e-03 3.6556027829647064e-02 0
-5.6041565374471247e-02 9.5025361515581608e-03 3.8004530244506896e-02 0
-5.7525213807821274e-02 9.5025361515581608e-03 3.8004530244506896e-02 0
-5.6041565374471247e-02 9.5025361515581608e-03 3.9453032659366727e-02 0
-5.7525213807821274e-02 9.5025361515581608e-03 3.9453032659366727e-02 0
-5.6041565374471247e-02 9.5025361515581608e-03 4.0901535074226558e-02 0
-5.7525213807821274e-02 9.5025361515581608e-03 4.0901535074226558e-02 0
-5.6041565374471247e-02 9.5025361515581608e-03 4.2350037489086390e-02 0
-5.7525213807821274e-02 9.5025361515581608e-03 4.2350037489086390e-02 0
-5.6041565374471247e-02 9.5025361515581608e-03 4.3798539903946221e-02 0
-5.7525213807821274e-02 9.5025361515581608e-03 4.3798539903946221e-02 0
-5.6041565374471247e-02 9.5025361515581608e-03 4.5247042318806052e-02 0
-5.7525213807821274e-02 9.5025361515581608e-03 4.5247042318806052e-02 0
-5.6041565374471247e-02 9.5025361515581608e-03 4.6695544733665884e-02 0
-5.7525213807821274e-02 9.5025361515581608e-03 4.6695544733665884e-02 0
-5.6041565374471247e-02 1.0998826590366662e-02 3.6556027829647064e-02 0
-5.7525213807821274e-02 1.0998826590366662e-02 3.6556027829647064e-02 0
-5.6041565374471247e-02 1.0998826590366662e-02 3.8004530244506896e-02 0
-5.7525213807821274e-02 1.0998826590366662e-02 3.8004530244506896e-02 0
-5.6041565374471247e-02 1.0998826590366662e-02 3.9453032659366727e-02 0
-5.7525213807821274e-02 1.0998826590366662e-02 3.9453032659366727e-02 0
-5.6041565374471247e-02 1.0998826590366662e-02 4.0901535074226558e-02 0
-5.7525213807821274e-02 1.0998826590366662e-02 4.0901535074226558e-02 0
-5.6041565374471247e-02 1.0998826590366662e-02 4.2350037489086390e-02 0
-5.7525213807821274e-02 1.0998826590366662e-02 4.2350037489086390e-02 0
-5.6041565374471247e-02 1.0998826590366662e-02 4.3798539903946221e-02 0
-5.7525213807821274e-02 1.0998826590366662e-02 4.3798539903946221e-02 0
-5.6041565374471247e-02 1.0998826590366662e-02 4.5247042318806052e-02 0
-5.7525213807821274e-02 1.0998826590366662e-02 4.5247042318806052e-02 0
-5.6041565374471247e-02 1.0998826590366662e-02 4.6695544733665884e-02 0
-5.7525213807821274e-02 1.0998826590366662e-02 4.6695544733665884e-02 0
-5.6041565374471247e-02 1.2495117029175162e-02 3.6556027829647064e-02 0
-5.7525213807821274e-02 1.2495117029175162e-02 3.6556027829647064e-02 0
-5.6041565374471247e-02 1.2495117029175162e-02 3.8004530244506896e-02 0
-5.7525213807821274e-02 1.2495117029175162e-02 3.8004530244506896e-02 0
-5.6041565374471247e-02 1.2495117029175162e-02 3.9453032659366727e-02 0
-5.7525213807821274e-02 1.2495117029175162e-02 3.9453032659366727e-02 0
-5.6041565374471247e-02 1.2495117029175162e-02 4.0901535074226558e-02 0
-5.7525213807821274e-02 1.2495117029175162e-02 4.0901535074226558e-02 0
-5.6041565374471247e-02 1.2495117029175162e-02 4.2350037489086390e-02 0
-5.7525213807821274e-02 1.2495117029175162e-02 4.2350037489086390e-02 0
-5.6041565374471247e-02 1.2495117029175162e-02 4.3798539903946221e-02 0
-5.7525213807821274e-02 1.2495117029175162e-02 4.3798539903946221e-02 0
-5.6041565374471247e-02 1.2495117029175162e-02 4.5247042318806052e-02 0
-5.7525213807821274e-02 1.2495117029175162e-02 4.5247042318806052e-02 0
-5.6041565374471247e-02 1.2495117029175162e-02 4.6695544733665884e-02 0
-5.7525213807821274e-02 1.2495117029175162e-02 4.6695544733665884e-02 0
-5.6041565374471247e-02 1.3991407467983663e-02 3.6556027829647064e-02 0
-5.7525213807821274e-02 1.3991407467983663e-02 3.6556027829647064e-02 0
-5.6041565374471247e-02 1.3991407467983663e-02 3.8004530244506896e-02 0
-5.7525213807821274e-02 1.3991407467983663e-02 3.8004530244506896e-02 0
-5.6041565374471247e-02 1.3991407467983663e-02 3.9453032659366727e-02 0
-5.7525213807821274e-02 1.3991407467983663e-02 3.9453032659366727e-02 0
-5.6041565374471247e-02 1.3991407467983663e-02 4.0901535074226558e-02 0
-5.7525213807821274e-02 1.3991407467983663e-02 4.0901535074226558e-02 0
-5.6041565374471247e-02 1.3991407467983663e-02 4.2350037489086390e-02 0
-5.7525213807821274e-02 1.3991407467983663e-02 4.2350037489086390e-02 0
-5.6041565374471247e-02 1.3991407467983663e-02 4.3798539903946221e-02 0
-5.7525213807821274e-02 1.3991407467983663e-02 4.3798539903946221e-02 0
-5.6041565374471247e-02 1.3991407467983663e-02 4.5247042318806052e-02 0
-5.7525213807821274e-02 1.3991407467983663e-02 4.5247042318806052e-02 0
-5.6041565374471247e-02 1.3991407467983663e-02 4.6695544733665884e-02 0
-5.7525213807821274e-02 1.3991407467983663e-02 4.6695544733665884e-02 0
-5.6041565374471247e-02 1.5487697906792164e-02 3.6556027829647064e-02 0
-5.7525213807821274e-02 1.5487697906792164e-02 3.6556027829647064e-02 0
-5.6041565374471247e-02 1.5487697906792164e-02 3.8004530244506896e-02 0
-5.7525213807821274e-02 1.5487697906792164e-02 3.8004530244506896e-02 0
-5.6041565374471247e-02 1.5487697906792164e-02 3.9453032659366727e-02 0
-5.7525213807821274e-02 1.5487697906792164e-02 3.9453032659366727e-02 0
-5.6041565374471247e-02 1.5487697906792164e-02 4.0901535074226558e-02 0
-5.7525213807821274e-02 1.5487697906792164e-02 4.0901535074226558e-02 0
-5.6041565374471247e-02 1.5487697906792164e-02 4.2350037489086390e-02 0
-5.7525213807821274e-02 1.5487697906792164e-02 4.2350037489086390e-02 0
-5.6041565374471247e-02 1.5487697906792164e-02 4.3798539903946221e-02 0
-5.7525213807821274e-02 1.5487697906792164e-02 4.3798539903946221e-02 0
-5.6041565374471247e-02 1.5487697906792164e-02 4.5247042318806052e-02 0
-5.7525213807821274e-02 1.5487697906792164e-02 4.5247042318806052e-02 0
-5.6041565374471247e-02 1.5487697906792164e-02 4.6695544733665884e-02 0
-5.7525213807821274e-02 1.5487697906792164e-02 4.6695544733665884e-02 0
-5.6041565374471247e-02 1.6983988345600665e-02 3.6556027829647064e-02 0
-5.7525213807821274e-02 1.6983988345600665e-02 3.6556027829647064e-02 0
-5.6041565374471247e-02 1.6983988345600665e-02 3.8004530244506896e-02 0
-5.7525213807821274e-02 1.6983988345600665e-02 3.8004530244506896e-02 0
-5.6041565374471247e-02 1.6983988345600665e-02 3.9453032659366727e-02 0
-5.7525213807821274e-02 1.6983988345600665e-02 3.9453032659366727e-02 0
-5.6041565374471247e-02 1.6983988345600665e-02 4.0901535074226558e-02 0
-5.7525213807821274e-02 1.6983988345600665e-02 4.0901535074226558e-02 0
-5.6041565374471247e-02 1.6983988345600665e-02 4.2350037489086390e-02 0
-5.7525213807821274e-02 1.6983988345600665e-02 4.2350037489086390e-02 0
-5.6041565374471247e-02 1.6983988345600665e-02 4.3798539903946221e-02 0
-5.7525213807821274e-02 1.6983988345600665e-02 4.3798539903946221e-02 0
-5.6041565374471247e-02 1.6983988345600665e-02 4.5247042318806052e-02 0
-5.7525213807821274e-02 1.6983988345600665e-02 4.5247042318806052e-02 0
-5.6041565374471247e-02 1.6983988345600665e-02 4.6695544733665884e-02 0
-5.7525213807821274e-02 1.6983988345600665e-02 4.6695544733665884e-02 0
-5.6041565374471247e-02 1.8480278784409165e-02 3.6556027829647064e-02 0
-5.7525213807821274e-02 1.8480278784409165e-02 3.6556027829647064e-02 0
-5.6041565374471247e-02 1.8480278784409165e-02 3.8004530244506896e-02 0
-5.7525213807821274e-02 1.8480278784409165e-02 3.8004530244506896e-02 0
-5.6041565374471247e-02 1.8480278784409165e-02 3.9453032659366727e-02 0
-5.7525213807821274e-02 1.8480278784409165e-02 3.9453032659366727e-02 0
-5.6041565374471247e-02 1.8480278784409165e-02 4.0901535074226558e-02 0
-5.7525213807821274e-02 1.8480278784409165e-02 4.0901535074226558e-02 0
-5.6041565374471247e-02 1.8480278784409165e-02 4.2350037489086390e-02 0
-5.7525213807821274e-02 1.8480278784409165e-02 4.2350037489086390e-02 0
-5.6041565374471247e-02 1.8480278784409165e-02 4.3798539903946221e-02 0
-5.7525213807821274e-02 1.8480278784409165e-02 4.3798539903946221e-02 0
-5.6041565374471247e-02 1.8480278784409165e-02 4.5247042318806052e-02 0
-5.7525213807821274e-02 1.8480278784409165e-02 4.5247042318806052e-02 0
-5.6041565374471247e-02 1.8480278784409165e-02 4.6695544733665884e-02 0
-5.7525213807821274e-02 1.8480278784409165e-02 4.6695544733665884e-02 0
-5.6041565374471247e-02 1.9976569223217666e-02 3.6556027829647064e-02 0
-5.7525213807821274e-02 1.9976569223217666e-02 3.6556027829647064e-02 0
-5.6041565374471247e-02 1.9976569223217666e-02 3.8004530244506896e-02 0
-5.7525213807821274e-02 1.9976569223217666e-02 3.8004530244506896e-02 0
-5.6041565374471247e-02 1.9976569223217666e-02 3.9453032659366727e-02 0
-5.7525213807821274e-02 1.9976569223217666e-02 3.9453032659366727e-02 0
-5.6041565374471247e-02 1.9976569223217666e-02 4.0901535074226558e-02 0
-5.7525213807821274e-02 1.9976569223217666e-02 4.0901535074226558e-02 0
-5.6041565374471247e-02 1.9976569223217666e-02 4.2350037489086390e-02 0
-5.7525213807821274e-02 1.9976569223217666e-02 4.2350037489086390e-02 0
-5.6041565374471247e-02 1.9976569223217666e-02 4.3798539903946221e-02 0
-5.7525213807821274e-02 1.9976569223217666e-02 4.3798539903946221e-02 0
-5.6041565374471247e-02 1.9976569223217666e-02 4.5247042318806052e-02 0
-5.7525213807821274e-02 1.9976569223217666e-02 4.5247042318806052e-02 0
-5.6041565374471247e-02 1.9976569223217666e-02 4.6695544733665884e-02 0
-5.7525213807821274e-02 1.9976569223217666e-02 4.6695544733665884e-02 0
-5.6041565374471247e-02 2.1472859662026167e-02 3.6556027829647064e-02 0
-5.7525213807821274e-02 2.1472859662026167e-02 3.6556027829647064e-02 0
-5.6041565374471247e-02 2.1472859662026167e-02 3.8004530244506896e-02 0
-5.7525213807821274e-02 2.1472859662026167e-02 3.8004530244506896e-02 0
-5.6041565374471247e-02 2.1472859662026167e-02 3.9453032659366727e-02 0
-5.7525213807821274e-02 2.1472859662026167e-02 3.9453032659366727e-02 0
-5.6041565374471247e-02 2.1472859662026167e-02 4.0901535074226558e-02 0
-5.7525213807821274e-02 2.1472859662026167e-02 4.0901535074226558e-02 0
-5.6041565374471247e-02 2.1472859662026167e-02 4.2350037489086390e-02 0
-5.7525213807821274e-02 2.1472859662026167e-02 4.2350037489086390e-02 0
-5.6041565374471247e-02 2.1472859662026167e-02 4.3798539903946221e-02 0
-5.7525213807821274e-02 2.1472859662026167e-02 4.3798539903946221e-02 0
-5.6041565374471247e-02 2.1472859662026167e-02 4.5247042318806052e-02 0
-5.7525213807821274e-02 2.1472859662026167e-02 4.5247042318806052e-02 0
-5.6041565374471247e-02 2.1472859662026167e-02 4.6695544733665884e-02 0
-5.7525213807821274e-02 2.1472859662026167e-02 4.6695544733665884e-02 0
-5.4557916941121221e-02 -4.4363919645547867e-02 3.6556027829647064e-02 0
-5.4557916941121221e-02 -4.2867629206739366e-02 3.6556027829647064e-02 0
-5.4557916941121221e-02 -4.4363919645547867e-02 3.8004530244506896e-02 0
-5.4557916941121221e-02 -4.2867629206739366e-02 3.8004530244506896e-02 0
-5.4557916941121221e-02 -4.4363919645547867e-02 3.9453032659366727e-02 0
-5.4557916941121221e-02 -4.2867629206739366e-02 3.9453032659366727e-02 0
-5.4557916941121221e-02 -4.4363919645547867e-02 4.0901535074226558e-02 0
-5.4557916941121221e-02 -4.2867629206739366e-02 4.0901535074226558e-02 0
-5.4557916941121221e-02 -4.4363919645547867e-02 4.2350037489086390e-02 0
-5.4557916941121221e-02 -4.2867629206739366e-02 4.2350037489086390e-02 0
-5.4557916941121221e-02 -4.4363919645547867e-02 4.3798539903946221e-02 0
-5.4557916941121221e-02 -4.2867629206739366e-02 4.3798539903946221e-02 0
-5.4557916941121221e-02 -4.4363919645547867e-02 4.5247042318806052e-02 0
-5.4557916941121221e-02 -4.2867629206739366e-02 4.5247042318806052e-02 0
-5.4557916941121221e-02 -4.4363919645547867e-02 4.6695544733665884e-02 0
-5.4557916941121221e-02 -4.2867629206739366e-02 4.6695544733665884e-02 0
-5.4557916941121221e-02 -4.1371338767930865e-02 3.6556027829647064e-02 0
-5.4557916941121221e-02 -4.1371338767930865e-02 3.8004530244506896e-02 0
-5.4557916941121221e-02 -4.1371338767930865e-02 3.9453032659366727e-02 0
-5.4557916941121221e-02 -4.1371338767930865e-02 4.0901535074226558e-02 0
-5.4557916941121221e-02 -4.1371338767930865e-02 4.2350037489086390e-02 0
-5.4557916941121221e-02 -4.1371338767930865e-02 4.3798539903946221e-02 0
-5.4557916941121221e-02 -4.1371338767930865e-02 4.5247042318806052e-02 0
-5.4557916941121221e-02 -4.1371338767930865e-02 4.6695544733665884e-02 0
-5.4557916941121221e-02 -3.9875048329122365e-02 3.6556027829647064e-02 0
-5.4557916941121221e-02 -3.9875048329122365e-02 3.8004530244506896e-02 0
-5.4557916941121221e-02 -3.9875048329122365e-02 3.9453032659366727e-02 0
-5.4557916941121221e-02 -3.9875048329122365e-02 4.0901535074226558e-02 0
-5.4557916941121221e-02 -3.9875048329122365e-02 4.2350037489086390e-02 0
-5.4557916941121221e-02 -3.9875048329122365e-02 4.3798539903946221e-02 0
-5.4557916941121221e-02 -3.9875048329122365e-02 4.5247042318806052e-02 0
-5.4557916941121221e-02 -3.9875048329122365e-02 4.6695544733665884e-02 0
-5.4557916941121221e-02 -3.8378757890313864e-02 3.6556027829647064e-02 0
-5.4557916941121221e-02 -3.8378757890313864e-02 3.8004530244506896e-02 0
-5.4557916941121221e-02 -3.8378757890313864e-02 3.9453032659366727e-02 0
-5.4557916941121221e-02 -3.8378757890313864e-02 4.0901535074226558e-02 0
-5.4557916941121221e-02 -3.8378757890313864e-02 4.2350037489086390e-02 0
-5.4557916941121221e-02 -3.8378757890313864e-02 4.3798539903946221e-02 0
-5.4557916941121221e-02 -3.8378757890313864e-02 4.5247042318806052e-02 0
-5.4557916941121221e-02 -3.8378757890313864e-02 4.6695544733665884e-02 0
-5.4557916941121221e-02 -3.6882467451505363e-02 3.6556027829647064e-02 0
-5.4557916941121221e-02 -3.6882467451505363e-02 3.8004530244506896e-02 0
-5.4557916941121221e-02 -3.6882467451505363e-02 3.9453032659366727e-02 0
-5.4557916941121221e-02 -3.6882467451505363e-02 4.0901535074226558e-02 0
-5.4557916941121221e-02 -3.6882467451505363e-02 4.2350037489086390e-02 0
-5.4557916941121221e-02 -3.6882467451505363e-02 4.3798539903946221e-02 0
-5.4557916941121221e-02 -3.6882467451505363e-02 4.5247042318806052e-02 0
-5.4557916941121221e-02 -3.6882467451505363e-02 4.6695544733665884e-02 0
-5.4557916941121221e-02 -3.5386177012696862e-02 3.6556027829647064e-02 0
-5.4557916941121221e-02 -3.5386177012696862e-02 3.8004530244506896e-02 0
-5.4557916941121221e-02 -3.5386177012696862e-02 3.9453032659366727e-02 0
-5.4557916941121221e-02 -3.5386177012696862e-02 4.0901535074226558e-02 0
-5.4557916941121221e-02 -3.5386177012696862e-02 4.2350037489086390e-02 0
-5.4557916941121221e-02 -3.5386177012696862e-02 4.3798539903946221e-02 0
-5.4557916941121221e-02 -3.5386177012696862e-02 4.5247042318806052e-02 0
-5.4557916941121221e-02 -3.5386177012696862e-02 4.6695544733665884e-02 0
-5.4557916941121221e-02 -3.3889886573888361e-02 3.6556027829647064e-02 0
-5.4557916941121221e-02 -3.3889886573888361e-02 3.8004530244506896e-02 0
-5.4557916941121221e-02 -3.3889886573888361e-02 3.9453032659366727e-02 0
-5.4557916941121221e-02 -3.3889886573888361e-02 4.0901535074226558e-02 0
-5.4557916941121221e-02 -3.3889886573888361e-02 4.2350037489086390e-02 0
-5.4557916941121221e-02 -3.3889886573888361e-02 4.3798539903946221e-02 0
-5.4557916941121221e-02 -3.3889886573888361e-02 4.5247042318806052e-02 0
-5.4557916941121221e-02 -3.3889886573888361e-02 4.6695544733665884e-02 0
-5.4557916941121221e-02 -3.2393596135079861e-02 3.6556027829647064e-02 0
-5.4557916941121221e-02 -3.2393596135079861e-02 3.8004530244506896e-02 0
-5.4557916941121221e-02 -3.2393596135079861e-02 3.9453032659366727e-02 0
-5.4557916941121221e-02 -3.2393596135079861e-02 4.0901535074226558e-02 0
-5.4557916941121221e-02 -3.2393596135079861e-02 4.2350037489086390e-02 0
-5.4557916941121221e-02 -3.2393596135079861e-02 4.3798539903946221e-02 0
-5.4557916941121221e-02 -3.2393596135079861e-02 4.5247042318806052e-02 0
-5.4557916941121221e-02 -3.2393596135079861e-02 4.6695544733665884e-02 0
-5.4557916941121221e-02 -3.0897305696271360e-02 3.6556027829647064e-02 0
-5.4557916941121221e-02 -3.0897305696271360e-02 3.8004530244506896e-02 0
-5.4557916941121221e-02 -3.0897305696271360e-02 3.9453032659366727e-02 0
-5.4557916941121221e-02 -3.0897305696271360e-02 4.0901535074226558e-02 0
-5.4557916941121221e-02 -3.0897305696271360e-02 4.2350037489086390e-02 0
-5.4557916941121221e-02 -3.0897305696271360e-02 4.3798539903946221e-02 0
-5.4557916941121221e-02 -3.0897305696271360e-02 4.5247042318806052e-02 0
-5.4557916941121221e-02 -3.0897305696271360e-02 4.6695544733665884e-02 0
-5.4557916941121221e-02 -2.9401015257462859e-02 3.6556027829647064e-02 0
-5.4557916941121221e-02 -2.9401015257462859e-02 3.8004530244506896e-02 0
-5.4557916941121221e-02 -2.9401015257462859e-02 3.9453032659366727e-02 0
-5.4557916941121221e-02 -2.9401015257462859e-02 4.0901535074226558e-02 0
-5.4557916941121221e-02 -2.9401015257462859e-02 4.2350037489086390e-02 0
-5.4557916941121221e-02 -2.9401015257462859e-02 4.3798539903946221e-02 0
-5.4557916941121221e-02 -2.9401015257462859e-02 4.5247042318806052e-02 0
-5.4557916941121221e-02 -2.9401015257462859e-02 4.6695544733665884e-02 0
-5.4557916941121221e-02 -2.7904724818654358e-02 3.6556027829647064e-02 0
-5.4557916941121221e-02 -2.7904724818654358e-02 3.8004530244506896e-02 0
-5.4557916941121221e-02 -2.7904724818654358e-02 3.9453032659366727e-02 0
-5.4557916941121221e-02 -2.7904724818654358e-02 4.0901535074226558e-02 0
-5.4557916941121221e-02 -2.7904724818654358e-02 4.2350037489086390e-02 0
-5.4557916941121221e-02 -2.7904724818654358e-02 4.3798539903946221e-02 0
-5.4557916941121221e-02 -2.7904724818654358e-02 4.5247042318806052e-02 0
-5.4557916941121221e-02 -2.7904724818654358e-02 4.6695544733665884e-02 0
-5.4557916941121221e-02 -2.6408434379845858e-02 3.6556027829647064e-02 0
-5.4557916941121221e-02 -2.6408434379845858e-02 3.8004530244506896e-02 0
-5.4557916941121221e-02 -2.6408434379845858e-02 3.9453032659366727e-02 0
-5.4557916941121221e-02 -2.6408434379845858e-02 4.0901535074226558e-02 0
-5.4557916941121221e-02 -2.6408434379845858e-02 4.2350037489086390e-02 0
-5.4557916941121221e-02 -2.6408434379845858e-02 4.3798539903946221e-02 0
-5.4557916941121221e-02 -2.6408434379845858e-02 4.5247042318806052e-02 0
-5.4557916941121221e-02 -2.6408434379845858e-02 4.6695544733665884e-02 0
-5.4557916941121221e-02 -2.4912143941037357e-02 3.6556027829647064e-02 0
-5.4557916941121221e-02 -2.4912143941037357e-02 3.8004530244506896e-02 0
-5.4557916941121221e-02 -2.4912143941037357e-02 3.9453032659366727e-02 0
-5.4557916941121221e-02 -2.4912143941037357e-02 4.0901535074226558e-02 0
-5.4557916941121221e-02 -2.4912143941037357e-02 4.2350037489086390e-02 0
-5.4557916941121221e-02 -2.4912143941037357e-02 4.3798539903946221e-02 0
-5.4557916941121221e-02 -2.4912143941037357e-02 4.5247042318806052e-02 0
-5.4557916941121221e-02 -2.4912143941037357e-02 4.6695544733665884e-02 0
-5.4557916941121221e-02 -2.3415853502228856e-02 3.6556027829647064e-02 0
-5.4557916941121221e-02 -2.3415853502228856e-02 3.8004530244506896e-02 0
-5.4557916941121221e-02 -2.3415853502228856e-02 3.9453032659366727e-02 0
-5.4557916941121221e-02 -2.3415853502228856e-02 4.0901535074226558e-02 0
-5.4557916941121221e-02 -2.3415853502228856e-02 4.2350037489086390e-02 0
-5.4557916941121221e-02 -2.3415853502228856e-02 4.3798539903946221e-02 0
-5.4557916941121221e-02 -2.3415853502228856e-02 4.5247042318806052e-02 0
-5.4557916941121221e-02 -2.3415853502228856e-02 4.6695544733665884e-02 0
-5.4557916941121221e-02 -2.1919563063420355e-02 3.6556027829647064e-02 0
-5.4557916941121221e-02 -2.1919563063420355e-02 3.8004530244506896e-02 0
-5.4557916941121221e-02 -2.1919563063420355e-02 3.9453032659366727e-02 0
-5.4557916941121221e-02 -2.1919563063420355e-02 4.0901535074226558e-02 0
-5.4557916941121221e-02 -2.1919563063420355e-02 4.2350037489086390e-02 0
-5.4557916941121221e-02 -2.1919563063420355e-02 4.3798539903946221e-02 0
-5.4557916941121221e-02 -2.1919563063420355e-02 4.5247042318806052e-02 0
-5.4557916941121221e-02 -2.1919563063420355e-02 4.6695544733665884e-02 0
-5.4557916941121221e-02 -2.0423272624611855e-02 3.6556027829647064e-02 0
-5.4557916941121221e-02 -2.0423272624611855e-02 3.8004530244506896e-02 0
-5.4557916941121221e-02 -2.0423272624611855e-02 3.9453032659366727e-02 0
-5.4557916941121221e-02 -2.0423272624611855e-02 4.0901535074226558e-02 0
-5.4557916941121221e-02 -2.0423272624611855e-02 4.2350037489086390e-02 0
-5.4557916941121221e-02 -2.0423272624611855e-02 4.3798539903946221e-02 0
-5.4557916941121221e-02 -2.0423272624611855e-02 4.5247042318806052e-02 0
-5.4557916941121221e-02 -2.0423272624611855e-02 4.6695544733665884e-02 0
-5.4557916941121221e-02 -1.8926982185803354e-02 3.6556027829647064e-02 0
-5.4557916941121221e-02 -1.8926982185803354e-02 3.8004530244506896e-02 0
-5.4557916941121221e-02 -1.8926982185803354e-02 3.9453032659366727e-02 0
-5.4557916941121221e-02 -1.8926982185803354e-02 4.0901535074226558e-02 0
-5.4557916941121221e-02 -1.8926982185803354e-02 4.2350037489086390e-02 0
-5.4557916941121221e-02 -1.8926982185803354e-02 4.3798539903946221e-02 0
-5.4557916941121221e-02 -1.8926982185803354e-02 4.5247042318806052e-02 0
-5.4557916941121221e-02 -1.8926982185803354e-02 4.6695544733665884e-02 0
-5.4557916941121221e-02 -1.7430691746994853e-02 3.6556027829647064e-02 0
-5.4557916941121221e-02 -1.7430691746994853e-02 3.8004530244506896e-02 0
-5.4557916941121221e-02 -1.7430691746994853e-02 3.9453032659366727e-02 0
-5.4557916941121221e-02 -1.7430691746994853e-02 4.0901535074226558e-02 0
-5.4557916941121221e-02 -1.7430691746994853e-02 4.2350037489086390e-02 0
-5.4557916941121221e-02 -1.7430691746994853e-02 4.3798539903946221e-02 0
-5.4557916941121221e-02 -1.7430691746994853e-02 4.5247042318806052e-02 0
-5.4557916941121221e-02 -1.7430691746994853e-02 4.6695544733665884e-02 0
-5.4557916941121221e-02 -1.5934401308186352e-02 3.6556027829647064e-02 0
-5.4557916941121221e-02 -1.5934401308186352e-02 3.8004530244506896e-02 0
-5.4557916941121221e-02 -1.5934401308186352e-02 3.9453032659366727e-02 0
-5.4557916941121221e-02 -1.5934401308186352e-02 4.0901535074226558e-02 0
-5.4557916941121221e-02 -1.5934401308186352e-02 4.2350037489086390e-02 0
-5.4557916941121221e-02 -1.5934401308186352e-02 4.3798539903946221e-02 0
-5.4557916941121221e-02 -1.5934401308186352e-02 4.5247042318806052e-02 0
-5.4557916941121221e-02 -1.5934401308186352e-02 4.6695544733665884e-02 0
-5.4557916941121221e-02 -1.4438110869377851e-02 3.6556027829647064e-02 0
-5.4557916941121221e-02 -1.4438110869377851e-02 3.8004530244506896e-02 0
-5.4557916941121221e-02 -1.4438110869377851e-02 3.9453032659366727e-02 0
-5.4557916941121221e-02 -1.4438110869377851e-02 4.0901535074226558e-02 0
-5.4557916941121221e-02 -1.4438110869377851e-02 4.2350037489086390e-02 0
-5.4557916941121221e-02 -1.4438110869377851e-02 4.3798539903946221e-02 0
-5.4557916941121221e-02 -1.4438110869377851e-02 4.5247042318806052e-02 0
-5.4557916941121221e-02 -1.4438110869377851e-02 4.6695544733665884e-02 0
-5.4557916941121221e-02 -1.2941820430569351e-02 3.6556027829647064e-02 0
-5.4557916941121221e-02 -1.2941820430569351e-02 3.8004530244506896e-02 0
-5.4557916941121221e-02 -1.2941820430569351e-02 3.9453032659366727e-02 0
-5.4557916941121221e-02 -1.2941820430569351e-02 4.0901535074226558e-02 0
-5.4557916941121221e-02 -1.2941820430569351e-02 4.2350037489086390e-02 0
-5.4557916941121221e-02 -1.2941820430569351e-02 4.3798539903946221e-02 0
-5.4557916941121221e-02 -1.2941820430569351e-02 4.5247042318806052e-02 0
-5.4557916941121221e-02 -1.2941820430569351e-02 4.6695544733665884e-02 0
-5.4557916941121221e-02 -1.1445529991760850e-02 3.6556027829647064e-02 0
-5.4557916941121221e-02 -1.1445529991760850e-02 3.8004530244506896e-02 0
-5.4557916941121221e-02 -1.1445529991760850e-02 3.9453032659366727e-02 0
-5.4557916941121221e-02 -1.1445529991760850e-02 4.0901535074226558e-02 0
-5.4557916941121221e-02 -1.1445529991760850e-02 4.2350037489086390e-02 0
-5.4557916941121221e-02 -1.1445529991760850e-02 4.3798539903946221e-02 0
-5.4557916941121221e-02 -1.1445529991760850e-02 4.5247042318806052e-02 0
-5.4557916941121221e-02 -1.1445529991760850e-02 4.6695544733665884e-02 0
-5.4557916941121221e-02 -9.9492395529523492e-03 3.6556027829647064e-02 0
-5.4557916941121221e-02 -9.9492395529523492e-03 3.8004530244506896e-02 0
-5.4557916941121221e-02 -9.9492395529523492e-03 3.9453032659366727e-02 0
-5.4557916941121221e-02 -9.9492395529523492e-03 4.0901535074226558e-02 0
-5.4557916941121221e-02 -9.9492395529523492e-03 4.2350037489086390e-02 0
-5.4557916941121221e-02 -9.9492395529523492e-03 4.3798539903946221e-02 0
-5.4557916941121221e-02 -9.9492395529523492e-03 4.5247042318806052e-02 0
-5.4557916941121221e-02 -9.9492395529523492e-03 4.6695544733665884e-02 0
-5.4557916941121221e-02 -8.4529491141438484e-03 3.6556027829647064e-02 0
-5.4557916941121221e-02 -8.4529491141438484e-03 3.8004530244506896e-02 0
-5.4557916941121221e-02 -8.4529491141438484e-03 3.9453032659366727e-02 0
-5.4557916941121221e-02 -8.4529491141438484e-03 4.0901535074226558e-02 0
-5.4557916941121221e-02 -8.4529491141438484e-03 4.2350037489086390e-02 0
-5.4557916941121221e-02 -8.4529491141438484e-03 4.3798539903946221e-02 0
-5.4557916941121221e-02 -8.4529491141438484e-03 4.5247042318806052e-02 0
-5.4557916941121221e-02 -8.4529491141438484e-03 4.6695544733665884e-02 0
-5.4557916941121221e-02 -6.9566586753353477e-03 3.6556027829647064e-02 0
-5.4557916941121221e-02 -6.9566586753353477e-03 3.8004530244506896e-02 0
-5.4557916941121221e-02 -6.9566586753353477e-03 3.9453032659366727e-02 0
-5.4557916941121221e-02 -6.9566586753353477e-03 4.0901535074226558e-02 0
-5.4557916941121221e-02 -6.9566586753353477e-03 4.2350037489086390e-02 0
-5.4557916941121221e-02 -6.9566586753353477e-03 4.3798539903946221e-02 0
-5.4557916941121221e-02 -6.9566586753353477e-03 4.5247042318806052e-02 0
-5.4557916941121221e-02 -6.9566586753353477e-03 4.6695544733665884e-02 0
-5.4557916941121221e-02 -5.4603682365268469e-03 3.6556027829647064e-02 0
-5.4557916941121221e-02 -5.4603682365268469e-03 3.8004530244506896e-02 0
-5.4557916941121221e-02 -5.4603682365268469e-03 3.9453032659366727e-02 0
-5.4557916941121221e-02 -5.4603682365268469e-03 4.0901535074226558e-02 0
-5.4557916941121221e-02 -5.4603682365268469e-03 4.2350037489086390e-02 0
-5.4557916941121221e-02 -5.4603682365268469e-03 4.3798539903946221e-02 0
-5.4557916941121221e-02 -5.4603682365268469e-03 4.5247042318806052e-02 0
-5.4557916941121221e-02 -5.4603682365268469e-03 4.6695544733665884e-02 0
-5.4557916941121221e-02 -3.9640777977183461e-03 3.6556027829647064e-02 0
-5.4557916941121221e-02 -3.9640777977183461e-03 3.8004530244506896e-02 0
-5.4557916941121221e-02 -3.9640777977183461e-03 3.9453032659366727e-02 0
-5.4557916941121221e-02 -3.9640777977183461e-03 4.0901535074226558e-02 0
-5.4557916941121221e-02 -3.9640777977183461e-03 4.2350037489086390e-02 0
-5.4557916941121221e-02 -3.9640777977183461e-03 4.3798539903946221e-02 0
-5.4557916941121221e-02 -3.9640777977183461e-03 4.5247042318806052e-02 0
-5.4557916941121221e-02 -3.9640777977183461e-03 4.6695544733665884e-02 0
-5.4557916941121221e-02 -2.4677873589098454e-03 3.6556027829647064e-02 0
-5.4557916941121221e-02 -2.4677873589098454e-03 3.8004530244506896e-02 0
-5.4557916941121221e-02 -2.4677873589098454e-03 3.9453032659366727e-02 0
-5.4557916941121221e-02 -2.4677873589098454e-03 4.0901535074226558e-02 0
-5.4557916941121221e-02 -2.4677873589098454e-03 4.2350037489086390e-02 0
-5.4557916941121221e-02 -2.4677873589098454e-03 4.3798539903946221e-02 0
-5.4557916941121221e-02 -2.4677873589098454e-03 4.5247042318806052e-02 0
-5.4557916941121221e-02 -2.4677873589098454e-03 4.6695544733665884e-02 0
-5.4557916941121221e-02 -9.7149692010134459e-04 3.6556027829647064e-02 0
-5.4557916941121221e-02 -9.7149692010134459e-04 3.8004530244506896e-02 0
-5.4557916941121221e-02 -9.7149692010134459e-04 3.9453032659366727e-02 0
-5.4557916941121221e-02 -9.7149692010134459e-04 4.0901535074226558e-02 0
-5.4557916941121221e-02 -9.7149692010134459e-04 4.2350037489086390e-02 0
-5.4557916941121221e-02 -9.7149692010134459e-04 4.3798539903946221e-02 0
-5.4557916941121221e-02 -9.7149692010134459e-04 4.5247042318806052e-02 0
-5.4557916941121221e-02 -9.7149692010134459e-04 4.6695544733665884e-02 0
-5.4557916941121221e-02 5.2479351870715618e-04 3.6556027829647064e-02 0
-5.4557916941121221e-02 5.2479351870715618e-04 3.8004530244506896e-02 0
-5.4557916941121221e-02 5.2479351870715618e-04 3.9453032659366727e-02 0
-5.4557916941121221e-02 5.2479351870715618e-04 4.0901535074226558e-02 0
-5.4557916941121221e-02 5.2479351870715618e-04 4.2350037489086390e-02 0
-5.4557916941121221e-02 5.2479351870715618e-04 4.3798539903946221e-02 0
-5.4557916941121221e-02 5.2479351870715618e-04 4.5247042318806052e-02 0
-5.4557916941121221e-02 5.2479351870715618e-04 4.6695544733665884e-02 0
-5.4557916941121221e-02 2.0210839575156569e-03 3.6556027829647064e-02 0
-5.4557916941121221e-02 2.0210839575156569e-03 3.8004530244506896e-02 0
-5.4557916941121221e-02 2.0210839575156569e-03 3.9453032659366727e-02 0
-5.4557916941121221e-02 2.0210839575156569e-03 4.0901535074226558e-02 0
-5.4557916941121221e-02 2.0210839575156569e-03 4.2350037489086390e-02 0
-5.4557916941121221e-02 2.0210839575156569e-03 4.3798539903946221e-02 0
-5.4557916941121221e-02 2.0210839575156569e-03 4.5247042318806052e-02 0
-5.4557916941121221e-02 2.0210839575156569e-03 4.6695544733665884e-02 0
-5.4557916941121221e-02 3.5173743963241577e-03 3.6556027829647064e-02 0
-5.4557916941121221e-02 3.5173743963241577e-03 3.8004530244506896e-02 0
-5.4557916941121221e-02 3.5173743963241577e-03 3.9453032659366727e-02 0
-5.4557916941121221e-02 3.5173743963241577e-03 4.0901535074226558e-02 0
-5.4557916941121221e-02 3.5173743963241577e-03 4.2350037489086390e-02 0
-5.4557916941121221e-02 3.5173743963241577e-03 4.3798539903946221e-02 0
-5.4557916941121221e-02 3.5173743963241577e-03 4.5247042318806052e-02 0
-5.4557916941121221e-02 3.5173743963241577e-03 4.6695544733665884e-02 0
-5.4557916941121221e-02 5.0136648351326585e-03 3.6556027829647064e-02 0
-5.4557916941121221e-02 5.0136648351326585e-03 3.8004530244506896e-02 0
-5.4557916941121221e-02 5.0136648351326585e-03 3.9453032659366727e-02 0
-5.4557916941121221e-02 5.0136648351326585e-03 4.0901535074226558e-02 0
-5.4557916941121221e-02 5.0136648351326585e-03 4.2350037489086390e-02 0
-5.4557916941121221e-02 5.0136648351326585e-03 4.3798539903946221e-02 0
-5.4557916941121221e-02 5.0136648351326585e-03 4.5247042318806052e-02 0
-5.4557916941121221e-02 5.0136648351326585e-03 4.6695544733665884e-02 0
-5.4557916941121221e-02 6.5099552739411592e-03 3.6556027829647064e-02 0
-5.4557916941121221e-02 6.5099552739411592e-03 3.8004530244506896e-02 0
-5.4557916941121221e-02 6.5099552739411592e-03 3.9453032659366727e-02 0
-5.4557916941121221e-02 6.5099552739411592e-03 4.0901535074226558e-02 0
-5.4557916941121221e-02 6.5099552739411592e-03 4.2350037489086390e-02 0
-5.4557916941121221e-02 6.5099552739411592e-03 4.3798539903946221e-02 0
-5.4557916941121221e-02 6.5099552739411592e-03 4.5247042318806052e-02 0
-5.4557916941121221e-02 6.5099552739411592e-03 4.6695544733665884e-02 0
-5.4557916941121221e-02 8.0062457127496600e-03 3.6556027829647064e-02 0
-5.4557916941121221e-02 8.0062457127496600e-03 3.8004530244506896e-02 0
-5.4557916941121221e-02 8.0062457127496600e-03 3.9453032659366727e-02 0
-5.4557916941121221e-02 8.0062457127496600e-03 4.0901535074226558e-02 0
-5.4557916941121221e-02 8.0062457127496600e-03 4.2350037489086390e-02 0
-5.4557916941121221e-02 8.0062457127496600e-03 4.3798539903946221e-02 0
-5.4557916941121221e-02 8.0062457127496600e-03 4.5247042318806052e-02 0
-5.4557916941121221e-02 8.0062457127496600e-03 4.6695544733665884e-02 0
-5.4557916941121221e-02 9.5025361515581608e-03 3.6556027829647064e-02 0
-5.4557916941121221e-02 9.5025361515581608e-03 3.8004530244506896e-02 0
-5.4557916941121221e-02 9.5025361515581608e-03 3.9453032659366727e-02 0
-5.4557916941121221e-02 9.5025361515581608e-03 4.0901535074226558e-02 0
-5.4557916941121221e-02 9.5025361515581608e-03 4.2350037489086390e-02 0
-5.4557916941121221e-02 9.5025361515581608e-03 4.3798539903946221e-02 0
-5.4557916941121221e-02 9.5025361515581608e-03 4.5247042318806052e-02 0
-5.4557916941121221e-02 9.5025361515581608e-03 4.6695544733665884e-02 0
-5.4557916941121221e-02 1.0998826590366662e-02 3.6556027829647064e-02 0
-5.4557916941121221e-02 1.0998826590366662e-02 3.8004530244506896e-02 0
-5.4557916941121221e-02 1.0998826590366662e-02 3.9453032659366727e-02 0
-5.4557916941121221e-02 1.0998826590366662e-02 4.0901535074226558e-02 0
-5.4557916941121221e-02 1.0998826590366662e-02 4.2350037489086390e-02 0
-5.4557916941121221e-02 1.0998826590366662e-02 4.3798539903946221e-02 0
-5.4557916941121221e-02 1.0998826590366662e-02 4.5247042318806052e-02 0
-5.4557916941121221e-02 1.0998826590366662e-02 4.6695544733665884e-02 0
-5.4557916941121221e-02 1.2495117029175162e-02 3.6556027829647064e-02 0
-5.4557916941121221e-02 1.2495117029175162e-02 3.8004530244506896e-02 0
-5.4557916941121221e-02 1.2495117029175162e-02 3.9453032659366727e-02 0
-5.4557916941121221e-02 1.2495117029175162e-02 4.0901535074226558e-02 0
-5.4557916941121221e-02 1.2495117029175162e-02 4.2350037489086390e-02 0
-5.4557916941121221e-02 1.2495117029175162e-02 4.3798539903946221e-02 0
-5.4557916941121221e-02 1.2495117029175162e-02 4.5247042318806052e-02 0
-5.4557916941121221e-02 1.2495117029175162e-02 4.6695544733665884e-02 0
-5.4557916941121221e-02 1.3991407467983663e-02 3.6556027829647064e-02 0
-5.4557916941121221e-02 1.3991407467983663e-02 3.8004530244506896e-02 0
-5.4557916941121221e-02 1.3991407467983663e-02 3.9453032659366727e-02 0
-5.4557916941121221e-02 1.3991407467983663e-02 4.0901535074226558e-02 0
-5.4557916941121221e-02 1.3991407467983663e-02 4.2350037489086390e-02 0
-5.4557916941121221e-02 1.3991407467983663e-02 4.3798539903946221e-02 0
-5.4557916941121221e-02 1.3991407467983663e-02 4.5247042318806052e-02 0
-5.4557916941121221e-02 1.3991407467983663e-02 4.6695544733665884e-02 0
-5.4557916941121221e-02 1.5487697906792164e-02 3.6556027829647064e-02 0
-5.4557916941121221e-02 1.5487697906792164e-02 3.8004530244506896e-02 0
-5.4557916941121221e-02 1.5487697906792164e-02 3.9453032659366727e-02 0
-5.4557916941121221e-02 1.5487697906792164e-02 4.0901535074226558e-02 0
-5.4557916941121221e-02 1.5487697906792164e-02 4.2350037489086390e-02 0
-5.4557916941121221e-02 1.5487697906792164e-02 4.3798539903946221e-02 0
-5.4557916941121221e-02 1.5487697906792164e-02 4.5247042318806052e-02 0
-5.4557916941121221e-02 1.5487697906792164e-02 4.6695544733665884e-02 0
-5.4557916941121221e-02 1.6983988345600665e-02 3.6556027829647064e-02 0
-5.4557916941121221e-02 1.6983988345600665e-02 3.8004530244506896e-02 0
-5.4557916941121221e-02 1.6983988345600665e-02 3.9453032659366727e-02 0
-5.4557916941121221e-02 1.6983988345600665e-02 4.0901535074226558e-02 0
-5.4557916941121221e-02 1.6983988345600665e-02 4.2350037489086390e-02 0
-5.4557916941121221e-02 1.6983988345600665e-02 4.3798539903946221e-02 0
-5.4557916941121221e-02 1.6983988345600665e-02 4.5247042318806052e-02 0
-5.4557916941121221e-02 1.6983988345600665e-02 4.6695544733665884e-02 0
-5.4557916941121221e-02 1.8480278784409165e-02 3.6556027829647064e-02 0
-5.4557916941121221e-02 1.8480278784409165e-02 3.8004530244506896e-02 0
-5.4557916941121221e-02 1.8480278784409165e-02 3.9453032659366727e-02 0
-5.4557916941121221e-02 1.8480278784409165e-02 4.0901535074226558e-02 0
-5.4557916941121221e-02 1.8480278784409165e-02 4.2350037489086390e-02 0
-5.4557916941121221e-02 1.8480278784409165e-02 4.3798539903946221e-02 0
-5.4557916941121221e-02 1.8480278784409165e-02 4.5247042318806052e-02 0
-5.4557916941121221e-02 1.8480278784409165e-02 4.6695544733665884e-02 0
-5.4557916941121221e-02 1.9976569223217666e-02 3.6556027829647064e-02 0
-5.4557916941121221e-02 1.9976569223217666e-02 3.8004530244506896e-02 0
-5.4557916941121221e-02 1.9976569223217666e-02 3.9453032659366727e-02 0
-5.4557916941121221e-02 1.9976569223217666e-02 4.0901535074226558e-02 0
-5.4557916941121221e-02 1.9976569223217666e-02 4.2350037489086390e-02 0
-5.4557916941121221e-02 1.9976569223217666e-02 4.3798539903946221e-02 0
-5.4557916941121221e-02 1.9976569223217666e-02 4.5247042318806052e-02 0
-5.4557916941121221e-02 1.9976569223217666e-02 4.6695544733665884e-02 0
-5.4557916941121221e-02 2.1472859662026167e-02 3.6556027829647064e-02 0
-5.4557916941121221e-02 2.1472859662026167e-02 3.8004530244506896e-02 0
-5.4557916941121221e-02 2.1472859662026167e-02 3.9453032659366727e-02 0
-5.4557916941121221e-02 2.1472859662026167e-02 4.0901535074226558e-02 0
-5.4557916941121221e-02 2.1472859662026167e-02 4.2350037489086390e-02 0
-5.4557916941121221e-02 2.1472859662026167e-02 4.3798539903946221e-02 0
-5.4557916941121221e-02 2.1472859662026167e-02 4.5247042318806052e-02 0
-5.4557916941121221e-02 2.1472859662026167e-02 4.6695544733665884e-02 0
-5.3074268507771194e-02 -4.4363919645547867e-02 3.6556027829647064e-02 0
-5.3074268507771194e-02 -4.2867629206739366e-02 3.6556027829647064e-02 0
-5.3074268507771194e-02 -4.4363919645547867e-02 3.8004530244506896e-02 0
-5.3074268507771194e-02 -4.2867629206739366e-02 3.8004530244506896e-02 0
-5.3074268507771194e-02 -4.4363919645547867e-02 3.9453032659366727e-02 0
-5.3074268507771194e-02 -4.2867629206739366e-02 3.9453032659366727e-02 0
-5.3074268507771194e-02 -4.4363919645547867e-02 4.0901535074226558e-02 0
-5.3074268507771194e-02 -4.2867629206739366e-02 4.0901535074226558e-02 0
-5.3074268507771194e-02 -4.4363919645547867e-02 4.2350037489086390e-02 0
-5.3074268507771194e-02 -4.2867629206739366e-02 4.2350037489086390e-02 0
-5.3074268507771194e-02 -4.4363919645547867e-02 4.3798539903946221e-02 0
-5.3074268507771194e-02 -4.2867629206739366e-02 4.3798539903946221e-02 0
-5.3074268507771194e-02 -4.4363919645547867e-02 4.5247042318806052e-02 0
-5.3074268507771194e-02 -4.2867629206739366e-02 4.5247042318806052e-02 0
-5.3074268507771194e-02 -4.4363919645547867e-02 4.6695544733665884e-02 0
-5.3074268507771194e-02 -4.2867629206739366e-02 4.6695544733665884e-02 0
-5.4557916941121221e-02 -4.4363919645547867e-02 4.8144047148525715e-02 0
-5.3074268507771194e-02 -4.4363919645547867e-02 4.8144047148525715e-02 0
-5.3074268507771194e-02 -4.2867629206739366e-02 4.8144047148525715e-02 0
-5.4557916941121221e-02 -4.2867629206739366e-02 4.8144047148525715e-02 0
-5.4557916941121221e-02 -4.4363919645547867e-02 4.9592549563385546e-02 0
-5.3074268507771194e-02 -4.4363919645547867e-02 4.9592549563385546e-02 0
-5.3074268507771194e-02 -4.2867629206739366e-02 4.9592549563385546e-02 0
-5.4557916941121221e-02 -4.2867629206739366e-02 4.9592549563385546e-02 0
-5.4557916941121221e-02 -4.4363919645547867e-02 5.1041051978245378e-02 0
-5.3074268507771194e-02 -4.4363919645547867e-02 5.1041051978245378e-02 0
-5.3074268507771194e-02 -4.2867629206739366e-02 5.1041051978245378e-02 0
-5.4557916941121221e-02 -4.2867629206739366e-02 5.1041051978245378e-02 0
-5.3074268507771194e-02 -4.1371338767930865e-02 3.6556027829647064e-02 0
-5.3074268507771194e-02 -4.1371338767930865e-02 3.8004530244506896e-02 0
-5.3074268507771194e-02 -4.1371338767930865e-02 3.9453032659366727e-02 0
-5.3074268507771194e-02 -4.1371338767930865e-02 4.0901535074226558e-02 0
-5.3074268507771194e-02 -4.1371338767930865e-02 4.2350037489086390e-02 0
-5.3074268507771194e-02 -4.1371338767930865e-02 4.3798539903946221e-02 0
-5.3074268507771194e-02 -4.1371338767930865e-02 4.5247042318806052e-02 0
-5.3074268507771194e-02 -4.1371338767930865e-02 4.6695544733665884e-02 0
-5.3074268507771194e-02 -4.1371338767930865e-02 4.8144047148525715e-02 0
-5.4557916941121221e-02 -4.1371338767930865e-02 4.8144047148525715e-02 0
-5.3074268507771194e-02 -4.1371338767930865e-02 4.9592549563385546e-02 0
-5.4557916941121221e-02 -4.1371338767930865e-02 4.9592549563385546e-02 0
-5.3074268507771194e-02 -4.1371338767930865e-02 5.1041051978245378e-02 0
-5.4557916941121221e-02 -4.1371338767930865e-02 5.1041051978245378e-02 0
-5.3074268507771194e-02 -3.9875048329122365e-02 3.6556027829647064e-02 0
-5.3074268507771194e-02 -3.9875048329122365e-02 3.8004530244506896e-02 0
-5.3074268507771194e-02 -3.9875048329122365e-02 3.9453032659366727e-02 0
-5.3074268507771194e-02 -3.9875048329122365e-02 4.0901535074226558e-02 0
-5.3074268507771194e-02 -3.9875048329122365e-02 4.2350037489086390e-02 0
-5.3074268507771194e-02 -3.9875048329122365e-02 4.3798539903946221e-02 0
-5.3074268507771194e-02 -3.9875048329122365e-02 4.5247042318806052e-02 0
-5.3074268507771194e-02 -3.9875048329122365e-02 4.6695544733665884e-02 0
-5.3074268507771194e-02 -3.9875048329122365e-02 4.8144047148525715e-02 0
-5.4557916941121221e-02 -3.9875048329122365e-02 4.8144047148525715e-02 0
-5.3074268507771194e-02 -3.9875048329122365e-02 4.9592549563385546e-02 0
-5.4557916941121221e-02 -3.9875048329122365e-02 4.9592549563385546e-02 0
-5.3074268507771194e-02 -3.9875048329122365e-02 5.1041051978245378e-02 0
-5.4557916941121221e-02 -3.9875048329122365e-02 5.1041051978245378e-02 0
-5.3074268507771194e-02 -3.8378757890313864e-02 3.6556027829647064e-02 0
-5.3074268507771194e-02 -3.8378757890313864e-02 3.8004530244506896e-02 0
-5.3074268507771194e-02 -3.8378757890313864e-02 3.9453032659366727e-02 0
-5.3074268507771194e-02 -3.8378757890313864e-02 4.0901535074226558e-02 0
-5.3074268507771194e-02 -3.8378757890313864e-02 4.2350037489086390e-02 0
-5.3074268507771194e-02 -3.8378757890313864e-02 4.3798539903946221e-02 0
-5.3074268507771194e-02 -3.8378757890313864e-02 4.5247042318806052e-02 0
-5.3074268507771194e-02 -3.8378757890313864e-02 4.6695544733665884e-02 0
-5.3074268507771194e-02 -3.8378757890313864e-02 4.8144047148525715e-02 0
-5.4557916941121221e-02 -3.8378757890313864e-02 4.8144047148525715e-02 0
-5.3074268507771194e-02 -3.8378757890313864e-02 4.9592549563385546e-02 0
-5.4557916941121221e-02 -3.8378757890313864e-02 4.9592549563385546e-02 0
-5.3074268507771194e-02 -3.8378757890313864e-02 5.1041051978245378e-02 0
-5.4557916941121221e-02 -3.8378757890313864e-02 5.1041051978245378e-02 0
-5.3074268507771194e-02 -3.6882467451505363e-02 3.6556027829647064e-02 0
-5.3074268507771194e-02 -3.6882467451505363e-02 3.8004530244506896e-02 0
-5.3074268507771194e-02 -3.6882467451505363e-02 3.9453032659366727e-02 0
-5.3074268507771194e-02 -3.6882467451505363e-02 4.0901535074226558e-02 0
-5.3074268507771194e-02 -3.6882467451505363e-02 4.2350037489086390e-02 0
-5.3074268507771194e-02 -3.6882467451505363e-02 4.3798539903946221e-02 0
-5.3074268507771194e-02 -3.6882467451505363e-02 4.5247042318806052e-02 0
-5.3074268507771194e-02 -3.6882467451505363e-02 4.6695544733665884e-02 0
-5.3074268507771194e-02 -3.6882467451505363e-02 4.8144047148525715e-02 0
-5.4557916941121221e-02 -3.6882467451505363e-02 4.8144047148525715e-02 0
-5.3074268507771194e-02 -3.6882467451505363e-02 4.9592549563385546e-02 0
-5.4557916941121221e-02 -3.6882467451505363e-02 4.9592549563385546e-02 0
-5.3074268507771194e-02 -3.6882467451505363e-02 5.1041051978245378e-02 0
-5.4557916941121221e-02 -3.6882467451505363e-02 5.1041051978245378e-02 0
-5.3074268507771194e-02 -3.5386177012696862e-02 3.6556027829647064e-02 0
-5.3074268507771194e-02 -3.5386177012696862e-02 3.8004530244506896e-02 0
-5.3074268507771194e-02 -3.5386177012696862e-02 3.9453032659366727e-02 0
-5.3074268507771194e-02 -3.5386177012696862e-02 4.0901535074226558e-02 0
-5.3074268507771194e-02 -3.5386177012696862e-02 4.2350037489086390e-02 0
-5.3074268507771194e-02 -3.5386177012696862e-02 4.3798539903946221e-02 0
-5.3074268507771194e-02 -3.5386177012696862e-02 4.5247042318806052e-02 0
-5.3074268507771194e-02 -3.5386177012696862e-02 4.6695544733665884e-02 0
-5.3074268507771194e-02 -3.5386177012696862e-02 4.8144047148525715e-02 0
-5.4557916941121221e-02 -3.5386177012696862e-02 4.8144047148525715e-02 0
-5.3074268507771194e-02 -3.5386177012696862e-02 4.9592549563385546e-02 0
-5.4557916941121221e-02 -3.5386177012696862e-02 4.9592549563385546e-02 0
-5.3074268507771194e-02 -3.5386177012696862e-02 5.1041051978245378e-02 0
-5.4557916941121221e-02 -3.5386177012696862e-02 5.1041051978245378e-02 0
-5.3074268507771194e-02 -3.3889886573888361e-02 3.6556027829647064e-02 0
-5.3074268507771194e-02 -3.3889886573888361e-02 3.8004530244506896e-02 0
-5.3074268507771194e-02 -3.3889886573888361e-02 3.9453032659366727e-02 0
-5.3074268507771194e-02 -3.3889886573888361e-02 4.0901535074226558e-02 0
-5.3074268507771194e-02 -3.3889886573888361e-02 4.2350037489086390e-02 0
-5.3074268507771194e-02 -3.3889886573888361e-02 4.3798539903946221e-02 0
-5.3074268507771194e-02 -3.3889886573888361e-02 4.5247042318806052e-02 0
-5.3074268507771194e-02 -3.3889886573888361e-02 4.6695544733665884e-02 0
-5.3074268507771194e-02 -3.3889886573888361e-02 4.8144047148525715e-02 0
-5.4557916941121221e-02 -3.3889886573888361e-02 4.8144047148525715e-02 0
-5.3074268507771194e-02 -3.3889886573888361e-02 4.9592549563385546e-02 0
-5.4557916941121221e-02 -3.3889886573888361e-02 4.9592549563385546e-02 0
-5.3074268507771194e-02 -3.3889886573888361e-02 5.1041051978245378e-02 0
-5.4557916941121221e-02 -3.3889886573888361e-02 5.1041051978245378e-02 0
-5.3074268507771194e-02 -3.2393596135079861e-02 3.6556027829647064e-02 0
-5.3074268507771194e-02 -3.2393596135079861e-02 3.8004530244506896e-02 0
-5.3074268507771194e-02 -3.2393596135079861e-02 3.9453032659366727e-02 0
-5.3074268507771194e-02 -3.2393596135079861e-02 4.0901535074226558e-02 0
-5.3074268507771194e-02 -3.2393596135079861e-02 4.2350037489086390e-02 0
-5.3074268507771194e-02 -3.2393596135079861e-02 4.3798539903946221e-02 0
-5.3074268507771194e-02 -3.2393596135079861e-02 4.5247042318806052e-02 0
-5.3074268507771194e-02 -3.2393596135079861e-02 4.6695544733665884e-02 0
-5.3074268507771194e-02 -3.2393596135079861e-02 4.8144047148525715e-02 0
-5.4557916941121221e-02 -3.2393596135079861e-02 4.8144047148525715e-02 0
-5.3074268507771194e-02 -3.2393596135079861e-02 4.9592549563385546e-02 0
-5.4557916941121221e-02 -3.2393596135079861e-02 4.9592549563385546e-02 0
-5.3074268507771194e-02 -3.2393596135079861e-02 5.1041051978245378e-02 0
-5.4557916941121221e-02 -3.2393596135079861e-02 5.1041051978245378e-02 0
-5.3074268507771194e-02 -3.0897305696271360e-02 3.6556027829647064e-02 0
-5.3074268507771194e-02 -3.0897305696271360e-02 3.8004530244506896e-02 0
-5.3074268507771194e-02 -3.0897305696271360e-02 3.9453032659366727e-02 0
-5.3074268507771194e-02 -3.0897305696271360e-02 4.0901535074226558e-02 0
-5.3074268507771194e-02 -3.0897305696271360e-02 4.2350037489086390e-02 0
-5.3074268507771194e-02 -3.0897305696271360e-02 4.3798539903946221e-02 0
-5.3074268507771194e-02 -3.0897305696271360e-02 4.5247042318806052e-02 0
-5.3074268507771194e-02 -3.0897305696271360e-02 4.6695544733665884e-02 0
-5.3074268507771194e-02 -3.0897305696271360e-02 4.8144047148525715e-02 0
-5.4557916941121221e-02 -3.0897305696271360e-02 4.8144047148525715e-02 0
-5.3074268507771194e-02 -3.0897305696271360e-02 4.9592549563385546e-02 0
-5.4557916941121221e-02 -3.0897305696271360e-02 4.9592549563385546e-02 0
-5.3074268507771194e-02 -3.0897305696271360e-02 5.1041051978245378e-02 0
-5.4557916941121221e-02 -3.0897305696271360e-02 5.1041051978245378e-02 0
-5.3074268507771194e-02 -2.9401015257462859e-02 3.6556027829647064e-02 0
-5.3074268507771194e-02 -2.9401015257462859e-02 3.8004530244506896e-02 0
-5.3074268507771194e-02 -2.9401015257462859e-02 3.9453032659366727e-02 0
-5.3074268507771194e-02 -2.9401015257462859e-02 4.0901535074226558e-02 0
-5.3074268507771194e-02 -2.9401015257462859e-02 4.2350037489086390e-02 0
-5.3074268507771194e-02 -2.9401015257462859e-02 4.3798539903946221e-02 0
-5.3074268507771194e-02 -2.9401015257462859e-02 4.5247042318806052e-02 0
-5.3074268507771194e-02 -2.9401015257462859e-02 4.6695544733665884e-02 0
-5.3074268507771194e-02 -2.9401015257462859e-02 4.8144047148525715e-02 0
-5.4557916941121221e-02 -2.9401015257462859e-02 4.8144047148525715e-02 0
-5.3074268507771194e-02 -2.9401015257462859e-02 4.9592549563385546e-02 0
-5.4557916941121221e-02 -2.9401015257462859e-02 4.9592549563385546e-02 0
-5.3074268507771194e-02 -2.9401015257462859e-02 5.1041051978245378e-02 0
-5.4557916941121221e-02 -2.9401015257462859e-02 5.1041051978245378e-02 0
-5.3074268507771194e-02 -2.7904724818654358e-02 3.6556027829647064e-02 0
-5.3074268507771194e-02 -2.7904724818654358e-02 3.8004530244506896e-02 0
-5.3074268507771194e-02 -2.7904724818654358e-02 3.9453032659366727e-02 0
-5.3074268507771194e-02 -2.7904724818654358e-02 4.0901535074226558e-02 0
-5.3074268507771194e-02 -2.7904724818654358e-02 4.2350037489086390e-02 0
-5.3074268507771194e-02 -2.7904724818654358e-02 4.3798539903946221e-02 0
-5.3074268507771194e-02 -2.7904724818654358e-02 4.5247042318806052e-02 0
-5.3074268507771194e-02 -2.7904724818654358e-02 4.6695544733665884e-02 0
-5.3074268507771194e-02 -2.7904724818654358e-02 4.8144047148525715e-02 0
-5.4557916941121221e-02 -2.7904724818654358e-02 4.8144047148525715e-02 0
-5.3074268507771194e-02 -2.7904724818654358e-02 4.9592549563385546e-02 0
-5.4557916941121221e-02 -2.7904724818654358e-02 4.9592549563385546e-02 0
-5.3074268507771194e-02 -2.7904724818654358e-02 5.1041051978245378e-02 0
-5.4557916941121221e-02 -2.7904724818654358e-02 5.1041051978245378e-02 0
-5.3074268507771194e-02 -2.6408434379845858e-02 3.6556027829647064e-02 0
-5.3074268507771194e-02 -2.6408434379845858e-02 3.8004530244506896e-02 0
-5.3074268507771194e-02 -2.6408434379845858e-02 3.9453032659366727e-02 0
-5.3074268507771194e-02 -2.6408434379845858e-02 4.0901535074226558e-02 0
-5.3074268507771194e-02 -2.6408434379845858e-02 4.2350037489086390e-02 0
-5.3074268507771194e-02 -2.6408434379845858e-02 4.3798539903946221e-02 0
-5.3074268507771194e-02 -2.6408434379845858e-02 4.5247042318806052e-02 0
-5.3074268507771194e-02 -2.6408434379845858e-02 4.6695544733665884e-02 0
-5.3074268507771194e-02 -2.6408434379845858e-02 4.8144047148525715e-02 0
-5.4557916941121221e-02 -2.6408434379845858e-02 4.8144047148525715e-02 0
-5.3074268507771194e-02 -2.6408434379845858e-02 4.9592549563385546e-02 0
-5.4557916941121221e-02 -2.6408434379845858e-02 4.9592549563385546e-02 0
-5.3074268507771194e-02 -2.6408434379845858e-02 5.1041051978245378e-02 0
-5.4557916941121221e-02 -2.6408434379845858e-02 5.1041051978245378e-02 0
-5.3074268507771194e-02 -2.4912143941037357e-02 3.6556027829647064e-02 0
-5.3074268507771194e-02 -2.4912143941037357e-02 3.8004530244506896e-02 0
-5.3074268507771194e-02 -2.4912143941037357e-02 3.9453032659366727e-02 0
-5.3074268507771194e-02 -2.4912143941037357e-02 4.0901535074226558e-02 0
-5.3074268507771194e-02 -2.4912143941037357e-02 4.2350037489086390e-02 0
-5.3074268507771194e-02 -2.4912143941037357e-02 4.3798539903946221e-02 0
-5.3074268507771194e-02 -2.4912143941037357e-02 4.5247042318806052e-02 0
-5.3074268507771194e-02 -2.4912143941037357e-02 4.6695544733665884e-02 0
-5.3074268507771194e-02 -2.4912143941037357e-02 4.8144047148525715e-02 0
-5.4557916941121221e-02 -2.4912143941037357e-02 4.8144047148525715e-02 0
-5.3074268507771194e-02 -2.4912143941037357e-02 4.9592549563385546e-02 0
-5.4557916941121221e-02 -2.4912143941037357e-02 4.9592549563385546e-02 0
-5.3074268507771194e-02 -2.4912143941037357e-02 5.1041051978245378e-02 0
-5.4557916941121221e-02 -2.4912143941037357e-02 5.1041051978245378e-02 0
-5.3074268507771194e-02 -2.3415853502228856e-02 3.6556027829647064e-02 0
-5.3074268507771194e-02 -2.3415853502228856e-02 3.8004530244506896e-02 0
-5.3074268507771194e-02 -2.3415853502228856e-02 3.9453032659366727e-02 0
-5.3074268507771194e-02 -2.3415853502228856e-02 4.0901535074226558e-02 0
-5.3074268507771194e-02 -2.3415853502228856e-02 4.2350037489086390e-02 0
-5.3074268507771194e-02 -2.3415853502228856e-02 4.3798539903946221e-02 0
-5.3074268507771194e-02 -2.3415853502228856e-02 4.5247042318806052e-02 0
-5.3074268507771194e-02 -2.3415853502228856e-02 4.6695544733665884e-02 0
-5.3074268507771194e-02 -2.1919563063420355e-02 3.6556027829647064e-02 0
-5.3074268507771194e-02 -2.1919563063420355e-02 3.8004530244506896e-02 0
-5.3074268507771194e-02 -2.1919563063420355e-02 3.9453032659366727e-02 0
-5.3074268507771194e-02 -2.1919563063420355e-02 4.0901535074226558e-02 0
-5.3074268507771194e-02 -2.1919563063420355e-02 4.2350037489086390e-02 0
-5.3074268507771194e-02 -2.1919563063420355e-02 4.3798539903946221e-02 0
-5.3074268507771194e-02 -2.1919563063420355e-02 4.5247042318806052e-02 0
-5.3074268507771194e-02 -2.1919563063420355e-02 4.6695544733665884e-02 0
-5.3074268507771194e-02 -2.0423272624611855e-02 3.6556027829647064e-02 0
-5.3074268507771194e-02 -2.0423272624611855e-02 3.8004530244506896e-02 0
-5.3074268507771194e-02 -2.0423272624611855e-02 3.9453032659366727e-02 0
-5.3074268507771194e-02 -2.0423272624611855e-02 4.0901535074226558e-02 0
-5.3074268507771194e-02 -2.0423272624611855e-02 4.2350037489086390e-02 0
-5.3074268507771194e-02 -2.0423272624611855e-02 4.3798539903946221e-02 0
-5.3074268507771194e-02 -2.0423272624611855e-02 4.5247042318806052e-02 0
-5.3074268507771194e-02 -2.0423272624611855e-02 4.6695544733665884e-02 0
-5.3074268507771194e-02 -1.8926982185803354e-02 3.6556027829647064e-02 0
-5.3074268507771194e-02 -1.8926982185803354e-02 3.8004530244506896e-02 0
-5.3074268507771194e-02 -1.8926982185803354e-02 3.9453032659366727e-02 0
-5.3074268507771194e-02 -1.8926982185803354e-02 4.0901535074226558e-02 0
-5.3074268507771194e-02 -1.8926982185803354e-02 4.2350037489086390e-02 0
-5.3074268507771194e-02 -1.8926982185803354e-02 4.3798539903946221e-02 0
-5.3074268507771194e-02 -1.8926982185803354e-02 4.5247042318806052e-02 0
-5.3074268507771194e-02 -1.8926982185803354e-02 4.6695544733665884e-02 0
-5.3074268507771194e-02 -1.7430691746994853e-02 3.6556027829647064e-02 0
-5.3074268507771194e-02 -1.7430691746994853e-02 3.8004530244506896e-02 0
-5.3074268507771194e-02 -1.7430691746994853e-02 3.9453032659366727e-02 0
-5.3074268507771194e-02 -1.7430691746994853e-02 4.0901535074226558e-02 0
-5.3074268507771194e-02 -1.7430691746994853e-02 4.2350037489086390e-02 0
-5.3074268507771194e-02 -1.7430691746994853e-02 4.3798539903946221e-02 0
-5.3074268507771194e-02 -1.7430691746994853e-02 4.5247042318806052e-02 0
-5.3074268507771194e-02 -1.7430691746994853e-02 4.6695544733665884e-02 0
-5.3074268507771194e-02 -1.5934401308186352e-02 3.6556027829647064e-02 0
-5.3074268507771194e-02 -1.5934401308186352e-02 3.8004530244506896e-02 0
-5.3074268507771194e-02 -1.5934401308186352e-02 3.9453032659366727e-02 0
-5.3074268507771194e-02 -1.5934401308186352e-02 4.0901535074226558e-02 0
-5.3074268507771194e-02 -1.5934401308186352e-02 4.2350037489086390e-02 0
-5.3074268507771194e-02 -1.5934401308186352e-02 4.3798539903946221e-02 0
-5.3074268507771194e-02 -1.5934401308186352e-02 4.5247042318806052e-02 0
-5.3074268507771194e-02 -1.5934401308186352e-02 4.6695544733665884e-02 0
-5.3074268507771194e-02 -1.4438110869377851e-02 3.6556027829647064e-02 0
-5.3074268507771194e-02 -1.4438110869377851e-02 3.8004530244506896e-02 0
-5.3074268507771194e-02 -1.4438110869377851e-02 3.9453032659366727e-02 0
-5.3074268507771194e-02 -1.4438110869377851e-02 4.0901535074226558e-02 0
-5.3074268507771194e-02 -1.4438110869377851e-02 4.2350037489086390e-02 0
-5.3074268507771194e-02 -1.4438110869377851e-02 4.3798539903946221e-02 0
-5.3074268507771194e-02 -1.4438110869377851e-02 4.5247042318806052e-02 0
-5.3074268507771194e-02 -1.4438110869377851e-02 4.6695544733665884e-02 0
-5.3074268507771194e-02 -1.2941820430569351e-02 3.6556027829647064e-02 0
-5.3074268507771194e-02 -1.2941820430569351e-02 3.8004530244506896e-02 0
-5.3074268507771194e-02 -1.2941820430569351e-02 3.9453032659366727e-02 0
-5.3074268507771194e-02 -1.2941820430569351e-02 4.0901535074226558e-02 0
-5.3074268507771194e-02 -1.2941820430569351e-02 4.2350037489086390e-02 0
-5.3074268507771194e-02 -1.2941820430569351e-02 4.3798539903946221e-02 0
-5.3074268507771194e-02 -1.2941820430569351e-02 4.5247042318806052e-02 0
-5.3074268507771194e-02 -1.2941820430569351e-02 4.6695544733665884e-02 0
-5.3074268507771194e-02 -1.1445529991760850e-02 3.6556027829647064e-02 0
-5.3074268507771194e-02 -1.1445529991760850e-02 3.8004530244506896e-02 0
-5.3074268507771194e-02 -1.1445529991760850e-02 3.9453032659366727e-02 0
-5.3074268507771194e-02 -1.1445529991760850e-02 4.0901535074226558e-02 0
-5.3074268507771194e-02 -1.1445529991760850e-02 4.2350037489086390e-02 0
-5.3074268507771194e-02 -1.1445529991760850e-02 4.3798539903946221e-02 0
-5.3074268507771194e-02 -1.1445529991760850e-02 4.5247042318806052e-02 0
-5.3074268507771194e-02 -1.1445529991760850e-02 4.6695544733665884e-02 0
-5.3074268507771194e-02 -9.9492395529523492e-03 3.6556027829647064e-02 0
-5.3074268507771194e-02 -9.9492395529523492e-03 3.8004530244506896e-02 0
-5.3074268507771194e-02 -9.9492395529523492e-03 3.9453032659366727e-02 0
-5.3074268507771194e-02 -9.9492395529523492e-03 4.0901535074226558e-02 0
-5.3074268507771194e-02 -9.9492395529523492e-03 4.2350037489086390e-02 0
-5.3074268507771194e-02 -9.9492395529523492e-03 4.3798539903946221e-02 0
-5.3074268507771194e-02 -9.9492395529523492e-03 4.5247042318806052e-02 0
-5.3074268507771194e-02 -9.9492395529523492e-03 4.6695544733665884e-02 0
-5.3074268507771194e-02 -8.4529491141438484e-03 3.6556027829647064e-02 0
-5.3074268507771194e-02 -8.4529491141438484e-03 3.8004530244506896e-02 0
-5.3074268507771194e-02 -8.4529491141438484e-03 3.9453032659366727e-02 0
-5.3074268507771194e-02 -8.4529491141438484e-03 4.0901535074226558e-02 0
-5.3074268507771194e-02 -8.4529491141438484e-03 4.2350037489086390e-02 0
-5.3074268507771194e-02 -8.4529491141438484e-03 4.3798539903946221e-02 0
-5.3074268507771194e-02 -8.4529491141438484e-03 4.5247042318806052e-02 0
-5.3074268507771194e-02 -8.4529491141438484e-03 4.6695544733665884e-02 0
-5.3074268507771194e-02 -6.9566586753353477e-03 3.6556027829647064e-02 0
-5.3074268507771194e-02 -6.9566586753353477e-03 3.8004530244506896e-02 0
-5.3074268507771194e-02 -6.9566586753353477e-03 3.9453032659366727e-02 0
-5.3074268507771194e-02 -6.9566586753353477e-03 4.0901535074226558e-02 0
-5.3074268507771194e-02 -6.9566586753353477e-03 4.2350037489086390e-02 0
-5.3074268507771194e-02 -6.9566586753353477e-03 4.3798539903946221e-02 0
-5.3074268507771194e-02 -6.9566586753353477e-03 4.5247042318806052e-02 0
-5.3074268507771194e-02 -6.9566586753353477e-03 4.6695544733665884e-02 0
-5.3074268507771194e-02 -5.4603682365268469e-03 3.6556027829647064e-02 0
-5.3074268507771194e-02 -5.4603682365268469e-03 3.8004530244506896e-02 0
-5.3074268507771194e-02 -5.4603682365268469e-03 3.9453032659366727e-02 0
-5.3074268507771194e-02 -5.4603682365268469e-03 4.0901535074226558e-02 0
-5.3074268507771194e-02 -5.4603682365268469e-03 4.2350037489086390e-02 0
-5.3074268507771194e-02 -5.4603682365268469e-03 4.3798539903946221e-02 0
-5.3074268507771194e-02 -5.4603682365268469e-03 4.5247042318806052e-02 0
-5.3074268507771194e-02 -5.4603682365268469e-03 4.6695544733665884e-02 0
-5.3074268507771194e-02 -3.9640777977183461e-03 3.6556027829647064e-02 0
-5.3074268507771194e-02 -3.9640777977183461e-03 3.8004530244506896e-02 0
-5.3074268507771194e-02 -3.9640777977183461e-03 3.9453032659366727e-02 0
-5.3074268507771194e-02 -3.9640777977183461e-03 4.0901535074226558e-02 0
-5.3074268507771194e-02 -3.9640777977183461e-03 4.2350037489086390e-02 0
-5.3074268507771194e-02 -3.9640777977183461e-03 4.3798539903946221e-02 0
-5.3074268507771194e-02 -3.9640777977183461e-03 4.5247042318806052e-02 0
-5.3074268507771194e-02 -3.9640777977183461e-03 4.6695544733665884e-02 0
-5.3074268507771194e-02 -2.4677873589098454e-03 3.6556027829647064e-02 0
-5.3074268507771194e-02 -2.4677873589098454e-03 3.8004530244506896e-02 0
-5.3074268507771194e-02 -2.4677873589098454e-03 3.9453032659366727e-02 0
-5.3074268507771194e-02 -2.4677873589098454e-03 4.0901535074226558e-02 0
-5.3074268507771194e-02 -2.4677873589098454e-03 4.2350037489086390e-02 0
-5.3074268507771194e-02 -2.4677873589098454e-03 4.3798539903946221e-02 0
-5.3074268507771194e-02 -2.4677873589098454e-03 4.5247042318806052e-02 0
-5.3074268507771194e-02 -2.4677873589098454e-03 4.6695544733665884e-02 0
-5.3074268507771194e-02 -9.7149692010134459e-04 3.6556027829647064e-02 0
-5.3074268507771194e-02 -9.7149692010134459e-04 3.8004530244506896e-02 0
-5.3074268507771194e-02 -9.7149692010134459e-04 3.9453032659366727e-02 0
-5.3074268507771194e-02 -9.7149692010134459e-04 4.0901535074226558e-02 0
-5.3074268507771194e-02 -9.7149692010134459e-04 4.2350037489086390e-02 0
-5.3074268507771194e-02 -9.7149692010134459e-04 4.3798539903946221e-02 0
-5.3074268507771194e-02 -9.7149692010134459e-04 4.5247042318806052e-02 0
-5.3074268507771194e-02 -9.7149692010134459e-04 4.6695544733665884e-02 0
-5.3074268507771194e-02 5.2479351870715618e-04 3.6556027829647064e-02 0
-5.3074268507771194e-02 5.2479351870715618e-04 3.8004530244506896e-02 0
-5.3074268507771194e-02 5.2479351870715618e-04 3.9453032659366727e-02 0
-5.3074268507771194e-02 5.2479351870715618e-04 4.0901535074226558e-02 0
-5.3074268507771194e-02 5.2479351870715618e-04 4.2350037489086390e-02 0
-5.3074268507771194e-02 5.2479351870715618e-04 4.3798539903946221e-02 0
-5.3074268507771194e-02 5.2479351870715618e-04 4.5247042318806052e-02 0
-5.3074268507771194e-02 5.2479351870715618e-04 4.6695544733665884e-02 0
-5.3074268507771194e-02 2.0210839575156569e-03 3.6556027829647064e-02 0
-5.3074268507771194e-02 2.0210839575156569e-03 3.8004530244506896e-02 0
-5.3074268507771194e-02 2.0210839575156569e-03 3.9453032659366727e-02 0
-5.3074268507771194e-02 2.0210839575156569e-03 4.0901535074226558e-02 0
-5.3074268507771194e-02 2.0210839575156569e-03 4.2350037489086390e-02 0
-5.3074268507771194e-02 2.0210839575156569e-03 4.3798539903946221e-02 0
-5.3074268507771194e-02 2.0210839575156569e-03 4.5247042318806052e-02 0
-5.3074268507771194e-02 2.0210839575156569e-03 4.6695544733665884e-02 0
-5.3074268507771194e-02 3.5173743963241577e-03 3.6556027829647064e-02 0
-5.3074268507771194e-02 3.5173743963241577e-03 3.8004530244506896e-02 0
-5.3074268507771194e-02 3.5173743963241577e-03 3.9453032659366727e-02 0
-5.3074268507771194e-02 3.5173743963241577e-03 4.0901535074226558e-02 0
-5.3074268507771194e-02 3.5173743963241577e-03 4.2350037489086390e-02 0
-5.3074268507771194e-02 3.5173743963241577e-03 4.3798539903946221e-02 0
-5.3074268507771194e-02 3.5173743963241577e-03 4.5247042318806052e-02 0
-5.3074268507771194e-02 3.5173743963241577e-03 4.6695544733665884e-02 0
-5.3074268507771194e-02 5.0136648351326585e-03 3.6556027829647064e-02 0
-5.3074268507771194e-02 5.0136648351326585e-03 3.8004530244506896e-02 0
-5.3074268507771194e-02 5.0136648351326585e-03 3.9453032659366727e-02 0
-5.3074268507771194e-02 5.0136648351326585e-03 4.0901535074226558e-02 0
-5.3074268507771194e-02 5.0136648351326585e-03 4.2350037489086390e-02 0
-5.3074268507771194e-02 5.0136648351326585e-03 4.3798539903946221e-02 0
-5.3074268507771194e-02 5.0136648351326585e-03 4.5247042318806052e-02 0
-5.3074268507771194e-02 5.0136648351326585e-03 4.6695544733665884e-02 0
-5.3074268507771194e-02 6.5099552739411592e-03 3.6556027829647064e-02 0
-5.3074268507771194e-02 6.5099552739411592e-03 3.8004530244506896e-02 0
-5.3074268507771194e-02 6.5099552739411592e-03 3.9453032659366727e-02 0
-5.3074268507771194e-02 6.5099552739411592e-03 4.0901535074226558e-02 0
-5.3074268507771194e-02 6.5099552739411592e-03 4.2350037489086390e-02 0
-5.3074268507771194e-02 6.5099552739411592e-03 4.3798539903946221e-02 0
-5.3074268507771194e-02 6.5099552739411592e-03 4.5247042318806052e-02 0
-5.3074268507771194e-02 6.5099552739411592e-03 4.6695544733665884e-02 0
-5.3074268507771194e-02 8.0062457127496600e-03 3.6556027829647064e-02 0
-5.3074268507771194e-02 8.0062457127496600e-03 3.8004530244506896e-02 0
-5.3074268507771194e-02 8.0062457127496600e-03 3.9453032659366727e-02 0
-5.3074268507771194e-02 8.0062457127496600e-03 4.0901535074226558e-02 0
-5.3074268507771194e-02 8.0062457127496600e-03 4.2350037489086390e-02 0
-5.3074268507771194e-02 8.0062457127496600e-03 4.3798539903946221e-02 0
-5.3074268507771194e-02 8.0062457127496600e-03 4.5247042318806052e-02 0
-5.3074268507771194e-02 8.0062457127496600e-03 4.6695544733665884e-02 0
-5.3074268507771194e-02 9.5025361515581608e-03 3.6556027829647064e-02 0
-5.3074268507771194e-02 9.5025361515581608e-03 3.8004530244506896e-02 0
-5.3074268507771194e-02 9.5025361515581608e-03 3.9453032659366727e-02 0
-5.3074268507771194e-02 9.5025361515581608e-03 4.0901535074226558e-02 0
-5.3074268507771194e-02 9.5025361515581608e-03 4.2350037489086390e-02 0
-5.3074268507771194e-02 9.5025361515581608e-03 4.3798539903946221e-02 0
-5.3074268507771194e-02 9.5025361515581608e-03 4.5247042318806052e-02 0
-5.3074268507771194e-02 9.5025361515581608e-03 4.6695544733665884e-02 0
-5.3074268507771194e-02 1.0998826590366662e-02 3.6556027829647064e-02 0
-5.3074268507771194e-02 1.0998826590366662e-02 3.8004530244506896e-02 0
-5.3074268507771194e-02 1.0998826590366662e-02 3.9453032659366727e-02 0
-5.3074268507771194e-02 1.0998826590366662e-02 4.0901535074226558e-02 0
-5.3074268507771194e-02 1.0998826590366662e-02 4.2350037489086390e-02 0
-5.3074268507771194e-02 1.0998826590366662e-02 4.3798539903946221e-02 0
-5.3074268507771194e-02 1.0998826590366662e-02 4.5247042318806052e-02 0
-5.3074268507771194e-02 1.0998826590366662e-02 4.6695544733665884e-02 0
-5.3074268507771194e-02 1.2495117029175162e-02 3.6556027829647064e-02 0
-5.3074268507771194e-02 1.2495117029175162e-02 3.8004530244506896e-02 0
-5.3074268507771194e-02 1.2495117029175162e-02 3.9453032659366727e-02 0
-5.3074268507771194e-02 1.2495117029175162e-02 4.0901535074226558e-02 0
-5.3074268507771194e-02 1.2495117029175162e-02 4.2350037489086390e-02 0
-5.3074268507771194e-02 1.2495117029175162e-02 4.3798539903946221e-02 0
-5.3074268507771194e-02 1.2495117029175162e-02 4.5247042318806052e-02 0
-5.3074268507771194e-02 1.2495117029175162e-02 4.6695544733665884e-02 0
-5.3074268507771194e-02 1.3991407467983663e-02 3.6556027829647064e-02 0
-5.3074268507771194e-02 1.3991407467983663e-02 3.8004530244506896e-02 0
-5.3074268507771194e-02 1.3991407467983663e-02 3.9453032659366727e-02 0
-5.3074268507771194e-02 1.3991407467983663e-02 4.0901535074226558e-02 0
-5.3074268507771194e-02 1.3991407467983663e-02 4.2350037489086390e-02 0
-5.3074268507771194e-02 1.3991407467983663e-02 4.3798539903946221e-02 0
-5.3074268507771194e-02 1.3991407467983663e-02 4.5247042318806052e-02 0
-5.3074268507771194e-02 1.3991407467983663e-02 4.6695544733665884e-02 0
-5.3074268507771194e-02 1.5487697906792164e-02 3.6556027829647064e-02 0
-5.3074268507771194e-02 1.5487697906792164e-02 3.8004530244506896e-02 0
-5.3074268507771194e-02 1.5487697906792164e-02 3.9453032659366727e-02 0
-5.3074268507771194e-02 1.5487697906792164e-02 4.0901535074226558e-02 0
-5.3074268507771194e-02 1.5487697906792164e-02 4.2350037489086390e-02 0
-5.3074268507771194e-02 1.5487697906792164e-02 4.3798539903946221e-02 0
-5.3074268507771194e-02 1.5487697906792164e-02 4.5247042318806052e-02 0
-5.3074268507771194e-02 1.5487697906792164e-02 4.6695544733665884e-02 0
-5.3074268507771194e-02 1.6983988345600665e-02 3.6556027829647064e-02 0
-5.3074268507771194e-02 1.6983988345600665e-02 3.8004530244506896e-02 0
-5.3074268507771194e-02 1.6983988345600665e-02 3.9453032659366727e-02 0
-5.3074268507771194e-02 1.6983988345600665e-02 4.0901535074226558e-02 0
-5.3074268507771194e-02 1.6983988345600665e-02 4.2350037489086390e-02 0
-5.3074268507771194e-02 1.6983988345600665e-02 4.3798539903946221e-02 0
-5.3074268507771194e-02 1.6983988345600665e-02 4.5247042318806052e-02 0
-5.3074268507771194e-02 1.6983988345600665e-02 4.6695544733665884e-02 0
-5.3074268507771194e-02 1.8480278784409165e-02 3.6556027829647064e-02 0
-5.3074268507771194e-02 1.8480278784409165e-02 3.8004530244506896e-02 0
-5.3074268507771194e-02 1.8480278784409165e-02 3.9453032659366727e-02 0
-5.3074268507771194e-02 1.8480278784409165e-02 4.0901535074226558e-02 0
-5.3074268507771194e-02 1.8480278784409165e-02 4.2350037489086390e-02 0
-5.3074268507771194e-02 1.8480278784409165e-02 4.3798539903946221e-02 0
-5.3074268507771194e-02 1.8480278784409165e-02 4.5247042318806052e-02 0
-5.3074268507771194e-02 1.8480278784409165e-02 4.6695544733665884e-02 0
-5.3074268507771194e-02 1.9976569223217666e-02 3.6556027829647064e-02 0
-5.3074268507771194e-02 1.9976569223217666e-02 3.8004530244506896e-02 0
-5.3074268507771194e-02 1.9976569223217666e-02 3.9453032659366727e-02 0
-5.3074268507771194e-02 1.9976569223217666e-02 4.0901535074226558e-02 0
-5.3074268507771194e-02 1.9976569223217666e-02 4.2350037489086390e-02 0
-5.3074268507771194e-02 1.9976569223217666e-02 4.3798539903946221e-02 0
-5.3074268507771194e-02 1.9976569223217666e-02 4.5247042318806052e-02 0
-5.3074268507771194e-02 1.9976569223217666e-02 4.6695544733665884e-02 0
-5.3074268507771194e-02 2.1472859662026167e-02 3.6556027829647064e-02 0
-5.3074268507771194e-02 2.1472859662026167e-02 3.8004530244506896e-02 0
-5.3074268507771194e-02 2.1472859662026167e-02 3.9453032659366727e-02 0
-5.3074268507771194e-02 2.1472859662026167e-02 4.0901535074226558e-02 0
-5.3074268507771194e-02 2.1472859662026167e-02 4.2350037489086390e-02 0
-5.3074268507771194e-02 2.1472859662026167e-02 4.3798539903946221e-02 0
-5.3074268507771194e-02 2.1472859662026167e-02 4.5247042318806052e-02 0
-5.3074268507771194e-02 2.1472859662026167e-02 4.6695544733665884e-02 0
-5.1590620074421167e-02 -4.4363919645547867e-02 3.6556027829647064e-02 0
-5.1590620074421167e-02 -4.2867629206739366e-02 3.6556027829647064e-02 0
-5.1590620074421167e-02 -4.4363919645547867e-02 3.8004530244506896e-02 0
-5.1590620074421167e-02 -4.2867629206739366e-02 3.8004530244506896e-02 0
-5.1590620074421167e-02 -4.4363919645547867e-02 3.9453032659366727e-02 0
-5.1590620074421167e-02 -4.2867629206739366e-02 3.9453032659366727e-02 0
-5.1590620074421167e-02 -4.4363919645547867e-02 4.0901535074226558e-02 0
-5.1590620074421167e-02 -4.2867629206739366e-02 4.0901535074226558e-02 0
-5.1590620074421167e-02 -4.4363919645547867e-02 4.2350037489086390e-02 0
-5.1590620074421167e-02 -4.2867629206739366e-02 4.2350037489086390e-02 0
-5.1590620074421167e-02 -4.4363919645547867e-02 4.3798539903946221e-02 0
-5.1590620074421167e-02 -4.2867629206739366e-02 4.3798539903946221e-02 0
-5.1590620074421167e-02 -4.4363919645547867e-02 4.5247042318806052e-02 0
-5.1590620074421167e-02 -4.2867629206739366e-02 4.5247042318806052e-02 0
-5.1590620074421167e-02 -4.4363919645547867e-02 4.6695544733665884e-02 0
-5.1590620074421167e-02 -4.2867629206739366e-02 4.6695544733665884e-02 0
-5.1590620074421167e-02 -4.4363919645547867e-02 4.8144047148525715e-02 0
-5.1590620074421167e-02 -4.2867629206739366e-02 4.8144047148525715e-02 0
-5.1590620074421167e-02 -4.4363919645547867e-02 4.9592549563385546e-02 0
-5.1590620074421167e-02 -4.2867629206739366e-02 4.9592549563385546e-02 0
-5.1590620074421167e-02 -4.4363919645547867e-02 5.1041051978245378e-02 0
-5.1590620074421167e-02 -4.2867629206739366e-02 5.1041051978245378e-02 0
-5.1590620074421167e-02 -4.1371338767930865e-02 3.6556027829647064e-02 0
-5.1590620074421167e-02 -4.1371338767930865e-02 3.8004530244506896e-02 0
-5.1590620074421167e-02 -4.1371338767930865e-02 3.9453032659366727e-02 0
-5.1590620074421167e-02 -4.1371338767930865e-02 4.0901535074226558e-02 0
-5.1590620074421167e-02 -4.1371338767930865e-02 4.2350037489086390e-02 0
-5.1590620074421167e-02 -4.1371338767930865e-02 4.3798539903946221e-02 0
-5.1590620074421167e-02 -4.1371338767930865e-02 4.5247042318806052e-02 0
-5.1590620074421167e-02 -4.1371338767930865e-02 4.6695544733665884e-02 0
-5.1590620074421167e-02 -4.1371338767930865e-02 4.8144047148525715e-02 0
-5.1590620074421167e-02 -4.1371338767930865e-02 4.9592549563385546e-02 0
-5.1590620074421167e-02 -4.1371338767930865e-02 5.1041051978245378e-02 0
-5.1590620074421167e-02 -3.9875048329122365e-02 3.6556027829647064e-02 0
-5.1590620074421167e-02 -3.9875048329122365e-02 3.8004530244506896e-02 0
-5.1590620074421167e-02 -3.9875048329122365e-02 3.9453032659366727e-02 0
-5.1590620074421167e-02 -3.9875048329122365e-02 4.0901535074226558e-02 0
-5.1590620074421167e-02 -3.9875048329122365e-02 4.2350037489086390e-02 0
-5.1590620074421167e-02 -3.9875048329122365e-02 4.3798539903946221e-02 0
-5.1590620074421167e-02 -3.9875048329122365e-02 4.5247042318806052e-02 0
-5.1590620074421167e-02 -3.9875048329122365e-02 4.6695544733665884e-02 0
-5.1590620074421167e-02 -3.9875048329122365e-02 4.8144047148525715e-02 0
-5.1590620074421167e-02 -3.9875048329122365e-02 4.9592549563385546e-02 0
-5.1590620074421167e-02 -3.9875048329122365e-02 5.1041051978245378e-02 0
-5.1590620074421167e-02 -3.8378757890313864e-02 3.6556027829647064e-02 0
-5.1590620074421167e-02 -3.8378757890313864e-02 3.8004530244506896e-02 0
-5.1590620074421167e-02 -3.8378757890313864e-02 3.9453032659366727e-02 0
-5.1590620074421167e-02 -3.8378757890313864e-02 4.0901535074226558e-02 0
-5.1590620074421167e-02 -3.8378757890313864e-02 4.2350037489086390e-02 0
-5.1590620074421167e-02 -3.8378757890313864e-02 4.3798539903946221e-02 0
-5.1590620074421167e-02 -3.8378757890313864e-02 4.5247042318806052e-02 0
-5.1590620074421167e-02 -3.8378757890313864e-02 4.6695544733665884e-02 0
-5.1590620074421167e-02 -3.8378757890313864e-02 4.8144047148525715e-02 0
-5.1590620074421167e-02 -3.8378757890313864e-02 4.9592549563385546e-02 0
-5.1590620074421167e-02 -3.8378757890313864e-02 5.1041051978245378e-02 0
-5.1590620074421167e-02 -3.6882467451505363e-02 3.6556027829647064e-02 0
-5.1590620074421167e-02 -3.6882467451505363e-02 3.8004530244506896e-02 0
-5.1590620074421167e-02 -3.6882467451505363e-02 3.9453032659366727e-02 0
-5.1590620074421167e-02 -3.6882467451505363e-02 4.0901535074226558e-02 0
-5.1590620074421167e-02 -3.6882467451505363e-02 4.2350037489086390e-02 0
-5.1590620074421167e-02 -3.6882467451505363e-02 4.3798539903946221e-02 0
-5.1590620074421167e-02 -3.6882467451505363e-02 4.5247042318806052e-02 0
-5.1590620074421167e-02 -3.6882467451505363e-02 4.6695544733665884e-02 0
-5.1590620074421167e-02 -3.6882467451505363e-02 4.8144047148525715e-02 0
-5.1590620074421167e-02 -3.6882467451505363e-02 4.9592549563385546e-02 0
-5.1590620074421167e-02 -3.6882467451505363e-02 5.1041051978245378e-02 0
-5.1590620074421167e-02 -3.5386177012696862e-02 3.6556027829647064e-02 0
-5.1590620074421167e-02 -3.5386177012696862e-02 3.8004530244506896e-02 0
-5.1590620074421167e-02 -3.5386177012696862e-02 3.9453032659366727e-02 0
-5.1590620074421167e-02 -3.5386177012696862e-02 4.0901535074226558e-02 0
-5.1590620074421167e-02 -3.5386177012696862e-02 4.2350037489086390e-02 0
-5.1590620074421167e-02 -3.5386177012696862e-02 4.3798539903946221e-02 0
-5.1590620074421167e-02 -3.5386177012696862e-02 4.5247042318806052e-02 0
-5.1590620074421167e-02 -3.5386177012696862e-02 4.6695544733665884e-02 0
-5.1590620074421167e-02 -3.5386177012696862e-02 4.8144047148525715e-02 0
-5.1590620074421167e-02 -3.5386177012696862e-02 4.9592549563385546e-02 0
-5.1590620074421167e-02 -3.5386177012696862e-02 5.1041051978245378e-02 0
-5.1590620074421167e-02 -3.3889886573888361e-02 3.6556027829647064e-02 0
-5.1590620074421167e-02 -3.3889886573888361e-02 3.8004530244506896e-02 0
-5.1590620074421167e-02 -3.3889886573888361e-02 3.9453032659366727e-02 0
-5.1590620074421167e-02 -3.3889886573888361e-02 4.0901535074226558e-02 0
-5.1590620074421167e-02 -3.3889886573888361e-02 4.2350037489086390e-02 0
-5.1590620074421167e-02 -3.3889886573888361e-02 4.3798539903946221e-02 0
-5.1590620074421167e-02 -3.3889886573888361e-02 4.5247042318806052e-02 0
-5.1590620074421167e-02 -3.3889886573888361e-02 4.6695544733665884e-02 0
-5.1590620074421167e-02 -3.3889886573888361e-02 4.8144047148525715e-02 0
-5.1590620074421167e-02 -3.3889886573888361e-02 4.9592549563385546e-02 0
-5.1590620074421167e-02 -3.3889886573888361e-02 5.1041051978245378e-02 0
-5.1590620074421167e-02 -3.2393596135079861e-02 3.6556027829647064e-02 0
-5.1590620074421167e-02 -3.2393596135079861e-02 3.8004530244506896e-02 0
-5.1590620074421167e-02 -3.2393596135079861e-02 3.9453032659366727e-02 0
-5.1590620074421167e-02 -3.2393596135079861e-02 4.0901535074226558e-02 0
-5.1590620074421167e-02 -3.2393596135079861e-02 4.2350037489086390e-02 0
-5.1590620074421167e-02 -3.2393596135079861e-02 4.3798539903946221e-02 0
-5.1590620074421167e-02 -3.2393596135079861e-02 4.5247042318806052e-02 0
-5.1590620074421167e-02 -3.2393596135079861e-02 4.6695544733665884e-02 0
-5.1590620074421167e-02 -3.2393596135079861e-02 4.8144047148525715e-02 0
-5.1590620074421167e-02 -3.2393596135079861e-02 4.9592549563385546e-02 0
-5.1590620074421167e-02 -3.2393596135079861e-02 5.1041051978245378e-02 0
-5.1590620074421167e-02 -3.0897305696271360e-02 3.6556027829647064e-02 0
-5.1590620074421167e-02 -3.0897305696271360e-02 3.8004530244506896e-02 0
-5.1590620074421167e-02 -3.0897305696271360e-02 3.9453032659366727e-02 0
-5.1590620074421167e-02 -3.0897305696271360e-02 4.0901535074226558e-02 0
-5.1590620074421167e-02 -3.0897305696271360e-02 4.2350037489086390e-02 0
-5.1590620074421167e-02 -3.0897305696271360e-02 4.3798539903946221e-02 0
-5.1590620074421167e-02 -3.0897305696271360e-02 4.5247042318806052e-02 0
-5.1590620074421167e-02 -3.0897305696271360e-02 4.6695544733665884e-02 0
-5.1590620074421167e-02 -3.0897305696271360e-02 4.8144047148525715e-02 0
-5.1590620074421167e-02 -3.0897305696271360e-02 4.9592549563385546e-02 0
-5.1590620074421167e-02 -3.0897305696271360e-02 5.1041051978245378e-02 0
-5.1590620074421167e-02 -2.9401015257462859e-02 3.6556027829647064e-02 0
-5.1590620074421167e-02 -2.9401015257462859e-02 3.8004530244506896e-02 0
-5.1590620074421167e-02 -2.9401015257462859e-02 3.9453032659366727e-02 0
-5.1590620074421167e-02 -2.9401015257462859e-02 4.0901535074226558e-02 0
-5.1590620074421167e-02 -2.9401015257462859e-02 4.2350037489086390e-02 0
-5.1590620074421167e-02 -2.9401015257462859e-02 4.3798539903946221e-02 0
-5.1590620074421167e-02 -2.9401015257462859e-02 4.5247042318806052e-02 0
-5.1590620074421167e-02 -2.9401015257462859e-02 4.6695544733665884e-02 0
-5.1590620074421167e-02 -2.9401015257462859e-02 4.8144047148525715e-02 0
-5.1590620074421167e-02 -2.9401015257462859e-02 4.9592549563385546e-02 0
-5.1590620074421167e-02 -2.9401015257462859e-02 5.1041051978245378e-02 0
-5.1590620074421167e-02 -2.7904724818654358e-02 3.6556027829647064e-02 0
-5.1590620074421167e-02 -2.7904724818654358e-02 3.8004530244506896e-02 0
-5.1590620074421167e-02 -2.7904724818654358e-02 3.9453032659366727e-02 0
-5.1590620074421167e-02 -2.7904724818654358e-02 4.0901535074226558e-02 0
-5.1590620074421167e-02 -2.7904724818654358e-02 4.2350037489086390e-02 0
-5.1590620074421167e-02 -2.7904724818654358e-02 4.3798539903946221e-02 0
-5.1590620074421167e-02 -2.7904724818654358e-02 4.5247042318806052e-02 0
-5.1590620074421167e-02 -2.7904724818654358e-02 4.6695544733665884e-02 0
-5.1590620074421167e-02 -2.7904724818654358e-02 4.8144047148525715e-02 0
-5.1590620074421167e-02 -2.7904724818654358e-02 4.9592549563385546e-02 0
-5.1590620074421167e-02 -2.7904724818654358e-02 5.1041051978245378e-02 0
-5.1590620074421167e-02 -2.6408434379845858e-02 3.6556027829647064e-02 0
-5.1590620074421167e-02 -2.6408434379845858e-02 3.8004530244506896e-02 0
-5.1590620074421167e-02 -2.6408434379845858e-02 3.9453032659366727e-02 0
-5.1590620074421167e-02 -2.6408434379845858e-02 4.0901535074226558e-02 0
-5.1590620074421167e-02 -2.6408434379845858e-02 4.2350037489086390e-02 0
-5.1590620074421167e-02 -2.6408434379845858e-02 4.3798539903946221e-02 0
-5.1590620074421167e-02 -2.6408434379845858e-02 4.5247042318806052e-02 0
-5.1590620074421167e-02 -2.6408434379845858e-02 4.6695544733665884e-02 0
-5.1590620074421167e-02 -2.6408434379845858e-02 4.8144047148525715e-02 0
-5.1590620074421167e-02 -2.6408434379845858e-02 4.9592549563385546e-02 0
-5.1590620074421167e-02 -2.6408434379845858e-02 5.1041051978245378e-02 0
-5.1590620074421167e-02 -2.4912143941037357e-02 3.6556027829647064e-02 0
-5.1590620074421167e-02 -2.4912143941037357e-02 3.8004530244506896e-02 0
-5.1590620074421167e-02 -2.4912143941037357e-02 3.9453032659366727e-02 0
-5.1590620074421167e-02 -2.4912143941037357e-02 4.0901535074226558e-02 0
-5.1590620074421167e-02 -2.4912143941037357e-02 4.2350037489086390e-02 0
-5.1590620074421167e-02 -2.4912143941037357e-02 4.3798539903946221e-02 0
-5.1590620074421167e-02 -2.4912143941037357e-02 4.5247042318806052e-02 0
-5.1590620074421167e-02 -2.4912143941037357e-02 4.6695544733665884e-02 0
-5.1590620074421167e-02 -2.4912143941037357e-02 4.8144047148525715e-02 0
-5.1590620074421167e-02 -2.4912143941037357e-02 4.9592549563385546e-02 0
-5.1590620074421167e-02 -2.4912143941037357e-02 5.1041051978245378e-02 0
-5.1590620074421167e-02 -2.3415853502228856e-02 3.6556027829647064e-02 0
-5.1590620074421167e-02 -2.3415853502228856e-02 3.8004530244506896e-02 0
-5.1590620074421167e-02 -2.3415853502228856e-02 3.9453032659366727e-02 0
-5.1590620074421167e-02 -2.3415853502228856e-02 4.0901535074226558e-02 0
-5.1590620074421167e-02 -2.3415853502228856e-02 4.2350037489086390e-02 0
-5.1590620074421167e-02 -2.3415853502228856e-02 4.3798539903946221e-02 0
-5.1590620074421167e-02 -2.3415853502228856e-02 4.5247042318806052e-02 0
-5.1590620074421167e-02 -2.3415853502228856e-02 4.6695544733665884e-02 0
-5.1590620074421167e-02 -2.1919563063420355e-02 3.6556027829647064e-02 0
-5.1590620074421167e-02 -2.1919563063420355e-02 3.8004530244506896e-02 0
-5.1590620074421167e-02 -2.1919563063420355e-02 3.9453032659366727e-02 0
-5.1590620074421167e-02 -2.1919563063420355e-02 4.0901535074226558e-02 0
-5.1590620074421167e-02 -2.1919563063420355e-02 4.2350037489086390e-02 0
-5.1590620074421167e-02 -2.1919563063420355e-02 4.3798539903946221e-02 0
-5.1590620074421167e-02 -2.1919563063420355e-02 4.5247042318806052e-02 0
-5.1590620074421167e-02 -2.1919563063420355e-02 4.6695544733665884e-02 0
-5.1590620074421167e-02 -2.0423272624611855e-02 3.6556027829647064e-02 0
-5.1590620074421167e-02 -2.0423272624611855e-02 3.8004530244506896e-02 0
-5.1590620074421167e-02 -2.0423272624611855e-02 3.9453032659366727e-02 0
-5.1590620074421167e-02 -2.0423272624611855e-02 4.0901535074226558e-02 0
-5.1590620074421167e-02 -2.0423272624611855e-02 4.2350037489086390e-02 0
-5.1590620074421167e-02 -2.0423272624611855e-02 4.3798539903946221e-02 0
-5.1590620074421167e-02 -2.0423272624611855e-02 4.5247042318806052e-02 0
-5.1590620074421167e-02 -2.0423272624611855e-02 4.6695544733665884e-02 0
-5.1590620074421167e-02 -1.8926982185803354e-02 3.6556027829647064e-02 0
-5.1590620074421167e-02 -1.8926982185803354e-02 3.8004530244506896e-02 0
-5.1590620074421167e-02 -1.8926982185803354e-02 3.9453032659366727e-02 0
-5.1590620074421167e-02 -1.8926982185803354e-02 4.0901535074226558e-02 0
-5.1590620074421167e-02 -1.8926982185803354e-02 4.2350037489086390e-02 0
-5.1590620074421167e-02 -1.8926982185803354e-02 4.3798539903946221e-02 0
-5.1590620074421167e-02 -1.8926982185803354e-02 4.5247042318806052e-02 0
-5.1590620074421167e-02 -1.8926982185803354e-02 4.6695544733665884e-02 0
-5.1590620074421167e-02 -1.7430691746994853e-02 3.6556027829647064e-02 0
-5.1590620074421167e-02 -1.7430691746994853e-02 3.8004530244506896e-02 0
-5.1590620074421167e-02 -1.7430691746994853e-02 3.9453032659366727e-02 0
-5.1590620074421167e-02 -1.7430691746994853e-02 4.0901535074226558e-02 0
-5.1590620074421167e-02 -1.7430691746994853e-02 4.2350037489086390e-02 0
-5.1590620074421167e-02 -1.7430691746994853e-02 4.3798539903946221e-02 0
-5.1590620074421167e-02 -1.7430691746994853e-02 4.5247042318806052e-02 0
-5.1590620074421167e-02 -1.7430691746994853e-02 4.6695544733665884e-02 0
-5.1590620074421167e-02 -1.5934401308186352e-02 3.6556027829647064e-02 0
-5.1590620074421167e-02 -1.5934401308186352e-02 3.8004530244506896e-02 0
-5.1590620074421167e-02 -1.5934401308186352e-02 3.9453032659366727e-02 0
-5.1590620074421167e-02 -1.5934401308186352e-02 4.0901535074226558e-02 0
-5.1590620074421167e-02 -1.5934401308186352e-02 4.2350037489086390e-02 0
-5.1590620074421167e-02 -1.5934401308186352e-02 4.3798539903946221e-02 0
-5.1590620074421167e-02 -1.5934401308186352e-02 4.5247042318806052e-02 0
-5.1590620074421167e-02 -1.5934401308186352e-02 4.6695544733665884e-02 0
-5.1590620074421167e-02 -1.4438110869377851e-02 3.6556027829647064e-02 0
-5.1590620074421167e-02 -1.4438110869377851e-02 3.8004530244506896e-02 0
-5.1590620074421167e-02 -1.4438110869377851e-02 3.9453032659366727e-02 0
-5.1590620074421167e-02 -1.4438110869377851e-02 4.0901535074226558e-02 0
-5.1590620074421167e-02 -1.4438110869377851e-02 4.2350037489086390e-02 0
-5.1590620074421167e-02 -1.4438110869377851e-02 4.3798539903946221e-02 0
-5.1590620074421167e-02 -1.4438110869377851e-02 4.5247042318806052e-02 0
-5.1590620074421167e-02 -1.4438110869377851e-02 4.6695544733665884e-02 0
-5.1590620074421167e-02 -1.2941820430569351e-02 3.6556027829647064e-02 0
-5.1590620074421167e-02 -1.2941820430569351e-02 3.8004530244506896e-02 0
-5.1590620074421167e-02 -1.2941820430569351e-02 3.9453032659366727e-02 0
-5.1590620074421167e-02 -1.2941820430569351e-02 4.0901535074226558e-02 0
-5.1590620074421167e-02 -1.2941820430569351e-02 4.2350037489086390e-02 0
-5.1590620074421167e-02 -1.2941820430569351e-02 4.3798539903946221e-02 0
-5.1590620074421167e-02 -1.2941820430569351e-02 4.5247042318806052e-02 0
-5.1590620074421167e-02 -1.2941820430569351e-02 4.6695544733665884e-02 0
-5.1590620074421167e-02 -1.1445529991760850e-02 3.6556027829647064e-02 0
-5.1590620074421167e-02 -1.1445529991760850e-02 3.8004530244506896e-02 0
-5.1590620074421167e-02 -1.1445529991760850e-02 3.9453032659366727e-02 0
-5.1590620074421167e-02 -1.1445529991760850e-02 4.0901535074226558e-02 0
-5.1590620074421167e-02 -1.1445529991760850e-02 4.2350037489086390e-02 0
-5.1590620074421167e-02 -1.1445529991760850e-02 4.3798539903946221e-02 0
-5.1590620074421167e-02 -1.1445529991760850e-02 4.5247042318806052e-02 0
-5.1590620074421167e-02 -1.1445529991760850e-02 4.6695544733665884e-02 0
-5.1590620074421167e-02 -9.9492395529523492e-03 3.6556027829647064e-02 0
-5.1590620074421167e-02 -9.9492395529523492e-03 3.8004530244506896e-02 0
-5.1590620074421167e-02 -9.9492395529523492e-03 3.9453032659366727e-02 0
-5.1590620074421167e-02 -9.9492395529523492e-03 4.0901535074226558e-02 0
-5.1590620074421167e-02 -9.9492395529523492e-03 4.2350037489086390e-02 0
-5.1590620074421167e-02 -9.9492395529523492e-03 4.3798539903946221e-02 0
-5.1590620074421167e-02 -9.9492395529523492e-03 4.5247042318806052e-02 0
-5.1590620074421167e-02 -9.9492395529523492e-03 4.6695544733665884e-02 0
-5.1590620074421167e-02 -8.4529491141438484e-03 3.6556027829647064e-02 0
-5.1590620074421167e-02 -8.4529491141438484e-03 3.8004530244506896e-02 0
-5.1590620074421167e-02 -8.4529491141438484e-03 3.9453032659366727e-02 0
-5.1590620074421167e-02 -8.4529491141438484e-03 4.0901535074226558e-02 0
-5.1590620074421167e-02 -8.4529491141438484e-03 4.2350037489086390e-02 0
-5.1590620074421167e-02 -8.4529491141438484e-03 4.3798539903946221e-02 0
-5.1590620074421167e-02 -8.4529491141438484e-03 4.5247042318806052e-02 0
-5.1590620074421167e-02 -8.4529491141438484e-03 4.6695544733665884e-02 0
-5.1590620074421167e-02 -6.9566586753353477e-03 3.6556027829647064e-02 0
-5.1590620074421167e-02 -6.9566586753353477e-03 3.8004530244506896e-02 0
-5.1590620074421167e-02 -6.9566586753353477e-03 3.9453032659366727e-02 0
-5.1590620074421167e-02 -6.9566586753353477e-03 4.0901535074226558e-02 0
-5.1590620074421167e-02 -6.9566586753353477e-03 4.2350037489086390e-02 0
-5.1590620074421167e-02 -6.9566586753353477e-03 4.3798539903946221e-02 0
-5.1590620074421167e-02 -6.9566586753353477e-03 4.5247042318806052e-02 0
-5.1590620074421167e-02 -6.9566586753353477e-03 4.6695544733665884e-02 0
-5.1590620074421167e-02 -5.4603682365268469e-03 3.6556027829647064e-02 0
-5.1590620074421167e-02 -5.4603682365268469e-03 3.8004530244506896e-02 0
-5.1590620074421167e-02 -5.4603682365268469e-03 3.9453032659366727e-02 0
-5.1590620074421167e-02 -5.4603682365268469e-03 4.0901535074226558e-02 0
-5.1590620074421167e-02 -5.4603682365268469e-03 4.2350037489086390e-02 0
-5.1590620074421167e-02 -5.4603682365268469e-03 4.3798539903946221e-02 0
-5.1590620074421167e-02 -5.4603682365268469e-03 4.5247042318806052e-02 0
-5.1590620074421167e-02 -5.4603682365268469e-03 4.6695544733665884e-02 0
-5.1590620074421167e-02 -3.9640777977183461e-03 3.6556027829647064e-02 0
-5.1590620074421167e-02 -3.9640777977183461e-03 3.8004530244506896e-02 0
-5.1590620074421167e-02 -3.9640777977183461e-03 3.9453032659366727e-02 0
-5.1590620074421167e-02 -3.9640777977183461e-03 4.0901535074226558e-02 0
-5.1590620074421167e-02 -3.9640777977183461e-03 4.2350037489086390e-02 0
-5.1590620074421167e-02 -3.9640777977183461e-03 4.3798539903946221e-02 0
-5.1590620074421167e-02 -3.9640777977183461e-03 4.5247042318806052e-02 0
-5.1590620074421167e-02 -3.9640777977183461e-03 4.6695544733665884e-02 0
-5.1590620074421167e-02 -2.4677873589098454e-03 3.6556027829647064e-02 0
-5.1590620074421167e-02 -2.4677873589098454e-03 3.8004530244506896e-02 0
-5.1590620074421167e-02 -2.4677873589098454e-03 3.9453032659366727e-02 0
-5.1590620074421167e-02 -2.4677873589098454e-03 4.0901535074226558e-02 0
-5.1590620074421167e-02 -2.4677873589098454e-03 4.2350037489086390e-02 0
-5.1590620074421167e-02 -2.4677873589098454e-03 4.3798539903946221e-02 0
-5.1590620074421167e-02 -2.4677873589098454e-03 4.5247042318806052e-02 0
-5.1590620074421167e-02 -2.4677873589098454e-03 4.6695544733665884e-02 0
-5.1590620074421167e-02 -9.7149692010134459e-04 3.6556027829647064e-02 0
-5.1590620074421167e-02 -9.7149692010134459e-04 3.8004530244506896e-02 0
-5.1590620074421167e-02 -9.7149692010134459e-04 3.9453032659366727e-02 0
-5.1590620074421167e-02 -9.7149692010134459e-04 4.0901535074226558e-02 0
-5.1590620074421167e-02 -9.7149692010134459e-04 4.2350037489086390e-02 0
-5.1590620074421167e-02 -9.7149692010134459e-04 4.3798539903946221e-02 0
-5.1590620074421167e-02 -9.7149692010134459e-04 4.5247042318806052e-02 0
-5.1590620074421167e-02 -9.7149692010134459e-04 4.6695544733665884e-02 0
-5.1590620074421167e-02 5.2479351870715618e-04 3.6556027829647064e-02 0
-5.1590620074421167e-02 5.2479351870715618e-04 3.8004530244506896e-02 0
-5.1590620074421167e-02 5.2479351870715618e-04 3.9453032659366727e-02 0
-5.1590620074421167e-02 5.2479351870715618e-04 4.0901535074226558e-02 0
-5.1590620074421167e-02 5.2479351870715618e-04 4.2350037489086390e-02 0
-5.1590620074421167e-02 5.2479351870715618e-04 4.3798539903946221e-02 0
-5.1590620074421167e-02 5.2479351870715618e-04 4.5247042318806052e-02 0
-5.1590620074421167e-02 5.2479351870715618e-04 4.6695544733665884e-02 0
-5.1590620074421167e-02 2.0210839575156569e-03 3.6556027829647064e-02 0
-5.1590620074421167e-02 2.0210839575156569e-03 3.8004530244506896e-02 0
-5.1590620074421167e-02 2.0210839575156569e-03 3.9453032659366727e-02 0
-5.1590620074421167e-02 2.0210839575156569e-03 4.0901535074226558e-02 0
-5.1590620074421167e-02 2.0210839575156569e-03 4.2350037489086390e-02 0
-5.1590620074421167e-02 2.0210839575156569e-03 4.3798539903946221e-02 0
-5.1590620074421167e-02 2.0210839575156569e-03 4.5247042318806052e-02 0
-5.1590620074421167e-02 2.0210839575156569e-03 4.6695544733665884e-02 0
-5.1590620074421167e-02 3.5173743963241577e-03 3.6556027829647064e-02 0
-5.1590620074421167e-02 3.5173743963241577e-03 3.8004530244506896e-02 0
-5.1590620074421167e-02 3.5173743963241577e-03 3.9453032659366727e-02 0
-5.1590620074421167e-02 3.5173743963241577e-03 4.0901535074226558e-02 0
-5.1590620074421167e-02 3.5173743963241577e-03 4.2350037489086390e-02 0
-5.1590620074421167e-02 3.5173743963241577e-03 4.3798539903946221e-02 0
-5.1590620074421167e-02 3.5173743963241577e-03 4.5247042318806052e-02 0
-5.1590620074421167e-02 3.5173743963241577e-03 4.6695544733665884e-02 0
-5.1590620074421167e-02 5.0136648351326585e-03 3.6556027829647064e-02 0
-5.1590620074421167e-02 5.0136648351326585e-03 3.8004530244506896e-02 0
-5.1590620074421167e-02 5.0136648351326585e-03 3.9453032659366727e-02 0
-5.1590620074421167e-02 5.0136648351326585e-03 4.0901535074226558e-02 0
-5.1590620074421167e-02 5.0136648351326585e-03 4.2350037489086390e-02 0
-5.1590620074421167e-02 5.0136648351326585e-03 4.3798539903946221e-02 0
-5.1590620074421167e-02 5.0136648351326585e-03 4.5247042318806052e-02 0
-5.1590620074421167e-02 5.0136648351326585e-03 4.6695544733665884e-02 0
-5.1590620074421167e-02 6.5099552739411592e-03 3.6556027829647064e-02 0
-5.1590620074421167e-02 6.5099552739411592e-03 3.8004530244506896e-02 0
-5.1590620074421167e-02 6.5099552739411592e-03 3.9453032659366727e-02 0
-5.1590620074421167e-02 6.5099552739411592e-03 4.0901535074226558e-02 0
-5.1590620074421167e-02 6.5099552739411592e-03 4.2350037489086390e-02 0
-5.1590620074421167e-02 6.5099552739411592e-03 4.3798539903946221e-02 0
-5.1590620074421167e-02 6.5099552739411592e-03 4.5247042318806052e-02 0
-5.1590620074421167e-02 6.5099552739411592e-03 4.6695544733665884e-02 0
-5.1590620074421167e-02 8.0062457127496600e-03 3.6556027829647064e-02 0
-5.1590620074421167e-02 8.0062457127496600e-03 3.8004530244506896e-02 0
-5.1590620074421167e-02 8.0062457127496600e-03 3.9453032659366727e-02 0
-5.1590620074421167e-02 8.0062457127496600e-03 4.0901535074226558e-02 0
-5.1590620074421167e-02 8.0062457127496600e-03 4.2350037489086390e-02 0
-5.1590620074421167e-02 8.0062457127496600e-03 4.3798539903946221e-02 0
-5.1590620074421167e-02 8.0062457127496600e-03 4.5247042318806052e-02 0
-5.1590620074421167e-02 8.0062457127496600e-03 4.6695544733665884e-02 0
-5.1590620074421167e-02 9.5025361515581608e-03 3.6556027829647064e-02 0
-5.1590620074421167e-02 9.5025361515581608e-03 3.8004530244506896e-02 0
-5.1590620074421167e-02 9.5025361515581608e-03 3.9453032659366727e-02 0
-5.1590620074421167e-02 9.5025361515581608e-03 4.0901535074226558e-02 0
-5.1590620074421167e-02 9.5025361515581608e-03 4.2350037489086390e-02 0
-5.1590620074421167e-02 9.5025361515581608e-03 4.3798539903946221e-02 0
-5.1590620074421167e-02 9.5025361515581608e-03 4.5247042318806052e-02 0
-5.1590620074421167e-02 9.5025361515581608e-03 4.6695544733665884e-02 0
-5.1590620074421167e-02 1.0998826590366662e-02 3.6556027829647064e-02 0
-5.1590620074421167e-02 1.0998826590366662e-02 3.8004530244506896e-02 0
-5.1590620074421167e-02 1.0998826590366662e-02 3.9453032659366727e-02 0
-5.1590620074421167e-02 1.0998826590366662e-02 4.0901535074226558e-02 0
-5.1590620074421167e-02 1.0998826590366662e-02 4.2350037489086390e-02 0
-5.1590620074421167e-02 1.0998826590366662e-02 4.3798539903946221e-02 0
-5.1590620074421167e-02 1.0998826590366662e-02 4.5247042318806052e-02 0
-5.1590620074421167e-02 1.0998826590366662e-02 4.6695544733665884e-02 0
-5.1590620074421167e-02 1.2495117029175162e-02 3.6556027829647064e-02 0
-5.1590620074421167e-02 1.2495117029175162e-02 3.8004530244506896e-02 0
-5.1590620074421167e-02 1.2495117029175162e-02 3.9453032659366727e-02 0
-5.1590620074421167e-02 1.2495117029175162e-02 4.0901535074226558e-02 0
-5.1590620074421167e-02 1.2495117029175162e-02 4.2350037489086390e-02 0
-5.1590620074421167e-02 1.2495117029175162e-02 4.3798539903946221e-02 0
-5.1590620074421167e-02 1.2495117029175162e-02 4.5247042318806052e-02 0
-5.1590620074421167e-02 1.2495117029175162e-02 4.6695544733665884e-02 0
-5.1590620074421167e-02 1.3991407467983663e-02 3.6556027829647064e-02 0
-5.1590620074421167e-02 1.3991407467983663e-02 3.8004530244506896e-02 0
-5.1590620074421167e-02 1.3991407467983663e-02 3.9453032659366727e-02 0
-5.1590620074421167e-02 1.3991407467983663e-02 4.0901535074226558e-02 0
-5.1590620074421167e-02 1.3991407467983663e-02 4.2350037489086390e-02 0
-5.1590620074421167e-02 1.3991407467983663e-02 4.3798539903946221e-02 0
-5.1590620074421167e-02 1.3991407467983663e-02 4.5247042318806052e-02 0
-5.1590620074421167e-02 1.3991407467983663e-02 4.6695544733665884e-02 0
-5.1590620074421167e-02 1.5487697906792164e-02 3.6556027829647064e-02 0
-5.1590620074421167e-02 1.5487697906792164e-02 3.8004530244506896e-02 0
-5.1590620074421167e-02 1.5487697906792164e-02 3.9453032659366727e-02 0
-5.1590620074421167e-02 1.5487697906792164e-02 4.0901535074226558e-02 0
-5.1590620074421167e-02 1.5487697906792164e-02 4.2350037489086390e-02 0
-5.1590620074421167e-02 1.5487697906792164e-02 4.3798539903946221e-02 0
-5.1590620074421167e-02 1.5487697906792164e-02 4.5247042318806052e-02 0
-5.1590620074421167e-02 1.5487697906792164e-02 4.6695544733665884e-02 0
-5.1590620074421167e-02 1.6983988345600665e-02 3.6556027829647064e-02 0
-5.1590620074421167e-02 1.6983988345600665e-02 3.8004530244506896e-02 0
-5.1590620074421167e-02 1.6983988345600665e-02 3.9453032659366727e-02 0
-5.1590620074421167e-02 1.6983988345600665e-02 4.0901535074226558e-02 0
-5.1590620074421167e-02 1.6983988345600665e-02 4.2350037489086390e-02 0
-5.1590620074421167e-02 1.6983988345600665e-02 4.3798539903946221e-02 0
-5.1590620074421167e-02 1.6983988345600665e-02 4.5247042318806052e-02 0
-5.1590620074421167e-02 1.6983988345600665e-02 4.6695544733665884e-02 0
-5.1590620074421167e-02 1.8480278784409165e-02 3.6556027829647064e-02 0
-5.1590620074421167e-02 1.8480278784409165e-02 3.8004530244506896e-02 0
-5.1590620074421167e-02 1.8480278784409165e-02 3.9453032659366727e-02 0
-5.1590620074421167e-02 1.8480278784409165e-02 4.0901535074226558e-02 0
-5.1590620074421167e-02 1.8480278784409165e-02 4.2350037489086390e-02 0
-5.1590620074421167e-02 1.8480278784409165e-02 4.3798539903946221e-02 0
-5.1590620074421167e-02 1.8480278784409165e-02 4.5247042318806052e-02 0
-5.1590620074421167e-02 1.8480278784409165e-02 4.6695544733665884e-02 0
-5.1590620074421167e-02 1.9976569223217666e-02 3.6556027829647064e-02 0
-5.1590620074421167e-02 1.9976569223217666e-02 3.8004530244506896e-02 0
-5.1590620074421167e-02 1.9976569223217666e-02 3.9453032659366727e-02 0
-5.1590620074421167e-02 1.9976569223217666e-02 4.0901535074226558e-02 0
-5.1590620074421167e-02 1.9976569223217666e-02 4.2350037489086390e-02 0
-5.1590620074421167e-02 1.9976569223217666e-02 4.3798539903946221e-02 0
-5.1590620074421167e-02 1.9976569223217666e-02 4.5247042318806052e-02 0
-5.1590620074421167e-02 1.9976569223217666e-02 4.6695544733665884e-02 0
-5.1590620074421167e-02 2.1472859662026167e-02 3.6556027829647064e-02 0
-5.1590620074421167e-02 2.1472859662026167e-02 3.8004530244506896e-02 0
-5.1590620074421167e-02 2.1472859662026167e-02 3.9453032659366727e-02 0
-5.1590620074421167e-02 2.1472859662026167e-02 4.0901535074226558e-02 0
-5.1590620074421167e-02 2.1472859662026167e-02 4.2350037489086390e-02 0
-5.1590620074421167e-02 2.1472859662026167e-02 4.3798539903946221e-02 0
-5.1590620074421167e-02 2.1472859662026167e-02 4.5247042318806052e-02 0
-5.1590620074421167e-02 2.1472859662026167e-02 4.6695544733665884e-02 0
-5.0106971641071141e-02 -4.4363919645547867e-02 3.6556027829647064e-02 0
-5.0106971641071141e-02 -4.2867629206739366e-02 3.6556027829647064e-02 0
-5.0106971641071141e-02 -4.4363919645547867e-02 3.8004530244506896e-02 0
-5.0106971641071141e-02 -4.2867629206739366e-02 3.8004530244506896e-02 0
-5.0106971641071141e-02 -4.4363919645547867e-02 3.9453032659366727e-02 0
-5.0106971641071141e-02 -4.2867629206739366e-02 3.9453032659366727e-02 0
-5.0106971641071141e-02 -4.4363919645547867e-02 4.0901535074226558e-02 0
-5.0106971641071141e-02 -4.2867629206739366e-02 4.0901535074226558e-02 0
-5.0106971641071141e-02 -4.4363919645547867e-02 4.2350037489086390e-02 0
-5.0106971641071141e-02 -4.2867629206739366e-02 4.2350037489086390e-02 0
-5.0106971641071141e-02 -4.4363919645547867e-02 4.3798539903946221e-02 0
-5.0106971641071141e-02 -4.2867629206739366e-02 4.3798539903946221e-02 0
-5.0106971641071141e-02 -4.4363919645547867e-02 4.5247042318806052e-02 0
-5.0106971641071141e-02 -4.2867629206739366e-02 4.5247042318806052e-02 0
-5.0106971641071141e-02 -4.4363919645547867e-02 4.6695544733665884e-02 0
-5.0106971641071141e-02 -4.2867629206739366e-02 4.6695544733665884e-02 0
-5.0106971641071141e-02 -4.4363919645547867e-02 4.8144047148525715e-02 0
-5.0106971641071141e-02 -4.2867629206739366e-02 4.8144047148525715e-02 0
-5.0106971641071141e-02 -4.4363919645547867e-02 4.9592549563385546e-02 0
-5.0106971641071141e-02 -4.2867629206739366e-02 4.9592549563385546e-02 0
-5.0106971641071141e-02 -4.4363919645547867e-02 5.1041051978245378e-02 0
-5.0106971641071141e-02 -4.2867629206739366e-02 5.1041051978245378e-02 0
-5.0106971641071141e-02 -4.1371338767930865e-02 3.6556027829647064e-02 0
-5.0106971641071141e-02 -4.1371338767930865e-02 3.8004530244506896e-02 0
-5.0106971641071141e-02 -4.1371338767930865e-02 3.9453032659366727e-02 0
-5.0106971641071141e-02 -4.1371338767930865e-02 4.0901535074226558e-02 0
-5.0106971641071141e-02 -4.1371338767930865e-02 4.2350037489086390e-02 0
-5.0106971641071141e-02 -4.1371338767930865e-02 4.3798539903946221e-02 0
-5.0106971641071141e-02 -4.1371338767930865e-02 4.5247042318806052e-02 0
-5.0106971641071141e-02 -4.1371338767930865e-02 4.6695544733665884e-02 0
-5.0106971641071141e-02 -4.1371338767930865e-02 4.8144047148525715e-02 0
-5.0106971641071141e-02 -4.1371338767930865e-02 4.9592549563385546e-02 0
-5.0106971641071141e-02 -4.1371338767930865e-02 5.1041051978245378e-02 0
-5.0106971641071141e-02 -3.9875048329122365e-02 3.6556027829647064e-02 0
-5.0106971641071141e-02 -3.9875048329122365e-02 3.8004530244506896e-02 0
-5.0106971641071141e-02 -3.9875048329122365e-02 3.9453032659366727e-02 0
-5.0106971641071141e-02 -3.9875048329122365e-02 4.0901535074226558e-02 0
-5.0106971641071141e-02 -3.9875048329122365e-02 4.2350037489086390e-02 0
-5.0106971641071141e-02 -3.9875048329122365e-02 4.3798539903946221e-02 0
-5.0106971641071141e-02 -3.9875048329122365e-02 4.5247042318806052e-02 0
-5.0106971641071141e-02 -3.9875048329122365e-02 4.6695544733665884e-02 0
-5.0106971641071141e-02 -3.9875048329122365e-02 4.8144047148525715e-02 0
-5.0106971641071141e-02 -3.9875048329122365e-02 4.9592549563385546e-02 0
-5.0106971641071141e-02 -3.9875048329122365e-02 5.1041051978245378e-02 0
-5.0106971641071141e-02 -3.8378757890313864e-02 3.6556027829647064e-02 0
-5.0106971641071141e-02 -3.8378757890313864e-02 3.8004530244506896e-02 0
-5.0106971641071141e-02 -3.8378757890313864e-02 3.9453032659366727e-02 0
-5.0106971641071141e-02 -3.8378757890313864e-02 4.0901535074226558e-02 0
-5.0106971641071141e-02 -3.8378757890313864e-02 4.2350037489086390e-02 0
-5.0106971641071141e-02 -3.8378757890313864e-02 4.3798539903946221e-02 0
-5.0106971641071141e-02 -3.8378757890313864e-02 4.5247042318806052e-02 0
-5.0106971641071141e-02 -3.8378757890313864e-02 4.6695544733665884e-02 0
-5.0106971641071141e-02 -3.8378757890313864e-02 4.8144047148525715e-02 0
-5.0106971641071141e-02 -3.8378757890313864e-02 4.9592549563385546e-02 0
-5.0106971641071141e-02 -3.8378757890313864e-02 5.1041051978245378e-02 0
-5.0106971641071141e-02 -3.6882467451505363e-02 3.6556027829647064e-02 0
-5.0106971641071141e-02 -3.6882467451505363e-02 3.8004530244506896e-02 0
-5.0106971641071141e-02 -3.6882467451505363e-02 3.9453032659366727e-02 0
-5.0106971641071141e-02 -3.6882467451505363e-02 4.0901535074226558e-02 0
-5.0106971641071141e-02 -3.6882467451505363e-02 4.2350037489086390e-02 0
-5.0106971641071141e-02 -3.6882467451505363e-02 4.3798539903946221e-02 0
-5.0106971641071141e-02 -3.6882467451505363e-02 4.5247042318806052e-02 0
-5.0106971641071141e-02 -3.6882467451505363e-02 4.6695544733665884e-02 0
-5.0106971641071141e-02 -3.6882467451505363e-02 4.8144047148525715e-02 0
-5.0106971641071141e-02 -3.6882467451505363e-02 4.9592549563385546e-02 0
-5.0106971641071141e-02 -3.6882467451505363e-02 5.1041051978245378e-02 0
-5.0106971641071141e-02 -3.5386177012696862e-02 3.6556027829647064e-02 0
-5.0106971641071141e-02 -3.5386177012696862e-02 3.8004530244506896e-02 0
-5.0106971641071141e-02 -3.5386177012696862e-02 3.9453032659366727e-02 0
-5.0106971641071141e-02 -3.5386177012696862e-02 4.0901535074226558e-02 0
-5.0106971641071141e-02 -3.5386177012696862e-02 4.2350037489086390e-02 0
-5.0106971641071141e-02 -3.5386177012696862e-02 4.3798539903946221e-02 0
-5.0106971641071141e-02 -3.5386177012696862e-02 4.5247042318806052e-02 0
-5.0106971641071141e-02 -3.5386177012696862e-02 4.6695544733665884e-02 0
-5.0106971641071141e-02 -3.5386177012696862e-02 4.8144047148525715e-02 0
-5.0106971641071141e-02 -3.5386177012696862e-02 4.9592549563385546e-02 0
-5.0106971641071141e-02 -3.5386177012696862e-02 5.1041051978245378e-02 0
-5.0106971641071141e-02 -3.3889886573888361e-02 3.6556027829647064e-02 0
-5.0106971641071141e-02 -3.3889886573888361e-02 3.8004530244506896e-02 0
-5.0106971641071141e-02 -3.3889886573888361e-02 3.9453032659366727e-02 0
-5.0106971641071141e-02 -3.3889886573888361e-02 4.0901535074226558e-02 0
-5.0106971641071141e-02 -3.3889886573888361e-02 4.2350037489086390e-02 0
-5.0106971641071141e-02 -3.3889886573888361e-02 4.3798539903946221e-02 0
-5.0106971641071141e-02 -3.3889886573888361e-02 4.5247042318806052e-02 0
-5.0106971641071141e-02 -3.3889886573888361e-02 4.6695544733665884e-02 0
-5.0106971641071141e-02 -3.3889886573888361e-02 4.8144047148525715e-02 0
-5.0106971641071141e-02 -3.3889886573888361e-02 4.9592549563385546e-02 0
-5.0106971641071141e-02 -3.3889886573888361e-02 5.1041051978245378e-02 0
-5.0106971641071141e-02 -3.2393596135079861e-02 3.6556027829647064e-02 0
-5.0106971641071141e-02 -3.2393596135079861e-02 3.8004530244506896e-02 0
-5.0106971641071141e-02 -3.2393596135079861e-02 3.9453032659366727e-02 0
-5.0106971641071141e-02 -3.2393596135079861e-02 4.0901535074226558e-02 0
-5.0106971641071141e-02 -3.2393596135079861e-02 4.2350037489086390e-02 0
-5.0106971641071141e-02 -3.2393596135079861e-02 4.3798539903946221e-02 0
-5.0106971641071141e-02 -3.2393596135079861e-02 4.5247042318806052e-02 0
-5.0106971641071141e-02 -3.2393596135079861e-02 4.6695544733665884e-02 0
-5.0106971641071141e-02 -3.2393596135079861e-02 4.8144047148525715e-02 0
-5.0106971641071141e-02 -3.2393596135079861e-02 4.9592549563385546e-02 0
-5.0106971641071141e-02 -3.2393596135079861e-02 5.1041051978245378e-02 0
-5.0106971641071141e-02 -3.0897305696271360e-02 3.6556027829647064e-02 0
-5.0106971641071141e-02 -3.0897305696271360e-02 3.8004530244506896e-02 0
-5.0106971641071141e-02 -3.0897305696271360e-02 3.9453032659366727e-02 0
-5.0106971641071141e-02 -3.0897305696271360e-02 4.0901535074226558e-02 0
-5.0106971641071141e-02 -3.0897305696271360e-02 4.2350037489086390e-02 0
-5.0106971641071141e-02 -3.0897305696271360e-02 4.3798539903946221e-02 0
-5.0106971641071141e-02 -3.0897305696271360e-02 4.5247042318806052e-02 0
-5.0106971641071141e-02 -3.0897305696271360e-02 4.6695544733665884e-02 0
-5.0106971641071141e-02 -3.0897305696271360e-02 4.8144047148525715e-02 0
-5.0106971641071141e-02 -3.0897305696271360e-02 4.9592549563385546e-02 0
-5.0106971641071141e-02 -3.0897305696271360e-02 5.1041051978245378e-02 0
-5.0106971641071141e-02 -2.9401015257462859e-02 3.6556027829647064e-02 0
-5.0106971641071141e-02 -2.9401015257462859e-02 3.8004530244506896e-02 0
-5.0106971641071141e-02 -2.9401015257462859e-02 3.9453032659366727e-02 0
-5.0106971641071141e-02 -2.9401015257462859e-02 4.0901535074226558e-02 0
-5.0106971641071141e-02 -2.9401015257462859e-02 4.2350037489086390e-02 0
-5.0106971641071141e-02 -2.9401015257462859e-02 4.3798539903946221e-02 0
-5.0106971641071141e-02 -2.9401015257462859e-02 4.5247042318806052e-02 0
-5.0106971641071141e-02 -2.9401015257462859e-02 4.6695544733665884e-02 0
-5.0106971641071141e-02 -2.9401015257462859e-02 4.8144047148525715e-02 0
-5.0106971641071141e-02 -2.9401015257462859e-02 4.9592549563385546e-02 0
-5.0106971641071141e-02 -2.9401015257462859e-02 5.1041051978245378e-02 0
-5.0106971641071141e-02 -2.7904724818654358e-02 3.6556027829647064e-02 0
-5.0106971641071141e-02 -2.7904724818654358e-02 3.8004530244506896e-02 0
-5.0106971641071141e-02 -2.7904724818654358e-02 3.9453032659366727e-02 0
-5.0106971641071141e-02 -2.7904724818654358e-02 4.0901535074226558e-02 0
-5.0106971641071141e-02 -2.7904724818654358e-02 4.2350037489086390e-02 0
-5.0106971641071141e-02 -2.7904724818654358e-02 4.3798539903946221e-02 0
-5.0106971641071141e-02 -2.7904724818654358e-02 4.5247042318806052e-02 0
-5.0106971641071141e-02 -2.7904724818654358e-02 4.6695544733665884e-02 0
-5.0106971641071141e-02 -2.7904724818654358e-02 4.8144047148525715e-02 0
-5.0106971641071141e-02 -2.7904724818654358e-02 4.9592549563385546e-02 0
-5.0106971641071141e-02 -2.7904724818654358e-02 5.1041051978245378e-02 0
-5.0106971641071141e-02 -2.6408434379845858e-02 3.6556027829647064e-02 0
-5.0106971641071141e-02 -2.6408434379845858e-02 3.8004530244506896e-02 0
-5.0106971641071141e-02 -2.6408434379845858e-02 3.9453032659366727e-02 0
-5.0106971641071141e-02 -2.6408434379845858e-02 4.0901535074226558e-02 0
-5.0106971641071141e-02 -2.6408434379845858e-02 4.2350037489086390e-02 0
-5.0106971641071141e-02 -2.6408434379845858e-02 4.3798539903946221e-02 0
-5.0106971641071141e-02 -2.6408434379845858e-02 4.5247042318806052e-02 0
-5.0106971641071141e-02 -2.6408434379845858e-02 4.6695544733665884e-02 0
-5.0106971641071141e-02 -2.6408434379845858e-02 4.8144047148525715e-02 0
-5.0106971641071141e-02 -2.6408434379845858e-02 4.9592549563385546e-02 0
-5.0106971641071141e-02 -2.6408434379845858e-02 5.1041051978245378e-02 0
-5.0106971641071141e-02 -2.4912143941037357e-02 3.6556027829647064e-02 0
-5.0106971641071141e-02 -2.4912143941037357e-02 3.8004530244506896e-02 0
-5.0106971641071141e-02 -2.4912143941037357e-02 3.9453032659366727e-02 0
-5.0106971641071141e-02 -2.4912143941037357e-02 4.0901535074226558e-02 0
-5.0106971641071141e-02 -2.4912143941037357e-02 4.2350037489086390e-02 0
-5.0106971641071141e-02 -2.4912143941037357e-02 4.3798539903946221e-02 0
-5.0106971641071141e-02 -2.4912143941037357e-02 4.5247042318806052e-02 0
-5.0106971641071141e-02 -2.4912143941037357e-02 4.6695544733665884e-02 0
-5.0106971641071141e-02 -2.4912143941037357e-02 4.8144047148525715e-02 0
-5.0106971641071141e-02 -2.4912143941037357e-02 4.9592549563385546e-02 0
-5.0106971641071141e-02 -2.4912143941037357e-02 5.1041051978245378e-02 0
-5.0106971641071141e-02 -2.3415853502228856e-02 3.6556027829647064e-02 0
-5.0106971641071141e-02 -2.3415853502228856e-02 3.8004530244506896e-02 0
-5.0106971641071141e-02 -2.3415853502228856e-02 3.9453032659366727e-02 0
-5.0106971641071141e-02 -2.3415853502228856e-02 4.0901535074226558e-02 0
-5.0106971641071141e-02 -2.3415853502228856e-02 4.2350037489086390e-02 0
-5.0106971641071141e-02 -2.3415853502228856e-02 4.3798539903946221e-02 0
-5.0106971641071141e-02 -2.3415853502228856e-02 4.5247042318806052e-02 0
-5.0106971641071141e-02 -2.3415853502228856e-02 4.6695544733665884e-02 0
-5.0106971641071141e-02 -2.1919563063420355e-02 3.6556027829647064e-02 0
-5.0106971641071141e-02 -2.1919563063420355e-02 3.8004530244506896e-02 0
-5.0106971641071141e-02 -2.1919563063420355e-02 3.9453032659366727e-02 0
-5.0106971641071141e-02 -2.1919563063420355e-02 4.0901535074226558e-02 0
-5.0106971641071141e-02 -2.1919563063420355e-02 4.2350037489086390e-02 0
-5.0106971641071141e-02 -2.1919563063420355e-02 4.3798539903946221e-02 0
-5.0106971641071141e-02 -2.1919563063420355e-02 4.5247042318806052e-02 0
-5.0106971641071141e-02 -2.1919563063420355e-02 4.6695544733665884e-02 0
-5.0106971641071141e-02 -2.0423272624611855e-02 3.6556027829647064e-02 0
-5.0106971641071141e-02 -2.0423272624611855e-02 3.8004530244506896e-02 0
-5.0106971641071141e-02 -2.0423272624611855e-02 3.9453032659366727e-02 0
-5.0106971641071141e-02 -2.0423272624611855e-02 4.0901535074226558e-02 0
-5.0106971641071141e-02 -2.0423272624611855e-02 4.2350037489086390e-02 0
-5.0106971641071141e-02 -2.0423272624611855e-02 4.3798539903946221e-02 0
-5.0106971641071141e-02 -2.0423272624611855e-02 4.5247042318806052e-02 0
-5.0106971641071141e-02 -2.0423272624611855e-02 4.6695544733665884e-02 0
-5.0106971641071141e-02 -1.8926982185803354e-02 3.6556027829647064e-02 0
-5.0106971641071141e-02 -1.8926982185803354e-02 3.8004530244506896e-02 0
-5.0106971641071141e-02 -1.8926982185803354e-02 3.9453032659366727e-02 0
-5.0106971641071141e-02 -1.8926982185803354e-02 4.0901535074226558e-02 0
-5.0106971641071141e-02 -1.8926982185803354e-02 4.2350037489086390e-02 0
-5.0106971641071141e-02 -1.8926982185803354e-02 4.3798539903946221e-02 0
-5.0106971641071141e-02 -1.8926982185803354e-02 4.5247042318806052e-02 0
-5.0106971641071141e-02 -1.8926982185803354e-02 4.6695544733665884e-02 0
-5.0106971641071141e-02 -1.7430691746994853e-02 3.6556027829647064e-02 0
-5.0106971641071141e-02 -1.7430691746994853e-02 3.8004530244506896e-02 0
-5.0106971641071141e-02 -1.7430691746994853e-02 3.9453032659366727e-02 0
-5.0106971641071141e-02 -1.7430691746994853e-02 4.0901535074226558e-02 0
-5.0106971641071141e-02 -1.7430691746994853e-02 4.2350037489086390e-02 0
-5.0106971641071141e-02 -1.7430691746994853e-02 4.3798539903946221e-02 0
-5.0106971641071141e-02 -1.7430691746994853e-02 4.5247042318806052e-02 0
-5.0106971641071141e-02 -1.7430691746994853e-02 4.6695544733665884e-02 0
-5.0106971641071141e-02 -1.5934401308186352e-02 3.6556027829647064e-02 0
-5.0106971641071141e-02 -1.5934401308186352e-02 3.8004530244506896e-02 0
-5.0106971641071141e-02 -1.5934401308186352e-02 3.9453032659366727e-02 0
-5.0106971641071141e-02 -1.5934401308186352e-02 4.0901535074226558e-02 0
-5.0106971641071141e-02 -1.5934401308186352e-02 4.2350037489086390e-02 0
-5.0106971641071141e-02 -1.5934401308186352e-02 4.3798539903946221e-02 0
-5.0106971641071141e-02 -1.5934401308186352e-02 4.5247042318806052e-02 0
-5.0106971641071141e-02 -1.5934401308186352e-02 4.6695544733665884e-02 0
-5.0106971641071141e-02 -1.4438110869377851e-02 3.6556027829647064e-02 0
-5.0106971641071141e-02 -1.4438110869377851e-02 3.8004530244506896e-02 0
-5.0106971641071141e-02 -1.4438110869377851e-02 3.9453032659366727e-02 0
-5.0106971641071141e-02 -1.4438110869377851e-02 4.0901535074226558e-02 0
-5.0106971641071141e-02 -1.4438110869377851e-02 4.2350037489086390e-02 0
-5.0106971641071141e-02 -1.4438110869377851e-02 4.3798539903946221e-02 0
-5.0106971641071141e-02 -1.4438110869377851e-02 4.5247042318806052e-02 0
-5.0106971641071141e-02 -1.4438110869377851e-02 4.6695544733665884e-02 0
-5.0106971641071141e-02 -1.2941820430569351e-02 3.6556027829647064e-02 0
-5.0106971641071141e-02 -1.2941820430569351e-02 3.8004530244506896e-02 0
-5.0106971641071141e-02 -1.2941820430569351e-02 3.9453032659366727e-02 0
-5.0106971641071141e-02 -1.2941820430569351e-02 4.0901535074226558e-02 0
-5.0106971641071141e-02 -1.2941820430569351e-02 4.2350037489086390e-02 0
-5.0106971641071141e-02 -1.2941820430569351e-02 4.3798539903946221e-02 0
-5.0106971641071141e-02 -1.2941820430569351e-02 4.5247042318806052e-02 0
-5.0106971641071141e-02 -1.2941820430569351e-02 4.6695544733665884e-02 0
-5.0106971641071141e-02 -1.1445529991760850e-02 3.6556027829647064e-02 0
-5.0106971641071141e-02 -1.1445529991760850e-02 3.8004530244506896e-02 0
-5.0106971641071141e-02 -1.1445529991760850e-02 3.9453032659366727e-02 0
-5.0106971641071141e-02 -1.1445529991760850e-02 4.0901535074226558e-02 0
-5.0106971641071141e-02 -1.1445529991760850e-02 4.2350037489086390e-02 0
-5.0106971641071141e-02 -1.1445529991760850e-02 4.3798539903946221e-02 0
-5.0106971641071141e-02 -1.1445529991760850e-02 4.5247042318806052e-02 0
-5.0106971641071141e-02 -1.1445529991760850e-02 4.6695544733665884e-02 0
-5.0106971641071141e-02 -9.9492395529523492e-03 3.6556027829647064e-02 0
-5.0106971641071141e-02 -9.9492395529523492e-03 3.8004530244506896e-02 0
-5.0106971641071141e-02 -9.9492395529523492e-03 3.9453032659366727e-02 0
-5.0106971641071141e-02 -9.9492395529523492e-03 4.0901535074226558e-02 0
-5.0106971641071141e-02 -9.9492395529523492e-03 4.2350037489086390e-02 0
-5.0106971641071141e-02 -9.9492395529523492e-03 4.3798539903946221e-02 0
-5.0106971641071141e-02 -9.9492395529523492e-03 4.5247042318806052e-02 0
-5.0106971641071141e-02 -9.9492395529523492e-03 4.6695544733665884e-02 0
-5.0106971641071141e-02 -8.4529491141438484e-03 3.6556027829647064e-02 0
-5.0106971641071141e-02 -8.4529491141438484e-03 3.8004530244506896e-02 0
-5.0106971641071141e-02 -8.4529491141438484e-03 3.9453032659366727e-02 0
-5.0106971641071141e-02 -8.4529491141438484e-03 4.0901535074226558e-02 0
-5.0106971641071141e-02 -8.4529491141438484e-03 4.2350037489086390e-02 0
-5.0106971641071141e-02 -8.4529491141438484e-03 4.3798539903946221e-02 0
-5.0106971641071141e-02 -8.4529491141438484e-03 4.5247042318806052e-02 0
-5.0106971641071141e-02 -8.4529491141438484e-03 4.6695544733665884e-02 0
-5.0106971641071141e-02 -6.9566586753353477e-03 3.6556027829647064e-02 0
-5.0106971641071141e-02 -6.9566586753353477e-03 3.8004530244506896e-02 0
-5.0106971641071141e-02 -6.9566586753353477e-03 3.9453032659366727e-02 0
-5.0106971641071141e-02 -6.9566586753353477e-03 4.0901535074226558e-02 0
-5.0106971641071141e-02 -6.9566586753353477e-03 4.2350037489086390e-02 0
-5.0106971641071141e-02 -6.9566586753353477e-03 4.3798539903946221e-02 0
-5.0106971641071141e-02 -6.9566586753353477e-03 4.5247042318806052e-02 0
-5.0106971641071141e-02 -6.9566586753353477e-03 4.6695544733665884e-02 0
-5.0106971641071141e-02 -5.4603682365268469e-03 3.6556027829647064e-02 0
-5.0106971641071141e-02 -5.4603682365268469e-03 3.8004530244506896e-02 0
-5.0106971641071141e-02 -5.4603682365268469e-03 3.9453032659366727e-02 0
-5.0106971641071141e-02 -5.4603682365268469e-03 4.0901535074226558e-02 0
-5.0106971641071141e-02 -5.4603682365268469e-03 4.2350037489086390e-02 0
-5.0106971641071141e-02 -5.4603682365268469e-03 4.3798539903946221e-02 0
-5.0106971641071141e-02 -5.4603682365268469e-03 4.5247042318806052e-02 0
-5.0106971641071141e-02 -5.4603682365268469e-03 4.6695544733665884e-02 0
-5.0106971641071141e-02 -3.9640777977183461e-03 3.6556027829647064e-02 0
-5.0106971641071141e-02 -3.9640777977183461e-03 3.8004530244506896e-02 0
-5.0106971641071141e-02 -3.9640777977183461e-03 3.9453032659366727e-02 0
-5.0106971641071141e-02 -3.9640777977183461e-03 4.0901535074226558e-02 0
-5.0106971641071141e-02 -3.9640777977183461e-03 4.2350037489086390e-02 0
-5.0106971641071141e-02 -3.9640777977183461e-03 4.3798539903946221e-02 0
-5.0106971641071141e-02 -3.9640777977183461e-03 4.5247042318806052e-02 0
-5.0106971641071141e-02 -3.9640777977183461e-03 4.6695544733665884e-02 0
-5.0106971641071141e-02 -2.4677873589098454e-03 3.6556027829647064e-02 0
-5.0106971641071141e-02 -2.4677873589098454e-03 3.8004530244506896e-02 0
-5.0106971641071141e-02 -2.4677873589098454e-03 3.9453032659366727e-02 0
-5.0106971641071141e-02 -2.4677873589098454e-03 4.0901535074226558e-02 0
-5.0106971641071141e-02 -2.4677873589098454e-03 4.2350037489086390e-02 0
-5.0106971641071141e-02 -2.4677873589098454e-03 4.3798539903946221e-02 0
-5.0106971641071141e-02 -2.4677873589098454e-03 4.5247042318806052e-02 0
-5.0106971641071141e-02 -2.4677873589098454e-03 4.6695544733665884e-02 0
-5.0106971641071141e-02 -9.7149692010134459e-04 3.6556027829647064e-02 0
-5.0106971641071141e-02 -9.7149692010134459e-04 3.8004530244506896e-02 0
-5.0106971641071141e-02 -9.7149692010134459e-04 3.9453032659366727e-02 0
-5.0106971641071141e-02 -9.7149692010134459e-04 4.0901535074226558e-02 0
-5.0106971641071141e-02 -9.7149692010134459e-04 4.2350037489086390e-02 0
-5.0106971641071141e-02 -9.7149692010134459e-04 4.3798539903946221e-02 0
-5.0106971641071141e-02 -9.7149692010134459e-04 4.5247042318806052e-02 0
-5.0106971641071141e-02 -9.7149692010134459e-04 4.6695544733665884e-02 0
-5.0106971641071141e-02 5.2479351870715618e-04 3.6556027829647064e-02 0
-5.0106971641071141e-02 5.2479351870715618e-04 3.8004530244506896e-02 0
-5.0106971641071141e-02 5.2479351870715618e-04 3.9453032659366727e-02 0
-5.0106971641071141e-02 5.2479351870715618e-04 4.0901535074226558e-02 0
-5.0106971641071141e-02 5.2479351870715618e-04 4.2350037489086390e-02 0
-5.0106971641071141e-02 5.2479351870715618e-04 4.3798539903946221e-02 0
-5.0106971641071141e-02 5.2479351870715618e-04 4.5247042318806052e-02 0
-5.0106971641071141e-02 5.2479351870715618e-04 4.6695544733665884e-02 0
-5.0106971641071141e-02 2.0210839575156569e-03 3.6556027829647064e-02 0
-5.0106971641071141e-02 2.0210839575156569e-03 3.8004530244506896e-02 0
-5.0106971641071141e-02 2.0210839575156569e-03 3.9453032659366727e-02 0
-5.0106971641071141e-02 2.0210839575156569e-03 4.0901535074226558e-02 0
-5.0106971641071141e-02 2.0210839575156569e-03 4.2350037489086390e-02 0
-5.0106971641071141e-02 2.0210839575156569e-03 4.3798539903946221e-02 0
-5.0106971641071141e-02 2.0210839575156569e-03 4.5247042318806052e-02 0
-5.0106971641071141e-02 2.0210839575156569e-03 4.6695544733665884e-02 0
-5.0106971641071141e-02 3.5173743963241577e-03 3.6556027829647064e-02 0
-5.0106971641071141e-02 3.5173743963241577e-03 3.8004530244506896e-02 0
-5.0106971641071141e-02 3.5173743963241577e-03 3.9453032659366727e-02 0
-5.0106971641071141e-02 3.5173743963241577e-03 4.0901535074226558e-02 0
-5.0106971641071141e-02 3.5173743963241577e-03 4.2350037489086390e-02 0
-5.0106971641071141e-02 3.5173743963241577e-03 4.3798539903946221e-02 0
-5.0106971641071141e-02 3.5173743963241577e-03 4.5247042318806052e-02 0
-5.0106971641071141e-02 3.5173743963241577e-03 4.6695544733665884e-02 0
-5.0106971641071141e-02 5.0136648351326585e-03 3.6556027829647064e-02 0
-5.0106971641071141e-02 5.0136648351326585e-03 3.8004530244506896e-02 0
-5.0106971641071141e-02 5.0136648351326585e-03 3.9453032659366727e-02 0
-5.0106971641071141e-02 5.0136648351326585e-03 4.0901535074226558e-02 0
-5.0106971641071141e-02 5.0136648351326585e-03 4.2350037489086390e-02 0
-5.0106971641071141e-02 5.0136648351326585e-03 4.3798539903946221e-02 0
-5.0106971641071141e-02 5.0136648351326585e-03 4.5247042318806052e-02 0
-5.0106971641071141e-02 5.0136648351326585e-03 4.6695544733665884e-02 0
-5.0106971641071141e-02 6.5099552739411592e-03 3.6556027829647064e-02 0
-5.0106971641071141e-02 6.5099552739411592e-03 3.8004530244506896e-02 0
-5.0106971641071141e-02 6.5099552739411592e-03 3.9453032659366727e-02 0
-5.0106971641071141e-02 6.5099552739411592e-03 4.0901535074226558e-02 0
-5.0106971641071141e-02 6.5099552739411592e-03 4.2350037489086390e-02 0
-5.0106971641071141e-02 6.5099552739411592e-03 4.3798539903946221e-02 0
-5.0106971641071141e-02 6.5099552739411592e-03 4.5247042318806052e-02 0
-5.0106971641071141e-02 6.5099552739411592e-03 4.6695544733665884e-02 0
-5.0106971641071141e-02 8.0062457127496600e-03 3.6556027829647064e-02 0
-5.0106971641071141e-02 8.0062457127496600e-03 3.8004530244506896e-02 0
-5.0106971641071141e-02 8.0062457127496600e-03 3.9453032659366727e-02 0
-5.0106971641071141e-02 8.0062457127496600e-03 4.0901535074226558e-02 0
-5.0106971641071141e-02 8.0062457127496600e-03 4.2350037489086390e-02 0
-5.0106971641071141e-02 8.0062457127496600e-03 4.3798539903946221e-02 0
-5.0106971641071141e-02 8.0062457127496600e-03 4.5247042318806052e-02 0
-5.0106971641071141e-02 8.0062457127496600e-03 4.6695544733665884e-02 0
-5.0106971641071141e-02 9.5025361515581608e-03 3.6556027829647064e-02 0
-5.0106971641071141e-02 9.5025361515581608e-03 3.8004530244506896e-02 0
-5.0106971641071141e-02 9.5025361515581608e-03 3.9453032659366727e-02 0
-5.0106971641071141e-02 9.5025361515581608e-03 4.0901535074226558e-02 0
-5.0106971641071141e-02 9.5025361515581608e-03 4.2350037489086390e-02 0
-5.0106971641071141e-02 9.5025361515581608e-03 4.3798539903946221e-02 0
-5.0106971641071141e-02 9.5025361515581608e-03 4.5247042318806052e-02 0
-5.0106971641071141e-02 9.5025361515581608e-03 4.6695544733665884e-02 0
-5.0106971641071141e-02 1.0998826590366662e-02 3.6556027829647064e-02 0
-5.0106971641071141e-02 1.0998826590366662e-02 3.8004530244506896e-02 0
-5.0106971641071141e-02 1.0998826590366662e-02 3.9453032659366727e-02 0
-5.0106971641071141e-02 1.0998826590366662e-02 4.0901535074226558e-02 0
-5.0106971641071141e-02 1.0998826590366662e-02 4.2350037489086390e-02 0
-5.0106971641071141e-02 1.0998826590366662e-02 4.3798539903946221e-02 0
-5.0106971641071141e-02 1.0998826590366662e-02 4.5247042318806052e-02 0
-5.0106971641071141e-02 1.0998826590366662e-02 4.6695544733665884e-02 0
-5.0106971641071141e-02 1.2495117029175162e-02 3.6556027829647064e-02 0
-5.0106971641071141e-02 1.2495117029175162e-02 3.8004530244506896e-02 0
-5.0106971641071141e-02 1.2495117029175162e-02 3.9453032659366727e-02 0
-5.0106971641071141e-02 1.2495117029175162e-02 4.0901535074226558e-02 0
-5.0106971641071141e-02 1.2495117029175162e-02 4.2350037489086390e-02 0
-5.0106971641071141e-02 1.2495117029175162e-02 4.3798539903946221e-02 0
-5.0106971641071141e-02 1.2495117029175162e-02 4.5247042318806052e-02 0
-5.0106971641071141e-02 1.2495117029175162e-02 4.6695544733665884e-02 0
-5.0106971641071141e-02 1.3991407467983663e-02 3.6556027829647064e-02 0
-5.0106971641071141e-02 1.3991407467983663e-02 3.8004530244506896e-02 0
-5.0106971641071141e-02 1.3991407467983663e-02 3.9453032659366727e-02 0
-5.0106971641071141e-02 1.3991407467983663e-02 4.0901535074226558e-02 0
-5.0106971641071141e-02 1.3991407467983663e-02 4.2350037489086390e-02 0
-5.0106971641071141e-02 1.3991407467983663e-02 4.3798539903946221e-02 0
-5.0106971641071141e-02 1.3991407467983663e-02 4.5247042318806052e-02 0
-5.0106971641071141e-02 1.3991407467983663e-02 4.6695544733665884e-02 0
-5.0106971641071141e-02 1.5487697906792164e-02 3.6556027829647064e-02 0
-5.0106971641071141e-02 1.5487697906792164e-02 3.8004530244506896e-02 0
-5.0106971641071141e-02 1.5487697906792164e-02 3.9453032659366727e-02 0
-5.0106971641071141e-02 1.5487697906792164e-02 4.0901535074226558e-02 0
-5.0106971641071141e-02 1.5487697906792164e-02 4.2350037489086390e-02 0
-5.0106971641071141e-02 1.5487697906792164e-02 4.3798539903946221e-02 0
-5.0106971641071141e-02 1.5487697906792164e-02 4.5247042318806052e-02 0
-5.0106971641071141e-02 1.5487697906792164e-02 4.6695544733665884e-02 0
-5.0106971641071141e-02 1.6983988345600665e-02 3.6556027829647064e-02 0
-5.0106971641071141e-02 1.6983988345600665e-02 3.8004530244506896e-02 0
-5.0106971641071141e-02 1.6983988345600665e-02 3.9453032659366727e-02 0
-5.0106971641071141e-02 1.6983988345600665e-02 4.0901535074226558e-02 0
-5.0106971641071141e-02 1.6983988345600665e-02 4.2350037489086390e-02 0
-5.0106971641071141e-02 1.6983988345600665e-02 4.3798539903946221e-02 0
-5.0106971641071141e-02 1.6983988345600665e-02 4.5247042318806052e-02 0
-5.0106971641071141e-02 1.6983988345600665e-02 4.6695544733665884e-02 0
-5.0106971641071141e-02 1.8480278784409165e-02 3.6556027829647064e-02 0
-5.0106971641071141e-02 1.8480278784409165e-02 3.8004530244506896e-02 0
-5.0106971641071141e-02 1.8480278784409165e-02 3.9453032659366727e-02 0
-5.0106971641071141e-02 1.8480278784409165e-02 4.0901535074226558e-02 0
-5.0106971641071141e-02 1.8480278784409165e-02 4.2350037489086390e-02 0
-5.0106971641071141e-02 1.8480278784409165e-02 4.3798539903946221e-02 0
-5.0106971641071141e-02 1.8480278784409165e-02 4.5247042318806052e-02 0
-5.0106971641071141e-02 1.8480278784409165e-02 4.6695544733665884e-02 0
-5.0106971641071141e-02 1.9976569223217666e-02 3.6556027829647064e-02 0
-5.0106971641071141e-02 1.9976569223217666e-02 3.8004530244506896e-02 0
-5.0106971641071141e-02 1.9976569223217666e-02 3.9453032659366727e-02 0
-5.0106971641071141e-02 1.9976569223217666e-02 4.0901535074226558e-02 0
-5.0106971641071141e-02 1.9976569223217666e-02 4.2350037489086390e-02 0
-5.0106971641071141e-02 1.9976569223217666e-02 4.3798539903946221e-02 0
-5.0106971641071141e-02 1.9976569223217666e-02 4.5247042318806052e-02 0
-5.0106971641071141e-02 1.9976569223217666e-02 4.6695544733665884e-02 0
-5.0106971641071141e-02 2.1472859662026167e-02 3.6556027829647064e-02 0
-5.0106971641071141e-02 2.1472859662026167e-02 3.8004530244506896e-02 0
-5.0106971641071141e-02 2.1472859662026167e-02 3.9453032659366727e-02 0
-5.0106971641071141e-02 2.1472859662026167e-02 4.0901535074226558e-02 0
-5.0106971641071141e-02 2.1472859662026167e-02 4.2350037489086390e-02 0
-5.0106971641071141e-02 2.1472859662026167e-02 4.3798539903946221e-02 0
-5.0106971641071141e-02 2.1472859662026167e-02 4.5247042318806052e-02 0
-5.0106971641071141e-02 2.1472859662026167e-02 4.6695544733665884e-02 0
-4.8623323207721114e-02 -4.4363919645547867e-02 3.6556027829647064e-02 0
-4.8623323207721114e-02 -4.2867629206739366e-02 3.6556027829647064e-02 0
-4.8623323207721114e-02 -4.4363919645547867e-02 3.8004530244506896e-02 0
-4.8623323207721114e-02 -4.2867629206739366e-02 3.8004530244506896e-02 0
-4.8623323207721114e-02 -4.4363919645547867e-02 3.9453032659366727e-02 0
-4.8623323207721114e-02 -4.2867629206739366e-02 3.9453032659366727e-02 0
-4.8623323207721114e-02 -4.4363919645547867e-02 4.0901535074226558e-02 0
-4.8623323207721114e-02 -4.2867629206739366e-02 4.0901535074226558e-02 0
-4.8623323207721114e-02 -4.4363919645547867e-02 4.2350037489086390e-02 0
-4.8623323207721114e-02 -4.2867629206739366e-02 4.2350037489086390e-02 0
-4.8623323207721114e-02 -4.4363919645547867e-02 4.3798539903946221e-02 0
-4.8623323207721114e-02 -4.2867629206739366e-02 4.3798539903946221e-02 0
-4.8623323207721114e-02 -4.4363919645547867e-02 4.5247042318806052e-02 0
-4.8623323207721114e-02 -4.2867629206739366e-02 4.5247042318806052e-02 0
-4.8623323207721114e-02 -4.4363919645547867e-02 4.6695544733665884e-02 0
-4.8623323207721114e-02 -4.2867629206739366e-02 4.6695544733665884e-02 0
-4.8623323207721114e-02 -4.4363919645547867e-02 4.8144047148525715e-02 0
-4.8623323207721114e-02 -4.2867629206739366e-02 4.8144047148525715e-02 0
-4.8623323207721114e-02 -4.4363919645547867e-02 4.9592549563385546e-02 0
-4.8623323207721114e-02 -4.2867629206739366e-02 4.9592549563385546e-02 0
-4.8623323207721114e-02 -4.4363919645547867e-02 5.1041051978245378e-02 0
-4.8623323207721114e-02 -4.2867629206739366e-02 5.1041051978245378e-02 0
-4.8623323207721114e-02 -4.1371338767930865e-02 3.6556027829647064e-02 0
-4.8623323207721114e-02 -4.1371338767930865e-02 3.8004530244506896e-02 0
-4.8623323207721114e-02 -4.1371338767930865e-02 3.9453032659366727e-02 0
-4.8623323207721114e-02 -4.1371338767930865e-02 4.0901535074226558e-02 0
-4.8623323207721114e-02 -4.1371338767930865e-02 4.2350037489086390e-02 0
-4.8623323207721114e-02 -4.1371338767930865e-02 4.3798539903946221e-02 0
-4.8623323207721114e-02 -4.1371338767930865e-02 4.5247042318806052e-02 0
-4.8623323207721114e-02 -4.1371338767930865e-02 4.6695544733665884e-02 0
-4.8623323207721114e-02 -4.1371338767930865e-02 4.8144047148525715e-02 0
-4.8623323207721114e-02 -4.1371338767930865e-02 4.9592549563385546e-02 0
-4.8623323207721114e-02 -4.1371338767930865e-02 5.1041051978245378e-02 0
-4.8623323207721114e-02 -3.9875048329122365e-02 3.6556027829647064e-02 0
-4.8623323207721114e-02 -3.9875048329122365e-02 3.8004530244506896e-02 0
-4.8623323207721114e-02 -3.9875048329122365e-02 3.9453032659366727e-02 0
-4.8623323207721114e-02 -3.9875048329122365e-02 4.0901535074226558e-02 0
-4.8623323207721114e-02 -3.9875048329122365e-02 4.2350037489086390e-02 0
-4.8623323207721114e-02 -3.9875048329122365e-02 4.3798539903946221e-02 0
-4.8623323207721114e-02 -3.9875048329122365e-02 4.5247042318806052e-02 0
-4.8623323207721114e-02 -3.9875048329122365e-02 4.6695544733665884e-02 0
-4.8623323207721114e-02 -3.9875048329122365e-02 4.8144047148525715e-02 0
-4.8623323207721114e-02 -3.9875048329122365e-02 4.9592549563385546e-02 0
-4.8623323207721114e-02 -3.9875048329122365e-02 5.1041051978245378e-02 0
-4.8623323207721114e-02 -3.8378757890313864e-02 3.6556027829647064e-02 0
-4.8623323207721114e-02 -3.8378757890313864e-02 3.8004530244506896e-02 0
-4.8623323207721114e-02 -3.8378757890313864e-02 3.9453032659366727e-02 0
-4.8623323207721114e-02 -3.8378757890313864e-02 4.0901535074226558e-02 0
-4.8623323207721114e-02 -3.8378757890313864e-02 4.2350037489086390e-02 0
-4.8623323207721114e-02 -3.8378757890313864e-02 4.3798539903946221e-02 0
-4.8623323207721114e-02 -3.8378757890313864e-02 4.5247042318806052e-02 0
-4.8623323207721114e-02 -3.8378757890313864e-02 4.6695544733665884e-02 0
-4.8623323207721114e-02 -3.8378757890313864e-02 4.8144047148525715e-02 0
-4.8623323207721114e-02 -3.8378757890313864e-02 4.9592549563385546e-02 0
-4.8623323207721114e-02 -3.8378757890313864e-02 5.1041051978245378e-02 0
-4.8623323207721114e-02 -3.6882467451505363e-02 3.6556027829647064e-02 0
-4.8623323207721114e-02 -3.6882467451505363e-02 3.8004530244506896e-02 0
-4.8623323207721114e-02 -3.6882467451505363e-02 3.9453032659366727e-02 0
-4.8623323207721114e-02 -3.6882467451505363e-02 4.0901535074226558e-02 0
-4.8623323207721114e-02 -3.6882467451505363e-02 4.2350037489086390e-02 0
-4.8623323207721114e-02 -3.6882467451505363e-02 4.3798539903946221e-02 0
-4.8623323207721114e-02 -3.6882467451505363e-02 4.5247042318806052e-02 0
-4.8623323207721114e-02 -3.6882467451505363e-02 4.6695544733665884e-02 0
-4.8623323207721114e-02 -3.6882467451505363e-02 4.8144047148525715e-02 0
-4.8623323207721114e-02 -3.6882467451505363e-02 4.9592549563385546e-02 0
-4.8623323207721114e-02 -3.6882467451505363e-02 5.1041051978245378e-02 0
-4.8623323207721114e-02 -3.5386177012696862e-02 3.6556027829647064e-02 0
-4.8623323207721114e-02 -3.5386177012696862e-02 3.8004530244506896e-02 0
-4.8623323207721114e-02 -3.5386177012696862e-02 3.9453032659366727e-02 0
-4.8623323207721114e-02 -3.5386177012696862e-02 4.0901535074226558e-02 0
-4.8623323207721114e-02 -3.5386177012696862e-02 4.2350037489086390e-02 0
-4.8623323207721114e-02 -3.5386177012696862e-02 4.3798539903946221e-02 0
-4.8623323207721114e-02 -3.5386177012696862e-02 4.5247042318806052e-02 0
-4.8623323207721114e-02 -3.5386177012696862e-02 4.6695544733665884e-02 0
-4.8623323207721114e-02 -3.5386177012696862e-02 4.8144047148525715e-02 0
-4.8623323207721114e-02 -3.5386177012696862e-02 4.9592549563385546e-02 0
-4.8623323207721114e-02 -3.5386177012696862e-02 5.1041051978245378e-02 0
-4.8623323207721114e-02 -3.3889886573888361e-02 3.6556027829647064e-02 0
-4.8623323207721114e-02 -3.3889886573888361e-02 3.8004530244506896e-02 0
-4.8623323207721114e-02 -3.3889886573888361e-02 3.9453032659366727e-02 0
-4.8623323207721114e-02 -3.3889886573888361e-02 4.0901535074226558e-02 0
-4.8623323207721114e-02 -3.3889886573888361e-02 4.2350037489086390e-02 0
-4.8623323207721114e-02 -3.3889886573888361e-02 4.3798539903946221e-02 0
-4.8623323207721114e-02 -3.3889886573888361e-02 4.5247042318806052e-02 0
-4.8623323207721114e-02 -3.3889886573888361e-02 4.6695544733665884e-02 0
-4.8623323207721114e-02 -3.3889886573888361e-02 4.8144047148525715e-02 0
-4.8623323207721114e-02 -3.3889886573888361e-02 4.9592549563385546e-02 0
-4.8623323207721114e-02 -3.3889886573888361e-02 5.1041051978245378e-02 0
-4.8623323207721114e-02 -3.2393596135079861e-02 3.6556027829647064e-02 0
-4.8623323207721114e-02 -3.2393596135079861e-02 3.8004530244506896e-02 0
-4.8623323207721114e-02 -3.2393596135079861e-02 3.9453032659366727e-02 0
-4.8623323207721114e-02 -3.2393596135079861e-02 4.0901535074226558e-02 0
-4.8623323207721114e-02 -3.2393596135079861e-02 4.2350037489086390e-02 0
-4.8623323207721114e-02 -3.2393596135079861e-02 4.3798539903946221e-02 0
-4.8623323207721114e-02 -3.2393596135079861e-02 4.5247042318806052e-02 0
-4.8623323207721114e-02 -3.2393596135079861e-02 4.6695544733665884e-02 0
-4.8623323207721114e-02 -3.2393596135079861e-02 4.8144047148525715e-02 0
-4.8623323207721114e-02 -3.2393596135079861e-02 4.9592549563385546e-02 0
-4.8623323207721114e-02 -3.2393596135079861e-02 5.1041051978245378e-02 0
-4.8623323207721114e-02 -3.0897305696271360e-02 3.6556027829647064e-02 0
-4.8623323207721114e-02 -3.0897305696271360e-02 3.8004530244506896e-02 0
-4.8623323207721114e-02 -3.0897305696271360e-02 3.9453032659366727e-02 0
-4.8623323207721114e-02 -3.0897305696271360e-02 4.0901535074226558e-02 0
-4.8623323207721114e-02 -3.0897305696271360e-02 4.2350037489086390e-02 0
-4.8623323207721114e-02 -3.0897305696271360e-02 4.3798539903946221e-02 0
-4.8623323207721114e-02 -3.0897305696271360e-02 4.5247042318806052e-02 0
-4.8623323207721114e-02 -3.0897305696271360e-02 4.6695544733665884e-02 0
-4.8623323207721114e-02 -3.0897305696271360e-02 4.8144047148525715e-02 0
-4.8623323207721114e-02 -3.0897305696271360e-02 4.9592549563385546e-02 0
-4.8623323207721114e-02 -3.0897305696271360e-02 5.1041051978245378e-02 0
-4.8623323207721114e-02 -2.9401015257462859e-02 3.6556027829647064e-02 0
-4.8623323207721114e-02 -2.9401015257462859e-02 3.8004530244506896e-02 0
-4.8623323207721114e-02 -2.9401015257462859e-02 3.9453032659366727e-02 0
-4.8623323207721114e-02 -2.9401015257462859e-02 4.0901535074226558e-02 0
-4.8623323207721114e-02 -2.9401015257462859e-02 4.2350037489086390e-02 0
-4.8623323207721114e-02 -2.9401015257462859e-02 4.3798539903946221e-02 0
-4.8623323207721114e-02 -2.9401015257462859e-02 4.5247042318806052e-02 0
-4.8623323207721114e-02 -2.9401015257462859e-02 4.6695544733665884e-02 0
-4.8623323207721114e-02 -2.9401015257462859e-02 4.8144047148525715e-02 0
-4.8623323207721114e-02 -2.9401015257462859e-02 4.9592549563385546e-02 0
-4.8623323207721114e-02 -2.9401015257462859e-02 5.1041051978245378e-02 0
-4.8623323207721114e-02 -2.7904724818654358e-02 3.6556027829647064e-02 0
-4.8623323207721114e-02 -2.7904724818654358e-02 3.8004530244506896e-02 0
-4.8623323207721114e-02 -2.7904724818654358e-02 3.9453032659366727e-02 0
-4.8623323207721114e-02 -2.7904724818654358e-02 4.0901535074226558e-02 0
-4.8623323207721114e-02 -2.7904724818654358e-02 4.2350037489086390e-02 0
-4.8623323207721114e-02 -2.7904724818654358e-02 4.3798539903946221e-02 0
-4.8623323207721114e-02 -2.7904724818654358e-02 4.5247042318806052e-02 0
-4.8623323207721114e-02 -2.7904724818654358e-02 4.6695544733665884e-02 0
-4.8623323207721114e-02 -2.7904724818654358e-02 4.8144047148525715e-02 0
-4.8623323207721114e-02 -2.7904724818654358e-02 4.9592549563385546e-02 0
-4.8623323207721114e-02 -2.7904724818654358e-02 5.1041051978245378e-02 0
-4.8623323207721114e-02 -2.6408434379845858e-02 3.6556027829647064e-02 0
-4.8623323207721114e-02 -2.6408434379845858e-02 3.8004530244506896e-02 0
-4.8623323207721114e-02 -2.6408434379845858e-02 3.9453032659366727e-02 0
-4.8623323207721114e-02 -2.6408434379845858e-02 4.0901535074226558e-02 0
-4.8623323207721114e-02 -2.6408434379845858e-02 4.2350037489086390e-02 0
-4.8623323207721114e-02 -2.6408434379845858e-02 4.3798539903946221e-02 0
-4.8623323207721114e-02 -2.6408434379845858e-02 4.5247042318806052e-02 0
-4.8623323207721114e-02 -2.6408434379845858e-02 4.6695544733665884e-02 0
-4.8623323207721114e-02 -2.6408434379845858e-02 4.8144047148525715e-02 0
-4.8623323207721114e-02 -2.6408434379845858e-02 4.9592549563385546e-02 0
-4.8623323207721114e-02 -2.6408434379845858e-02 5.1041051978245378e-02 0
-4.8623323207721114e-02 -2.4912143941037357e-02 3.6556027829647064e-02 0
-4.8623323207721114e-02 -2.4912143941037357e-02 3.8004530244506896e-02 0
-4.8623323207721114e-02 -2.4912143941037357e-02 3.9453032659366727e-02 0
-4.8623323207721114e-02 -2.4912143941037357e-02 4.0901535074226558e-02 0
-4.8623323207721114e-02 -2.4912143941037357e-02 4.2350037489086390e-02 0
-4.8623323207721114e-02 -2.4912143941037357e-02 4.3798539903946221e-02 0
-4.8623323207721114e-02 -2.4912143941037357e-02 4.5247042318806052e-02 0
-4.8623323207721114e-02 -2.4912143941037357e-02 4.6695544733665884e-02 0
-4.8623323207721114e-02 -2.4912143941037357e-02 4.8144047148525715e-02 0
-4.8623323207721114e-02 -2.4912143941037357e-02 4.9592549563385546e-02 0
-4.8623323207721114e-02 -2.4912143941037357e-02 5.1041051978245378e-02 0
-4.8623323207721114e-02 -2.3415853502228856e-02 3.6556027829647064e-02 0
-4.8623323207721114e-02 -2.3415853502228856e-02 3.8004530244506896e-02 0
-4.8623323207721114e-02 -2.3415853502228856e-02 3.9453032659366727e-02 0
-4.8623323207721114e-02 -2.3415853502228856e-02 4.0901535074226558e-02 0
-4.8623323207721114e-02 -2.3415853502228856e-02 4.2350037489086390e-02 0
-4.8623323207721114e-02 -2.3415853502228856e-02 4.3798539903946221e-02 0
-4.8623323207721114e-02 -2.3415853502228856e-02 4.5247042318806052e-02 0
-4.8623323207721114e-02 -2.3415853502228856e-02 4.6695544733665884e-02 0
-4.8623323207721114e-02 -2.1919563063420355e-02 3.6556027829647064e-02 0
-4.8623323207721114e-02 -2.1919563063420355e-02 3.8004530244506896e-02 0
-4.8623323207721114e-02 -2.1919563063420355e-02 3.9453032659366727e-02 0
-4.8623323207721114e-02 -2.1919563063420355e-02 4.0901535074226558e-02 0
-4.8623323207721114e-02 -2.1919563063420355e-02 4.2350037489086390e-02 0
-4.8623323207721114e-02 -2.1919563063420355e-02 4.3798539903946221e-02 0
-4.8623323207721114e-02 -2.1919563063420355e-02 4.5247042318806052e-02 0
-4.8623323207721114e-02 -2.1919563063420355e-02 4.6695544733665884e-02 0
-4.8623323207721114e-02 -2.0423272624611855e-02 3.6556027829647064e-02 0
-4.8623323207721114e-02 -2.0423272624611855e-02 3.8004530244506896e-02 0
-4.8623323207721114e-02 -2.0423272624611855e-02 3.9453032659366727e-02 0
-4.8623323207721114e-02 -2.0423272624611855e-02 4.0901535074226558e-02 0
-4.8623323207721114e-02 -2.0423272624611855e-02 4.2350037489086390e-02 0
-4.8623323207721114e-02 -2.0423272624611855e-02 4.3798539903946221e-02 0
-4.8623323207721114e-02 -2.0423272624611855e-02 4.5247042318806052e-02 0
-4.8623323207721114e-02 -2.0423272624611855e-02 4.6695544733665884e-02 0
-4.8623323207721114e-02 -1.8926982185803354e-02 3.6556027829647064e-02 0
-4.8623323207721114e-02 -1.8926982185803354e-02 3.8004530244506896e-02 0
-4.8623323207721114e-02 -1.8926982185803354e-02 3.9453032659366727e-02 0
-4.8623323207721114e-02 -1.8926982185803354e-02 4.0901535074226558e-02 0
-4.8623323207721114e-02 -1.8926982185803354e-02 4.2350037489086390e-02 0
-4.8623323207721114e-02 -1.8926982185803354e-02 4.3798539903946221e-02 0
-4.8623323207721114e-02 -1.8926982185803354e-02 4.5247042318806052e-02 0
-4.8623323207721114e-02 -1.8926982185803354e-02 4.6695544733665884e-02 0
-4.8623323207721114e-02 -1.7430691746994853e-02 3.6556027829647064e-02 0
-4.8623323207721114e-02 -1.7430691746994853e-02 3.8004530244506896e-02 0
-4.8623323207721114e-02 -1.7430691746994853e-02 3.9453032659366727e-02 0
-4.8623323207721114e-02 -1.7430691746994853e-02 4.0901535074226558e-02 0
-4.8623323207721114e-02 -1.7430691746994853e-02 4.2350037489086390e-02 0
-4.8623323207721114e-02 -1.7430691746994853e-02 4.3798539903946221e-02 0
-4.8623323207721114e-02 -1.7430691746994853e-02 4.5247042318806052e-02 0
-4.8623323207721114e-02 -1.7430691746994853e-02 4.6695544733665884e-02 0
-4.8623323207721114e-02 -1.5934401308186352e-02 3.6556027829647064e-02 0
-4.8623323207721114e-02 -1.5934401308186352e-02 3.8004530244506896e-02 0
-4.8623323207721114e-02 -1.5934401308186352e-02 3.9453032659366727e-02 0
-4.8623323207721114e-02 -1.5934401308186352e-02 4.0901535074226558e-02 0
-4.8623323207721114e-02 -1.5934401308186352e-02 4.2350037489086390e-02 0
-4.8623323207721114e-02 -1.5934401308186352e-02 4.3798539903946221e-02 0
-4.8623323207721114e-02 -1.5934401308186352e-02 4.5247042318806052e-02 0
-4.8623323207721114e-02 -1.5934401308186352e-02 4.6695544733665884e-02 0
-4.8623323207721114e-02 -1.4438110869377851e-02 3.6556027829647064e-02 0
-4.8623323207721114e-02 -1.4438110869377851e-02 3.8004530244506896e-02 0
-4.8623323207721114e-02 -1.4438110869377851e-02 3.9453032659366727e-02 0
-4.8623323207721114e-02 -1.4438110869377851e-02 4.0901535074226558e-02 0
-4.8623323207721114e-02 -1.4438110869377851e-02 4.2350037489086390e-02 0
-4.8623323207721114e-02 -1.4438110869377851e-02 4.3798539903946221e-02 0
-4.8623323207721114e-02 -1.4438110869377851e-02 4.5247042318806052e-02 0
-4.8623323207721114e-02 -1.4438110869377851e-02 4.6695544733665884e-02 0
-4.8623323207721114e-02 -1.2941820430569351e-02 3.6556027829647064e-02 0
-4.8623323207721114e-02 -1.2941820430569351e-02 3.8004530244506896e-02 0
-4.8623323207721114e-02 -1.2941820430569351e-02 3.9453032659366727e-02 0
-4.8623323207721114e-02 -1.2941820430569351e-02 4.0901535074226558e-02 0
-4.8623323207721114e-02 -1.2941820430569351e-02 4.2350037489086390e-02 0
-4.8623323207721114e-02 -1.2941820430569351e-02 4.3798539903946221e-02 0
-4.8623323207721114e-02 -1.2941820430569351e-02 4.5247042318806052e-02 0
-4.8623323207721114e-02 -1.2941820430569351e-02 4.6695544733665884e-02 0
-4.8623323207721114e-02 -1.1445529991760850e-02 3.6556027829647064e-02 0
-4.8623323207721114e-02 -1.1445529991760850e-02 3.8004530244506896e-02 0
-4.8623323207721114e-02 -1.1445529991760850e-02 3.9453032659366727e-02 0
-4.8623323207721114e-02 -1.1445529991760850e-02 4.0901535074226558e-02 0
-4.8623323207721114e-02 -1.1445529991760850e-02 4.2350037489086390e-02 0
-4.8623323207721114e-02 -1.1445529991760850e-02 4.3798539903946221e-02 0
-4.8623323207721114e-02 -1.1445529991760850e-02 4.5247042318806052e-02 0
-4.8623323207721114e-02 -1.1445529991760850e-02 4.6695544733665884e-02 0
-4.8623323207721114e-02 -9.9492395529523492e-03 3.6556027829647064e-02 0
-4.8623323207721114e-02 -9.9492395529523492e-03 3.8004530244506896e-02 0
-4.8623323207721114e-02 -9.9492395529523492e-03 3.9453032659366727e-02 0
-4.8623323207721114e-02 -9.9492395529523492e-03 4.0901535074226558e-02 0
-4.8623323207721114e-02 -9.9492395529523492e-03 4.2350037489086390e-02 0
-4.8623323207721114e-02 -9.9492395529523492e-03 4.3798539903946221e-02 0
-4.8623323207721114e-02 -9.9492395529523492e-03 4.5247042318806052e-02 0
-4.8623323207721114e-02 -9.9492395529523492e-03 4.6695544733665884e-02 0
-4.8623323207721114e-02 -8.4529491141438484e-03 3.6556027829647064e-02 0
-4.8623323207721114e-02 -8.4529491141438484e-03 3.8004530244506896e-02 0
-4.8623323207721114e-02 -8.4529491141438484e-03 3.9453032659366727e-02 0
-4.8623323207721114e-02 -8.4529491141438484e-03 4.0901535074226558e-02 0
-4.8623323207721114e-02 -8.4529491141438484e-03 4.2350037489086390e-02 0
-4.8623323207721114e-02 -8.4529491141438484e-03 4.3798539903946221e-02 0
-4.8623323207721114e-02 -8.4529491141438484e-03 4.5247042318806052e-02 0
-4.8623323207721114e-02 -8.4529491141438484e-03 4.6695544733665884e-02 0
-4.8623323207721114e-02 -6.9566586753353477e-03 3.6556027829647064e-02 0
-4.8623323207721114e-02 -6.9566586753353477e-03 3.8004530244506896e-02 0
-4.8623323207721114e-02 -6.9566586753353477e-03 3.9453032659366727e-02 0
-4.8623323207721114e-02 -6.9566586753353477e-03 4.0901535074226558e-02 0
-4.8623323207721114e-02 -6.9566586753353477e-03 4.2350037489086390e-02 0
-4.8623323207721114e-02 -6.9566586753353477e-03 4.3798539903946221e-02 0
-4.8623323207721114e-02 -6.9566586753353477e-03 4.5247042318806052e-02 0
-4.8623323207721114e-02 -6.9566586753353477e-03 4.6695544733665884e-02 0
-4.8623323207721114e-02 -5.4603682365268469e-03 3.6556027829647064e-02 0
-4.8623323207721114e-02 -5.4603682365268469e-03 3.8004530244506896e-02 0
-4.8623323207721114e-02 -5.4603682365268469e-03 3.9453032659366727e-02 0
-4.8623323207721114e-02 -5.4603682365268469e-03 4.0901535074226558e-02 0
-4.8623323207721114e-02 -5.4603682365268469e-03 4.2350037489086390e-02 0
-4.8623323207721114e-02 -5.4603682365268469e-03 4.3798539903946221e-02 0
-4.8623323207721114e-02 -5.4603682365268469e-03 4.5247042318806052e-02 0
-4.8623323207721114e-02 -5.4603682365268469e-03 4.6695544733665884e-02 0
-4.8623323207721114e-02 -3.9640777977183461e-03 3.6556027829647064e-02 0
-4.8623323207721114e-02 -3.9640777977183461e-03 3.8004530244506896e-02 0
-4.8623323207721114e-02 -3.9640777977183461e-03 3.9453032659366727e-02 0
-4.8623323207721114e-02 -3.9640777977183461e-03 4.0901535074226558e-02 0
-4.8623323207721114e-02 -3.9640777977183461e-03 4.2350037489086390e-02 0
-4.8623323207721114e-02 -3.9640777977183461e-03 4.3798539903946221e-02 0
-4.8623323207721114e-02 -3.9640777977183461e-03 4.5247042318806052e-02 0
-4.8623323207721114e-02 -3.9640777977183461e-03 4.6695544733665884e-02 0
-4.8623323207721114e-02 -2.4677873589098454e-03 3.6556027829647064e-02 0
-4.8623323207721114e-02 -2.4677873589098454e-03 3.8004530244506896e-02 0
-4.8623323207721114e-02 -2.4677873589098454e-03 3.9453032659366727e-02 0
-4.8623323207721114e-02 -2.4677873589098454e-03 4.0901535074226558e-02 0
-4.8623323207721114e-02 -2.4677873589098454e-03 4.2350037489086390e-02 0
-4.8623323207721114e-02 -2.4677873589098454e-03 4.3798539903946221e-02 0
-4.8623323207721114e-02 -2.4677873589098454e-03 4.5247042318806052e-02 0
-4.8623323207721114e-02 -2.4677873589098454e-03 4.6695544733665884e-02 0
-4.8623323207721114e-02 -9.7149692010134459e-04 3.6556027829647064e-02 0
-4.8623323207721114e-02 -9.7149692010134459e-04 3.8004530244506896e-02 0
-4.8623323207721114e-02 -9.7149692010134459e-04 3.9453032659366727e-02 0
-4.8623323207721114e-02 -9.7149692010134459e-04 4.0901535074226558e-02 0
-4.8623323207721114e-02 -9.7149692010134459e-04 4.2350037489086390e-02 0
-4.8623323207721114e-02 -9.7149692010134459e-04 4.3798539903946221e-02 0
-4.8623323207721114e-02 -9.7149692010134459e-04 4.5247042318806052e-02 0
-4.8623323207721114e-02 -9.7149692010134459e-04 4.6695544733665884e-02 0
-4.8623323207721114e-02 5.2479351870715618e-04 3.6556027829647064e-02 0
-4.8623323207721114e-02 5.2479351870715618e-04 3.8004530244506896e-02 0
-4.8623323207721114e-02 5.2479351870715618e-04 3.9453032659366727e-02 0
-4.8623323207721114e-02 5.2479351870715618e-04 4.0901535074226558e-02 0
-4.8623323207721114e-02 5.2479351870715618e-04 4.2350037489086390e-02 0
-4.8623323207721114e-02 5.2479351870715618e-04 4.3798539903946221e-02 0
-4.8623323207721114e-02 5.2479351870715618e-04 4.5247042318806052e-02 0
-4.8623323207721114e-02 5.2479351870715618e-04 4.6695544733665884e-02 0
-4.8623323207721114e-02 2.0210839575156569e-03 3.6556027829647064e-02 0
-4.8623323207721114e-02 2.0210839575156569e-03 3.8004530244506896e-02 0
-4.8623323207721114e-02 2.0210839575156569e-03 3.9453032659366727e-02 0
-4.8623323207721114e-02 2.0210839575156569e-03 4.0901535074226558e-02 0
-4.8623323207721114e-02 2.0210839575156569e-03 4.2350037489086390e-02 0
-4.8623323207721114e-02 2.0210839575156569e-03 4.3798539903946221e-02 0
-4.8623323207721114e-02 2.0210839575156569e-03 4.5247042318806052e-02 0
-4.8623323207721114e-02 2.0210839575156569e-03 4.6695544733665884e-02 0
-4.8623323207721114e-02 3.5173743963241577e-03 3.6556027829647064e-02 0
-4.8623323207721114e-02 3.5173743963241577e-03 3.8004530244506896e-02 0
-4.8623323207721114e-02 3.5173743963241577e-03 3.9453032659366727e-02 0
-4.8623323207721114e-02 3.5173743963241577e-03 4.0901535074226558e-02 0
-4.8623323207721114e-02 3.5173743963241577e-03 4.2350037489086390e-02 0
-4.8623323207721114e-02 3.5173743963241577e-03 4.3798539903946221e-02 0
-4.8623323207721114e-02 3.5173743963241577e-03 4.5247042318806052e-02 0
-4.8623323207721114e-02 3.5173743963241577e-03 4.6695544733665884e-02 0
-4.8623323207721114e-02 5.0136648351326585e-03 3.6556027829647064e-02 0
-4.8623323207721114e-02 5.0136648351326585e-03 3.8004530244506896e-02 0
-4.8623323207721114e-02 5.0136648351326585e-03 3.9453032659366727e-02 0
-4.8623323207721114e-02 5.0136648351326585e-03 4.0901535074226558e-02 0
-4.8623323207721114e-02 5.0136648351326585e-03 4.2350037489086390e-02 0
-4.8623323207721114e-02 5.0136648351326585e-03 4.3798539903946221e-02 0
-4.8623323207721114e-02 5.0136648351326585e-03 4.5247042318806052e-02 0
-4.8623323207721114e-02 5.0136648351326585e-03 4.6695544733665884e-02 0
-4.8623323207721114e-02 6.5099552739411592e-03 3.6556027829647064e-02 0
-4.8623323207721114e-02 6.5099552739411592e-03 3.8004530244506896e-02 0
-4.8623323207721114e-02 6.5099552739411592e-03 3.9453032659366727e-02 0
-4.8623323207721114e-02 6.5099552739411592e-03 4.0901535074226558e-02 0
-4.8623323207721114e-02 6.5099552739411592e-03 4.2350037489086390e-02 0
-4.8623323207721114e-02 6.5099552739411592e-03 4.3798539903946221e-02 0
-4.8623323207721114e-02 6.5099552739411592e-03 4.5247042318806052e-02 0
-4.8623323207721114e-02 6.5099552739411592e-03 4.6695544733665884e-02 0
-4.8623323207721114e-02 8.0062457127496600e-03 3.6556027829647064e-02 0
-4.8623323207721114e-02 8.0062457127496600e-03 3.8004530244506896e-02 0
-4.8623323207721114e-02 8.0062457127496600e-03 3.9453032659366727e-02 0
-4.8623323207721114e-02 8.0062457127496600e-03 4.0901535074226558e-02 0
-4.8623323207721114e-02 8.0062457127496600e-03 4.2350037489086390e-02 0
-4.8623323207721114e-02 8.0062457127496600e-03 4.3798539903946221e-02 0
-4.8623323207721114e-02 8.0062457127496600e-03 4.5247042318806052e-02 0
-4.8623323207721114e-02 8.0062457127496600e-03 4.6695544733665884e-02 0
-4.8623323207721114e-02 9.5025361515581608e-03 3.6556027829647064e-02 0
-4.8623323207721114e-02 9.5025361515581608e-03 3.8004530244506896e-02 0
-4.8623323207721114e-02 9.5025361515581608e-03 3.9453032659366727e-02 0
-4.8623323207721114e-02 9.5025361515581608e-03 4.0901535074226558e-02 0
-4.8623323207721114e-02 9.5025361515581608e-03 4.2350037489086390e-02 0
-4.8623323207721114e-02 9.5025361515581608e-03 4.3798539903946221e-02 0
-4.8623323207721114e-02 9.5025361515581608e-03 4.5247042318806052e-02 0
-4.8623323207721114e-02 9.5025361515581608e-03 4.6695544733665884e-02 0
-4.8623323207721114e-02 1.0998826590366662e-02 3.6556027829647064e-02 0
-4.8623323207721114e-02 1.0998826590366662e-02 3.8004530244506896e-02 0
-4.8623323207721114e-02 1.0998826590366662e-02 3.9453032659366727e-02 0
-4.8623323207721114e-02 1.0998826590366662e-02 4.0901535074226558e-02 0
-4.8623323207721114e-02 1.0998826590366662e-02 4.2350037489086390e-02 0
-4.8623323207721114e-02 1.0998826590366662e-02 4.3798539903946221e-02 0
-4.8623323207721114e-02 1.0998826590366662e-02 4.5247042318806052e-02 0
-4.8623323207721114e-02 1.0998826590366662e-02 4.6695544733665884e-02 0
-4.8623323207721114e-02 1.2495117029175162e-02 3.6556027829647064e-02 0
-4.8623323207721114e-02 1.2495117029175162e-02 3.8004530244506896e-02 0
-4.8623323207721114e-02 1.2495117029175162e-02 3.9453032659366727e-02 0
-4.8623323207721114e-02 1.2495117029175162e-02 4.0901535074226558e-02 0
-4.8623323207721114e-02 1.2495117029175162e-02 4.2350037489086390e-02 0
-4.8623323207721114e-02 1.2495117029175162e-02 4.3798539903946221e-02 0
-4.8623323207721114e-02 1.2495117029175162e-02 4.5247042318806052e-02 0
-4.8623323207721114e-02 1.2495117029175162e-02 4.6695544733665884e-02 0
-4.8623323207721114e-02 1.3991407467983663e-02 3.6556027829647064e-02 0
-4.8623323207721114e-02 1.3991407467983663e-02 3.8004530244506896e-02 0
-4.8623323207721114e-02 1.3991407467983663e-02 3.9453032659366727e-02 0
-4.8623323207721114e-02 1.3991407467983663e-02 4.0901535074226558e-02 0
-4.8623323207721114e-02 1.3991407467983663e-02 4.2350037489086390e-02 0
-4.8623323207721114e-02 1.3991407467983663e-02 4.3798539903946221e-02 0
-4.8623323207721114e-02 1.3991407467983663e-02 4.5247042318806052e-02 0
-4.8623323207721114e-02 1.3991407467983663e-02 4.6695544733665884e-02 0
-4.8623323207721114e-02 1.5487697906792164e-02 3.6556027829647064e-02 0
-4.8623323207721114e-02 1.5487697906792164e-02 3.8004530244506896e-02 0
-4.8623323207721114e-02 1.5487697906792164e-02 3.9453032659366727e-02 0
-4.8623323207721114e-02 1.5487697906792164e-02 4.0901535074226558e-02 0
-4.8623323207721114e-02 1.5487697906792164e-02 4.2350037489086390e-02 0
-4.8623323207721114e-02 1.5487697906792164e-02 4.3798539903946221e-02 0
-4.8623323207721114e-02 1.5487697906792164e-02 4.5247042318806052e-02 0
-4.8623323207721114e-02 1.5487697906792164e-02 4.6695544733665884e-02 0
-4.8623323207721114e-02 1.6983988345600665e-02 3.6556027829647064e-02 0
-4.8623323207721114e-02 1.6983988345600665e-02 3.8004530244506896e-02 0
-4.8623323207721114e-02 1.6983988345600665e-02 3.9453032659366727e-02 0
-4.8623323207721114e-02 1.6983988345600665e-02 4.0901535074226558e-02 0
-4.8623323207721114e-02 1.6983988345600665e-02 4.2350037489086390e-02 0
-4.8623323207721114e-02 1.6983988345600665e-02 4.3798539903946221e-02 0
-4.8623323207721114e-02 1.6983988345600665e-02 4.5247042318806052e-02 0
-4.8623323207721114e-02 1.6983988345600665e-02 4.6695544733665884e-02 0
-4.8623323207721114e-02 1.8480278784409165e-02 3.6556027829647064e-02 0
-4.8623323207721114e-02 1.8480278784409165e-02 3.8004530244506896e-02 0
-4.8623323207721114e-02 1.8480278784409165e-02 3.9453032659366727e-02 0
-4.8623323207721114e-02 1.8480278784409165e-02 4.0901535074226558e-02 0
-4.8623323207721114e-02 1.8480278784409165e-02 4.2350037489086390e-02 0
-4.8623323207721114e-02 1.8480278784409165e-02 4.3798539903946221e-02 0
-4.8623323207721114e-02 1.8480278784409165e-02 4.5247042318806052e-02 0
-4.8623323207721114e-02 1.8480278784409165e-02 4.6695544733665884e-02 0
-4.8623323207721114e-02 1.9976569223217666e-02 3.6556027829647064e-02 0
-4.8623323207721114e-02 1.9976569223217666e-02 3.8004530244506896e-02 0
-4.8623323207721114e-02 1.9976569223217666e-02 3.9453032659366727e-02 0
-4.8623323207721114e-02 1.9976569223217666e-02 4.0901535074226558e-02 0
-4.8623323207721114e-02 1.9976569223217666e-02 4.2350037489086390e-02 0
-4.8623323207721114e-02 1.9976569223217666e-02 4.3798539903946221e-02 0
-4.8623323207721114e-02 1.9976569223217666e-02 4.5247042318806052e-02 0
-4.8623323207721114e-02 1.9976569223217666e-02 4.6695544733665884e-02 0
-4.8623323207721114e-02 2.1472859662026167e-02 3.6556027829647064e-02 0
-4.8623323207721114e-02 2.1472859662026167e-02 3.8004530244506896e-02 0
-4.8623323207721114e-02 2.1472859662026167e-02 3.9453032659366727e-02 0
-4.8623323207721114e-02 2.1472859662026167e-02 4.0901535074226558e-02 0
-4.8623323207721114e-02 2.1472859662026167e-02 4.2350037489086390e-02 0
-4.8623323207721114e-02 2.1472859662026167e-02 4.3798539903946221e-02 0
-4.8623323207721114e-02 2.1472859662026167e-02 4.5247042318806052e-02 0
-4.8623323207721114e-02 2.1472859662026167e-02 4.6695544733665884e-02 0
-4.7139674774371088e-02 -4.4363919645547867e-02 3.6556027829647064e-02 0
-4.7139674774371088e-02 -4.2867629206739366e-02 3.6556027829647064e-02 0
-4.7139674774371088e-02 -4.4363919645547867e-02 3.8004530244506896e-02 0
-4.7139674774371088e-02 -4.2867629206739366e-02 3.8004530244506896e-02 0
-4.7139674774371088e-02 -4.4363919645547867e-02 3.9453032659366727e-02 0
-4.7139674774371088e-02 -4.2867629206739366e-02 3.9453032659366727e-02 0
-4.7139674774371088e-02 -4.4363919645547867e-02 4.0901535074226558e-02 0
-4.7139674774371088e-02 -4.2867629206739366e-02 4.0901535074226558e-02 0
-4.7139674774371088e-02 -4.4363919645547867e-02 4.2350037489086390e-02 0
-4.7139674774371088e-02 -4.2867629206739366e-02 4.2350037489086390e-02 0
-4.7139674774371088e-02 -4.4363919645547867e-02 4.3798539903946221e-02 0
-4.7139674774371088e-02 -4.2867629206739366e-02 4.3798539903946221e-02 0
-4.7139674774371088e-02 -4.4363919645547867e-02 4.5247042318806052e-02 0
-4.7139674774371088e-02 -4.2867629206739366e-02 4.5247042318806052e-02 0
-4.7139674774371088e-02 -4.4363919645547867e-02 4.6695544733665884e-02 0
-4.7139674774371088e-02 -4.2867629206739366e-02 4.6695544733665884e-02 0
-4.7139674774371088e-02 -4.4363919645547867e-02 4.8144047148525715e-02 0
-4.7139674774371088e-02 -4.2867629206739366e-02 4.8144047148525715e-02 0
-4.7139674774371088e-02 -4.4363919645547867e-02 4.9592549563385546e-02 0
-4.7139674774371088e-02 -4.2867629206739366e-02 4.9592549563385546e-02 0
-4.7139674774371088e-02 -4.4363919645547867e-02 5.1041051978245378e-02 0
-4.7139674774371088e-02 -4.2867629206739366e-02 5.1041051978245378e-02 0
-4.7139674774371088e-02 -4.1371338767930865e-02 3.6556027829647064e-02 0
-4.7139674774371088e-02 -4.1371338767930865e-02 3.8004530244506896e-02 0
-4.7139674774371088e-02 -4.1371338767930865e-02 3.9453032659366727e-02 0
-4.7139674774371088e-02 -4.1371338767930865e-02 4.0901535074226558e-02 0
-4.7139674774371088e-02 -4.1371338767930865e-02 4.2350037489086390e-02 0
-4.7139674774371088e-02 -4.1371338767930865e-02 4.3798539903946221e-02 0
-4.7139674774371088e-02 -4.1371338767930865e-02 4.5247042318806052e-02 0
-4.7139674774371088e-02 -4.1371338767930865e-02 4.6695544733665884e-02 0
-4.7139674774371088e-02 -4.1371338767930865e-02 4.8144047148525715e-02 0
-4.7139674774371088e-02 -4.1371338767930865e-02 4.9592549563385546e-02 0
-4.7139674774371088e-02 -4.1371338767930865e-02 5.1041051978245378e-02 0
-4.7139674774371088e-02 -3.9875048329122365e-02 3.6556027829647064e-02 0
-4.7139674774371088e-02 -3.9875048329122365e-02 3.8004530244506896e-02 0
-4.7139674774371088e-02 -3.9875048329122365e-02 3.9453032659366727e-02 0
-4.7139674774371088e-02 -3.9875048329122365e-02 4.0901535074226558e-02 0
-4.7139674774371088e-02 -3.9875048329122365e-02 4.2350037489086390e-02 0
-4.7139674774371088e-02 -3.9875048329122365e-02 4.3798539903946221e-02 0
-4.7139674774371088e-02 -3.9875048329122365e-02 4.5247042318806052e-02 0
-4.7139674774371088e-02 -3.9875048329122365e-02 4.6695544733665884e-02 0
-4.7139674774371088e-02 -3.9875048329122365e-02 4.8144047148525715e-02 0
-4.7139674774371088e-02 -3.9875048329122365e-02 4.9592549563385546e-02 0
-4.7139674774371088e-02 -3.9875048329122365e-02 5.1041051978245378e-02 0
-4.7139674774371088e-02 -3.8378757890313864e-02 3.6556027829647064e-02 0
-4.7139674774371088e-02 -3.8378757890313864e-02 3.8004530244506896e-02 0
-4.7139674774371088e-02 -3.8378757890313864e-02 3.9453032659366727e-02 0
-4.7139674774371088e-02 -3.8378757890313864e-02 4.0901535074226558e-02 0
-4.7139674774371088e-02 -3.8378757890313864e-02 4.2350037489086390e-02 0
-4.7139674774371088e-02 -3.8378757890313864e-02 4.3798539903946221e-02 0
-4.7139674774371088e-02 -3.8378757890313864e-02 4.5247042318806052e-02 0
-4.7139674774371088e-02 -3.8378757890313864e-02 4.6695544733665884e-02 0
-4.7139674774371088e-02 -3.8378757890313864e-02 4.8144047148525715e-02 0
-4.7139674774371088e-02 -3.8378757890313864e-02 4.9592549563385546e-02 0
-4.7139674774371088e-02 -3.8378757890313864e-02 5.1041051978245378e-02 0
-4.7139674774371088e-02 -3.6882467451505363e-02 3.6556027829647064e-02 0
-4.7139674774371088e-02 -3.6882467451505363e-02 3.8004530244506896e-02 0
-4.7139674774371088e-02 -3.6882467451505363e-02 3.9453032659366727e-02 0
-4.7139674774371088e-02 -3.6882467451505363e-02 4.0901535074226558e-02 0
-4.7139674774371088e-02 -3.6882467451505363e-02 4.2350037489086390e-02 0
-4.7139674774371088e-02 -3.6882467451505363e-02 4.3798539903946221e-02 0
-4.7139674774371088e-02 -3.6882467451505363e-02 4.5247042318806052e-02 0
-4.7139674774371088e-02 -3.6882467451505363e-02 4.6695544733665884e-02 0
-4.7139674774371088e-02 -3.6882467451505363e-02 4.8144047148525715e-02 0
-4.7139674774371088e-02 -3.6882467451505363e-02 4.9592549563385546e-02 0
-4.7139674774371088e-02 -3.6882467451505363e-02 5.1041051978245378e-02 0
-4.7139674774371088e-02 -3.5386177012696862e-02 3.6556027829647064e-02 0
-4.7139674774371088e-02 -3.5386177012696862e-02 3.8004530244506896e-02 0
-4.7139674774371088e-02 -3.5386177012696862e-02 3.9453032659366727e-02 0
-4.7139674774371088e-02 -3.5386177012696862e-02 4.0901535074226558e-02 0
-4.7139674774371088e-02 -3.5386177012696862e-02 4.2350037489086390e-02 0
-4.7139674774371088e-02 -3.5386177012696862e-02 4.3798539903946221e-02 0
-4.7139674774371088e-02 -3.5386177012696862e-02 4.5247042318806052e-02 0
-4.7139674774371088e-02 -3.5386177012696862e-02 4.6695544733665884e-02 0
-4.7139674774371088e-02 -3.5386177012696862e-02 4.8144047148525715e-02 0
-4.7139674774371088e-02 -3.5386177012696862e-02 4.9592549563385546e-02 0
-4.7139674774371088e-02 -3.5386177012696862e-02 5.1041051978245378e-02 0
-4.7139674774371088e-02 -3.3889886573888361e-02 3.6556027829647064e-02 0
-4.7139674774371088e-02 -3.3889886573888361e-02 3.8004530244506896e-02 0
-4.7139674774371088e-02 -3.3889886573888361e-02 3.9453032659366727e-02 0
-4.7139674774371088e-02 -3.3889886573888361e-02 4.0901535074226558e-02 0
-4.7139674774371088e-02 -3.3889886573888361e-02 4.2350037489086390e-02 0
-4.7139674774371088e-02 -3.3889886573888361e-02 4.3798539903946221e-02 0
-4.7139674774371088e-02 -3.3889886573888361e-02 4.5247042318806052e-02 0
-4.7139674774371088e-02 -3.3889886573888361e-02 4.6695544733665884e-02 0
-4.7139674774371088e-02 -3.3889886573888361e-02 4.8144047148525715e-02 0
-4.7139674774371088e-02 -3.3889886573888361e-02 4.9592549563385546e-02 0
-4.7139674774371088e-02 -3.3889886573888361e-02 5.1041051978245378e-02 0
-4.7139674774371088e-02 -3.2393596135079861e-02 3.6556027829647064e-02 0
-4.7139674774371088e-02 -3.2393596135079861e-02 3.8004530244506896e-02 0
-4.7139674774371088e-02 -3.2393596135079861e-02 3.9453032659366727e-02 0
-4.7139674774371088e-02 -3.2393596135079861e-02 4.0901535074226558e-02 0
-4.7139674774371088e-02 -3.2393596135079861e-02 4.2350037489086390e-02 0
-4.7139674774371088e-02 -3.2393596135079861e-02 4.3798539903946221e-02 0
-4.7139674774371088e-02 -3.2393596135079861e-02 4.5247042318806052e-02 0
-4.7139674774371088e-02 -3.2393596135079861e-02 4.6695544733665884e-02 0
-4.7139674774371088e-02 -3.2393596135079861e-02 4.8144047148525715e-02 0
-4.7139674774371088e-02 -3.2393596135079861e-02 4.9592549563385546e-02 0
-4.7139674774371088e-02 -3.2393596135079861e-02 5.1041051978245378e-02 0
-4.7139674774371088e-02 -3.0897305696271360e-02 3.6556027829647064e-02 0
-4.7139674774371088e-02 -3.0897305696271360e-02 3.8004530244506896e-02 0
-4.7139674774371088e-02 -3.0897305696271360e-02 3.9453032659366727e-02 0
-4.7139674774371088e-02 -3.0897305696271360e-02 4.0901535074226558e-02 0
-4.7139674774371088e-02 -3.0897305696271360e-02 4.2350037489086390e-02 0
-4.7139674774371088e-02 -3.0897305696271360e-02 4.3798539903946221e-02 0
-4.7139674774371088e-02 -3.0897305696271360e-02 4.5247042318806052e-02 0
-4.7139674774371088e-02 -3.0897305696271360e-02 4.6695544733665884e-02 0
-4.7139674774371088e-02 -3.0897305696271360e-02 4.8144047148525715e-02 0
-4.7139674774371088e-02 -3.0897305696271360e-02 4.9592549563385546e-02 0
-4.7139674774371088e-02 -3.0897305696271360e-02 5.1041051978245378e-02 0
-4.7139674774371088e-02 -2.9401015257462859e-02 3.6556027829647064e-02 0
-4.7139674774371088e-02 -2.9401015257462859e-02 3.8004530244506896e-02 0
-4.7139674774371088e-02 -2.9401015257462859e-02 3.9453032659366727e-02 0
-4.7139674774371088e-02 -2.9401015257462859e-02 4.0901535074226558e-02 0
-4.7139674774371088e-02 -2.9401015257462859e-02 4.2350037489086390e-02 0
-4.7139674774371088e-02 -2.9401015257462859e-02 4.3798539903946221e-02 0
-4.7139674774371088e-02 -2.9401015257462859e-02 4.5247042318806052e-02 0
-4.7139674774371088e-02 -2.9401015257462859e-02 4.6695544733665884e-02 0
-4.7139674774371088e-02 -2.9401015257462859e-02 4.8144047148525715e-02 0
-4.7139674774371088e-02 -2.9401015257462859e-02 4.9592549563385546e-02 0
-4.7139674774371088e-02 -2.9401015257462859e-02 5.1041051978245378e-02 0
-4.7139674774371088e-02 -2.7904724818654358e-02 3.6556027829647064e-02 0
-4.7139674774371088e-02 -2.7904724818654358e-02 3.8004530244506896e-02 0
-4.7139674774371088e-02 -2.7904724818654358e-02 3.9453032659366727e-02 0
-4.7139674774371088e-02 -2.7904724818654358e-02 4.0901535074226558e-02 0
-4.7139674774371088e-02 -2.7904724818654358e-02 4.2350037489086390e-02 0
-4.7139674774371088e-02 -2.7904724818654358e-02 4.3798539903946221e-02 0
-4.7139674774371088e-02 -2.7904724818654358e-02 4.5247042318806052e-02 0
-4.7139674774371088e-02 -2.7904724818654358e-02 4.6695544733665884e-02 0
-4.7139674774371088e-02 -2.7904724818654358e-02 4.8144047148525715e-02 0
-4.7139674774371088e-02 -2.7904724818654358e-02 4.9592549563385546e-02 0
-4.7139674774371088e-02 -2.7904724818654358e-02 5.1041051978245378e-02 0
-4.7139674774371088e-02 -2.6408434379845858e-02 3.6556027829647064e-02 0
-4.7139674774371088e-02 -2.6408434379845858e-02 3.8004530244506896e-02 0
-4.7139674774371088e-02 -2.6408434379845858e-02 3.9453032659366727e-02 0
-4.7139674774371088e-02 -2.6408434379845858e-02 4.0901535074226558e-02 0
-4.7139674774371088e-02 -2.6408434379845858e-02 4.2350037489086390e-02 0
-4.7139674774371088e-02 -2.6408434379845858e-02 4.3798539903946221e-02 0
-4.7139674774371088e-02 -2.6408434379845858e-02 4.5247042318806052e-02 0
-4.7139674774371088e-02 -2.6408434379845858e-02 4.6695544733665884e-02 0
-4.7139674774371088e-02 -2.6408434379845858e-02 4.8144047148525715e-02 0
-4.7139674774371088e-02 -2.6408434379845858e-02 4.9592549563385546e-02 0
-4.7139674774371088e-02 -2.6408434379845858e-02 5.1041051978245378e-02 0
-4.7139674774371088e-02 -2.4912143941037357e-02 3.6556027829647064e-02 0
-4.7139674774371088e-02 -2.4912143941037357e-02 3.8004530244506896e-02 0
-4.7139674774371088e-02 -2.4912143941037357e-02 3.9453032659366727e-02 0
-4.7139674774371088e-02 -2.4912143941037357e-02 4.0901535074226558e-02 0
-4.7139674774371088e-02 -2.4912143941037357e-02 4.2350037489086390e-02 0
-4.7139674774371088e-02 -2.4912143941037357e-02 4.3798539903946221e-02 0
-4.7139674774371088e-02 -2.4912143941037357e-02 4.5247042318806052e-02 0
-4.7139674774371088e-02 -2.4912143941037357e-02 4.6695544733665884e-02 0
-4.7139674774371088e-02 -2.4912143941037357e-02 4.8144047148525715e-02 0
-4.7139674774371088e-02 -2.4912143941037357e-02 4.9592549563385546e-02 0
-4.7139674774371088e-02 -2.4912143941037357e-02 5.1041051978245378e-02 0
-4.7139674774371088e-02 -2.3415853502228856e-02 3.6556027829647064e-02 0
-4.7139674774371088e-02 -2.3415853502228856e-02 3.8004530244506896e-02 0
-4.7139674774371088e-02 -2.3415853502228856e-02 3.9453032659366727e-02 0
-4.7139674774371088e-02 -2.3415853502228856e-02 4.0901535074226558e-02 0
-4.7139674774371088e-02 -2.3415853502228856e-02 4.2350037489086390e-02 0
-4.7139674774371088e-02 -2.3415853502228856e-02 4.3798539903946221e-02 0
-4.7139674774371088e-02 -2.3415853502228856e-02 4.5247042318806052e-02 0
-4.7139674774371088e-02 -2.3415853502228856e-02 4.6695544733665884e-02 0
-4.7139674774371088e-02 -2.1919563063420355e-02 3.6556027829647064e-02 0
-4.7139674774371088e-02 -2.1919563063420355e-02 3.8004530244506896e-02 0
-4.7139674774371088e-02 -2.1919563063420355e-02 3.9453032659366727e-02 0
-4.7139674774371088e-02 -2.1919563063420355e-02 4.0901535074226558e-02 0
-4.7139674774371088e-02 -2.1919563063420355e-02 4.2350037489086390e-02 0
-4.7139674774371088e-02 -2.1919563063420355e-02 4.3798539903946221e-02 0
-4.7139674774371088e-02 -2.1919563063420355e-02 4.5247042318806052e-02 0
-4.7139674774371088e-02 -2.1919563063420355e-02 4.6695544733665884e-02 0
-4.7139674774371088e-02 -2.0423272624611855e-02 3.6556027829647064e-02 0
-4.7139674774371088e-02 -2.0423272624611855e-02 3.8004530244506896e-02 0
-4.7139674774371088e-02 -2.0423272624611855e-02 3.9453032659366727e-02 0
-4.7139674774371088e-02 -2.0423272624611855e-02 4.0901535074226558e-02 0
-4.7139674774371088e-02 -2.0423272624611855e-02 4.2350037489086390e-02 0
-4.7139674774371088e-02 -2.0423272624611855e-02 4.3798539903946221e-02 0
-4.7139674774371088e-02 -2.0423272624611855e-02 4.5247042318806052e-02 0
-4.7139674774371088e-02 -2.0423272624611855e-02 4.6695544733665884e-02 0
-4.7139674774371088e-02 -1.8926982185803354e-02 3.6556027829647064e-02 0
-4.7139674774371088e-02 -1.8926982185803354e-02 3.8004530244506896e-02 0
-4.7139674774371088e-02 -1.8926982185803354e-02 3.9453032659366727e-02 0
-4.7139674774371088e-02 -1.8926982185803354e-02 4.0901535074226558e-02 0
-4.7139674774371088e-02 -1.8926982185803354e-02 4.2350037489086390e-02 0
-4.7139674774371088e-02 -1.8926982185803354e-02 4.3798539903946221e-02 0
-4.7139674774371088e-02 -1.8926982185803354e-02 4.5247042318806052e-02 0
-4.7139674774371088e-02 -1.8926982185803354e-02 4.6695544733665884e-02 0
-4.7139674774371088e-02 -1.7430691746994853e-02 3.6556027829647064e-02 0
-4.7139674774371088e-02 -1.7430691746994853e-02 3.8004530244506896e-02 0
-4.7139674774371088e-02 -1.7430691746994853e-02 3.9453032659366727e-02 0
-4.7139674774371088e-02 -1.7430691746994853e-02 4.0901535074226558e-02 0
-4.7139674774371088e-02 -1.7430691746994853e-02 4.2350037489086390e-02 0
-4.7139674774371088e-02 -1.7430691746994853e-02 4.3798539903946221e-02 0
-4.7139674774371088e-02 -1.7430691746994853e-02 4.5247042318806052e-02 0
-4.7139674774371088e-02 -1.7430691746994853e-02 4.6695544733665884e-02 0
-4.7139674774371088e-02 -1.5934401308186352e-02 3.6556027829647064e-02 0
-4.7139674774371088e-02 -1.5934401308186352e-02 3.8004530244506896e-02 0
-4.7139674774371088e-02 -1.5934401308186352e-02 3.9453032659366727e-02 0
-4.7139674774371088e-02 -1.5934401308186352e-02 4.0901535074226558e-02 0
-4.7139674774371088e-02 -1.5934401308186352e-02 4.2350037489086390e-02 0
-4.7139674774371088e-02 -1.5934401308186352e-02 4.3798539903946221e-02 0
-4.7139674774371088e-02 -1.5934401308186352e-02 4.5247042318806052e-02 0
-4.7139674774371088e-02 -1.5934401308186352e-02 4.6695544733665884e-02 0
-4.7139674774371088e-02 -1.4438110869377851e-02 3.6556027829647064e-02 0
-4.7139674774371088e-02 -1.4438110869377851e-02 3.8004530244506896e-02 0
-4.7139674774371088e-02 -1.4438110869377851e-02 3.9453032659366727e-02 0
-4.7139674774371088e-02 -1.4438110869377851e-02 4.0901535074226558e-02 0
-4.7139674774371088e-02 -1.4438110869377851e-02 4.2350037489086390e-02 0
-4.7139674774371088e-02 -1.4438110869377851e-02 4.3798539903946221e-02 0
-4.7139674774371088e-02 -1.4438110869377851e-02 4.5247042318806052e-02 0
-4.7139674774371088e-02 -1.4438110869377851e-02 4.6695544733665884e-02 0
-4.7139674774371088e-02 -1.2941820430569351e-02 3.6556027829647064e-02 0
-4.7139674774371088e-02 -1.2941820430569351e-02 3.8004530244506896e-02 0
-4.7139674774371088e-02 -1.2941820430569351e-02 3.9453032659366727e-02 0
-4.7139674774371088e-02 -1.2941820430569351e-02 4.0901535074226558e-02 0
-4.7139674774371088e-02 -1.2941820430569351e-02 4.2350037489086390e-02 0
-4.7139674774371088e-02 -1.2941820430569351e-02 4.3798539903946221e-02 0
-4.7139674774371088e-02 -1.2941820430569351e-02 4.5247042318806052e-02 0
-4.7139674774371088e-02 -1.2941820430569351e-02 4.6695544733665884e-02 0
-4.7139674774371088e-02 -1.1445529991760850e-02 3.6556027829647064e-02 0
-4.7139674774371088e-02 -1.1445529991760850e-02 3.8004530244506896e-02 0
-4.7139674774371088e-02 -1.1445529991760850e-02 3.9453032659366727e-02 0
-4.7139674774371088e-02 -1.1445529991760850e-02 4.0901535074226558e-02 0
-4.7139674774371088e-02 -1.1445529991760850e-02 4.2350037489086390e-02 0
-4.7139674774371088e-02 -1.1445529991760850e-02 4.3798539903946221e-02 0
-4.7139674774371088e-02 -1.1445529991760850e-02 4.5247042318806052e-02 0
-4.7139674774371088e-02 -1.1445529991760850e-02 4.6695544733665884e-02 0
-4.7139674774371088e-02 -9.9492395529523492e-03 3.6556027829647064e-02 0
-4.7139674774371088e-02 -9.9492395529523492e-03 3.8004530244506896e-02 0
-4.7139674774371088e-02 -9.9492395529523492e-03 3.9453032659366727e-02 0
-4.7139674774371088e-02 -9.9492395529523492e-03 4.0901535074226558e-02 0
-4.7139674774371088e-02 -9.9492395529523492e-03 4.2350037489086390e-02 0
-4.7139674774371088e-02 -9.9492395529523492e-03 4.3798539903946221e-02 0
-4.7139674774371088e-02 -9.9492395529523492e-03 4.5247042318806052e-02 0
-4.7139674774371088e-02 -9.9492395529523492e-03 4.6695544733665884e-02 0
-4.7139674774371088e-02 -8.4529491141438484e-03 3.6556027829647064e-02 0
-4.7139674774371088e-02 -8.4529491141438484e-03 3.8004530244506896e-02 0
-4.7139674774371088e-02 -8.4529491141438484e-03 3.9453032659366727e-02 0
-4.7139674774371088e-02 -8.4529491141438484e-03 4.0901535074226558e-02 0
-4.7139674774371088e-02 -8.4529491141438484e-03 4.2350037489086390e-02 0
-4.7139674774371088e-02 -8.4529491141438484e-03 4.3798539903946221e-02 0
-4.7139674774371088e-02 -8.4529491141438484e-03 4.5247042318806052e-02 0
-4.7139674774371088e-02 -8.4529491141438484e-03 4.6695544733665884e-02 0
-4.7139674774371088e-02 -6.9566586753353477e-03 3.6556027829647064e-02 0
-4.7139674774371088e-02 -6.9566586753353477e-03 3.8004530244506896e-02 0
-4.7139674774371088e-02 -6.9566586753353477e-03 3.9453032659366727e-02 0
-4.7139674774371088e-02 -6.9566586753353477e-03 4.0901535074226558e-02 0
-4.7139674774371088e-02 -6.9566586753353477e-03 4.2350037489086390e-02 0
-4.7139674774371088e-02 -6.9566586753353477e-03 4.3798539903946221e-02 0
-4.7139674774371088e-02 -6.9566586753353477e-03 4.5247042318806052e-02 0
-4.7139674774371088e-02 -6.9566586753353477e-03 4.6695544733665884e-02 0
-4.7139674774371088e-02 -5.4603682365268469e-03 3.6556027829647064e-02 0
-4.7139674774371088e-02 -5.4603682365268469e-03 3.8004530244506896e-02 0
-4.7139674774371088e-02 -5.4603682365268469e-03 3.9453032659366727e-02 0
-4.7139674774371088e-02 -5.4603682365268469e-03 4.0901535074226558e-02 0
-4.7139674774371088e-02 -5.4603682365268469e-03 4.2350037489086390e-02 0
-4.7139674774371088e-02 -5.4603682365268469e-03 4.3798539903946221e-02 0
-4.7139674774371088e-02 -5.4603682365268469e-03 4.5247042318806052e-02 0
-4.7139674774371088e-02 -5.4603682365268469e-03 4.6695544733665884e-02 0
-4.7139674774371088e-02 -3.9640777977183461e-03 3.6556027829647064e-02 0
-4.7139674774371088e-02 -3.9640777977183461e-03 3.8004530244506896e-02 0
-4.7139674774371088e-02 -3.9640777977183461e-03 3.9453032659366727e-02 0
-4.7139674774371088e-02 -3.9640777977183461e-03 4.0901535074226558e-02 0
-4.7139674774371088e-02 -3.9640777977183461e-03 4.2350037489086390e-02 0
-4.7139674774371088e-02 -3.9640777977183461e-03 4.3798539903946221e-02 0
-4.7139674774371088e-02 -3.9640777977183461e-03 4.5247042318806052e-02 0
-4.7139674774371088e-02 -3.9640777977183461e-03 4.6695544733665884e-02 0
-4.7139674774371088e-02 -2.4677873589098454e-03 3.6556027829647064e-02 0
-4.7139674774371088e-02 -2.4677873589098454e-03 3.8004530244506896e-02 0
-4.7139674774371088e-02 -2.4677873589098454e-03 3.9453032659366727e-02 0
-4.7139674774371088e-02 -2.4677873589098454e-03 4.0901535074226558e-02 0
-4.7139674774371088e-02 -2.4677873589098454e-03 4.2350037489086390e-02 0
-4.7139674774371088e-02 -2.4677873589098454e-03 4.3798539903946221e-02 0
-4.7139674774371088e-02 -2.4677873589098454e-03 4.5247042318806052e-02 0
-4.7139674774371088e-02 -2.4677873589098454e-03 4.6695544733665884e-02 0
-4.7139674774371088e-02 -9.7149692010134459e-04 3.6556027829647064e-02 0
-4.7139674774371088e-02 -9.7149692010134459e-04 3.8004530244506896e-02 0
-4.7139674774371088e-02 -9.7149692010134459e-04 3.9453032659366727e-02 0
-4.7139674774371088e-02 -9.7149692010134459e-04 4.0901535074226558e-02 0
-4.7139674774371088e-02 -9.7149692010134459e-04 4.2350037489086390e-02 0
-4.7139674774371088e-02 -9.7149692010134459e-04 4.3798539903946221e-02 0
-4.7139674774371088e-02 -9.7149692010134459e-04 4.5247042318806052e-02 0
-4.7139674774371088e-02 -9.7149692010134459e-04 4.6695544733665884e-02 0
-4.7139674774371088e-02 5.2479351870715618e-04 3.6556027829647064e-02 0
-4.7139674774371088e-02 5.2479351870715618e-04 3.8004530244506896e-02 0
-4.7139674774371088e-02 5.2479351870715618e-04 3.9453032659366727e-02 0
-4.7139674774371088e-02 5.2479351870715618e-04 4.0901535074226558e-02 0
-4.7139674774371088e-02 5.2479351870715618e-04 4.2350037489086390e-02 0
-4.7139674774371088e-02 5.2479351870715618e-04 4.3798539903946221e-02 0
-4.7139674774371088e-02 5.2479351870715618e-04 4.5247042318806052e-02 0
-4.7139674774371088e-02 5.2479351870715618e-04 4.6695544733665884e-02 0
-4.7139674774371088e-02 2.0210839575156569e-03 3.6556027829647064e-02 0
-4.7139674774371088e-02 2.0210839575156569e-03 3.8004530244506896e-02 0
-4.7139674774371088e-02 2.0210839575156569e-03 3.9453032659366727e-02 0
-4.7139674774371088e-02 2.0210839575156569e-03 4.0901535074226558e-02 0
-4.7139674774371088e-02 2.0210839575156569e-03 4.2350037489086390e-02 0
-4.7139674774371088e-02 2.0210839575156569e-03 4.3798539903946221e-02 0
-4.7139674774371088e-02 2.0210839575156569e-03 4.5247042318806052e-02 0
-4.7139674774371088e-02 2.0210839575156569e-03 4.6695544733665884e-02 0
-4.7139674774371088e-02 3.5173743963241577e-03 3.6556027829647064e-02 0
-4.7139674774371088e-02 3.5173743963241577e-03 3.8004530244506896e-02 0
-4.7139674774371088e-02 3.5173743963241577e-03 3.9453032659366727e-02 0
-4.7139674774371088e-02 3.5173743963241577e-03 4.0901535074226558e-02 0
-4.7139674774371088e-02 3.5173743963241577e-03 4.2350037489086390e-02 0
-4.7139674774371088e-02 3.5173743963241577e-03 4.3798539903946221e-02 0
-4.7139674774371088e-02 3.5173743963241577e-03 4.5247042318806052e-02 0
-4.7139674774371088e-02 3.5173743963241577e-03 4.6695544733665884e-02 0
-4.7139674774371088e-02 5.0136648351326585e-03 3.6556027829647064e-02 0
-4.7139674774371088e-02 5.0136648351326585e-03 3.8004530244506896e-02 0
-4.7139674774371088e-02 5.0136648351326585e-03 3.9453032659366727e-02 0
-4.7139674774371088e-02 5.0136648351326585e-03 4.0901535074226558e-02 0
-4.7139674774371088e-02 5.0136648351326585e-03 4.2350037489086390e-02 0
-4.7139674774371088e-02 5.0136648351326585e-03 4.3798539903946221e-02 0
-4.7139674774371088e-02 5.0136648351326585e-03 4.5247042318806052e-02 0
-4.7139674774371088e-02 5.0136648351326585e-03 4.6695544733665884e-02 0
-4.7139674774371088e-02 6.5099552739411592e-03 3.6556027829647064e-02 0
-4.7139674774371088e-02 6.5099552739411592e-03 3.8004530244506896e-02 0
-4.7139674774371088e-02 6.5099552739411592e-03 3.9453032659366727e-02 0
-4.7139674774371088e-02 6.5099552739411592e-03 4.0901535074226558e-02 0
-4.7139674774371088e-02 6.5099552739411592e-03 4.2350037489086390e-02 0
-4.7139674774371088e-02 6.5099552739411592e-03 4.3798539903946221e-02 0
-4.7139674774371088e-02 6.5099552739411592e-03 4.5247042318806052e-02 0
-4.7139674774371088e-02 6.5099552739411592e-03 4.6695544733665884e-02 0
-4.7139674774371088e-02 8.0062457127496600e-03 3.6556027829647064e-02 0
-4.7139674774371088e-02 8.0062457127496600e-03 3.8004530244506896e-02 0
-4.7139674774371088e-02 8.0062457127496600e-03 3.9453032659366727e-02 0
-4.7139674774371088e-02 8.0062457127496600e-03 4.0901535074226558e-02 0
-4.7139674774371088e-02 8.0062457127496600e-03 4.2350037489086390e-02 0
-4.7139674774371088e-02 8.0062457127496600e-03 4.3798539903946221e-02 0
-4.7139674774371088e-02 8.0062457127496600e-03 4.5247042318806052e-02 0
-4.7139674774371088e-02 8.0062457127496600e-03 4.6695544733665884e-02 0
-4.7139674774371088e-02 9.5025361515581608e-03 3.6556027829647064e-02 0
-4.7139674774371088e-02 9.5025361515581608e-03 3.8004530244506896e-02 0
-4.7139674774371088e-02 9.5025361515581608e-03 3.9453032659366727e-02 0
-4.7139674774371088e-02 9.5025361515581608e-03 4.0901535074226558e-02 0
-4.7139674774371088e-02 9.5025361515581608e-03 4.2350037489086390e-02 0
-4.7139674774371088e-02 9.5025361515581608e-03 4.3798539903946221e-02 0
-4.7139674774371088e-02 9.5025361515581608e-03 4.5247042318806052e-02 0
-4.7139674774371088e-02 9.5025361515581608e-03 4.6695544733665884e-02 0
-4.7139674774371088e-02 1.0998826590366662e-02 3.6556027829647064e-02 0
-4.7139674774371088e-02 1.0998826590366662e-02 3.8004530244506896e-02 0
-4.7139674774371088e-02 1.0998826590366662e-02 3.9453032659366727e-02 0
-4.7139674774371088e-02 1.0998826590366662e-02 4.0901535074226558e-02 0
-4.7139674774371088e-02 1.0998826590366662e-02 4.2350037489086390e-02 0
-4.7139674774371088e-02 1.0998826590366662e-02 4.3798539903946221e-02 0
-4.7139674774371088e-02 1.0998826590366662e-02 4.5247042318806052e-02 0
-4.7139674774371088e-02 1.0998826590366662e-02 4.6695544733665884e-02 0
-4.7139674774371088e-02 1.2495117029175162e-02 3.6556027829647064e-02 0
-4.7139674774371088e-02 1.2495117029175162e-02 3.8004530244506896e-02 0
-4.7139674774371088e-02 1.2495117029175162e-02 3.9453032659366727e-02 0
-4.7139674774371088e-02 1.2495117029175162e-02 4.0901535074226558e-02 0
-4.7139674774371088e-02 1.2495117029175162e-02 4.2350037489086390e-02 0
-4.7139674774371088e-02 1.2495117029175162e-02 4.3798539903946221e-02 0
-4.7139674774371088e-02 1.2495117029175162e-02 4.5247042318806052e-02 0
-4.7139674774371088e-02 1.2495117029175162e-02 4.6695544733665884e-02 0
-4.7139674774371088e-02 1.3991407467983663e-02 3.6556027829647064e-02 0
-4.7139674774371088e-02 1.3991407467983663e-02 3.8004530244506896e-02 0
-4.7139674774371088e-02 1.3991407467983663e-02 3.9453032659366727e-02 0
-4.7139674774371088e-02 1.3991407467983663e-02 4.0901535074226558e-02 0
-4.7139674774371088e-02 1.3991407467983663e-02 4.2350037489086390e-02 0
-4.7139674774371088e-02 1.3991407467983663e-02 4.3798539903946221e-02 0
-4.7139674774371088e-02 1.3991407467983663e-02 4.5247042318806052e-02 0
-4.7139674774371088e-02 1.3991407467983663e-02 4.6695544733665884e-02 0
-4.7139674774371088e-02 1.5487697906792164e-02 3.6556027829647064e-02 0
-4.7139674774371088e-02 1.5487697906792164e-02 3.8004530244506896e-02 0
-4.7139674774371088e-02 1.5487697906792164e-02 3.9453032659366727e-02 0
-4.7139674774371088e-02 1.5487697906792164e-02 4.0901535074226558e-02 0
-4.7139674774371088e-02 1.5487697906792164e-02 4.2350037489086390e-02 0
-4.7139674774371088e-02 1.5487697906792164e-02 4.3798539903946221e-02 0
-4.7139674774371088e-02 1.5487697906792164e-02 4.5247042318806052e-02 0
-4.7139674774371088e-02 1.5487697906792164e-02 4.6695544733665884e-02 0
-4.7139674774371088e-02 1.6983988345600665e-02 3.6556027829647064e-02 0
-4.7139674774371088e-02 1.6983988345600665e-02 3.8004530244506896e-02 0
-4.7139674774371088e-02 1.6983988345600665e-02 3.9453032659366727e-02 0
-4.7139674774371088e-02 1.6983988345600665e-02 4.0901535074226558e-02 0
-4.7139674774371088e-02 1.6983988345600665e-02 4.2350037489086390e-02 0
-4.7139674774371088e-02 1.6983988345600665e-02 4.3798539903946221e-02 0
-4.7139674774371088e-02 1.6983988345600665e-02 4.5247042318806052e-02 0
-4.7139674774371088e-02 1.6983988345600665e-02 4.6695544733665884e-02 0
-4.7139674774371088e-02 1.8480278784409165e-02 3.6556027829647064e-02 0
-4.7139674774371088e-02 1.8480278784409165e-02 3.8004530244506896e-02 0
-4.7139674774371088e-02 1.8480278784409165e-02 3.9453032659366727e-02 0
-4.7139674774371088e-02 1.8480278784409165e-02 4.0901535074226558e-02 0
-4.7139674774371088e-02 1.8480278784409165e-02 4.2350037489086390e-02 0
-4.7139674774371088e-02 1.8480278784409165e-02 4.3798539903946221e-02 0
-4.7139674774371088e-02 1.8480278784409165e-02 4.5247042318806052e-02 0
-4.7139674774371088e-02 1.8480278784409165e-02 4.6695544733665884e-02 0
-4.7139674774371088e-02 1.9976569223217666e-02 3.6556027829647064e-02 0
-4.7139674774371088e-02 1.9976569223217666e-02 3.8004530244506896e-02 0
-4.7139674774371088e-02 1.9976569223217666e-02 3.9453032659366727e-02 0
-4.7139674774371088e-02 1.9976569223217666e-02 4.0901535074226558e-02 0
-4.7139674774371088e-02 1.9976569223217666e-02 4.2350037489086390e-02 0
-4.7139674774371088e-02 1.9976569223217666e-02 4.3798539903946221e-02 0
-4.7139674774371088e-02 1.9976569223217666e-02 4.5247042318806052e-02 0
-4.7139674774371088e-02 1.9976569223217666e-02 4.6695544733665884e-02 0
-4.7139674774371088e-02 2.1472859662026167e-02 3.6556027829647064e-02 0
-4.7139674774371088e-02 2.1472859662026167e-02 3.8004530244506896e-02 0
-4.7139674774371088e-02 2.1472859662026167e-02 3.9453032659366727e-02 0
-4.7139674774371088e-02 2.1472859662026167e-02 4.0901535074226558e-02 0
-4.7139674774371088e-02 2.1472859662026167e-02 4.2350037489086390e-02 0
-4.7139674774371088e-02 2.1472859662026167e-02 4.3798539903946221e-02 0
-4.7139674774371088e-02 2.1472859662026167e-02 4.5247042318806052e-02 0
-4.7139674774371088e-02 2.1472859662026167e-02 4.6695544733665884e-02 0
-4.5656026341021061e-02 -4.4363919645547867e-02 3.6556027829647064e-02 0
-4.5656026341021061e-02 -4.2867629206739366e-02 3.6556027829647064e-02 0
-4.5656026341021061e-02 -4.4363919645547867e-02 3.8004530244506896e-02 0
-4.5656026341021061e-02 -4.2867629206739366e-02 3.8004530244506896e-02 0
-4.5656026341021061e-02 -4.4363919645547867e-02 3.9453032659366727e-02 0
-4.5656026341021061e-02 -4.2867629206739366e-02 3.9453032659366727e-02 0
-4.5656026341021061e-02 -4.4363919645547867e-02 4.0901535074226558e-02 0
-4.5656026341021061e-02 -4.2867629206739366e-02 4.0901535074226558e-02 0
-4.5656026341021061e-02 -4.4363919645547867e-02 4.2350037489086390e-02 0
-4.5656026341021061e-02 -4.2867629206739366e-02 4.2350037489086390e-02 0
-4.5656026341021061e-02 -4.4363919645547867e-02 4.3798539903946221e-02 0
-4.5656026341021061e-02 -4.2867629206739366e-02 4.3798539903946221e-02 0
-4.5656026341021061e-02 -4.4363919645547867e-02 4.5247042318806052e-02 0
-4.5656026341021061e-02 -4.2867629206739366e-02 4.5247042318806052e-02 0
-4.5656026341021061e-02 -4.4363919645547867e-02 4.6695544733665884e-02 0
-4.5656026341021061e-02 -4.2867629206739366e-02 4.6695544733665884e-02 0
-4.5656026341021061e-02 -4.4363919645547867e-02 4.8144047148525715e-02 0
-4.5656026341021061e-02 -4.2867629206739366e-02 4.8144047148525715e-02 0
-4.5656026341021061e-02 -4.4363919645547867e-02 4.9592549563385546e-02 0
-4.5656026341021061e-02 -4.2867629206739366e-02 4.9592549563385546e-02 0
-4.5656026341021061e-02 -4.4363919645547867e-02 5.1041051978245378e-02 0
-4.5656026341021061e-02 -4.2867629206739366e-02 5.1041051978245378e-02 0
-4.5656026341021061e-02 -4.1371338767930865e-02 3.6556027829647064e-02 0
-4.5656026341021061e-02 -4.1371338767930865e-02 3.8004530244506896e-02 0
-4.5656026341021061e-02 -4.1371338767930865e-02 3.9453032659366727e-02 0
-4.5656026341021061e-02 -4.1371338767930865e-02 4.0901535074226558e-02 0
-4.5656026341021061e-02 -4.1371338767930865e-02 4.2350037489086390e-02 0
-4.5656026341021061e-02 -4.1371338767930865e-02 4.3798539903946221e-02 0
-4.5656026341021061e-02 -4.1371338767930865e-02 4.5247042318806052e-02 0
-4.5656026341021061e-02 -4.1371338767930865e-02 4.6695544733665884e-02 0
-4.5656026341021061e-02 -4.1371338767930865e-02 4.8144047148525715e-02 0
-4.5656026341021061e-02 -4.1371338767930865e-02 4.9592549563385546e-02 0
-4.5656026341021061e-02 -4.1371338767930865e-02 5.1041051978245378e-02 0
-4.5656026341021061e-02 -3.9875048329122365e-02 3.6556027829647064e-02 0
-4.5656026341021061e-02 -3.9875048329122365e-02 3.8004530244506896e-02 0
-4.5656026341021061e-02 -3.9875048329122365e-02 3.9453032659366727e-02 0
-4.5656026341021061e-02 -3.9875048329122365e-02 4.0901535074226558e-02 0
-4.5656026341021061e-02 -3.9875048329122365e-02 4.2350037489086390e-02 0
-4.5656026341021061e-02 -3.9875048329122365e-02 4.3798539903946221e-02 0
-4.5656026341021061e-02 -3.9875048329122365e-02 4.5247042318806052e-02 0
-4.5656026341021061e-02 -3.9875048329122365e-02 4.6695544733665884e-02 0
-4.5656026341021061e-02 -3.9875048329122365e-02 4.8144047148525715e-02 0
-4.5656026341021061e-02 -3.9875048329122365e-02 4.9592549563385546e-02 0
-4.5656026341021061e-02 -3.9875048329122365e-02 5.1041051978245378e-02 0
-4.5656026341021061e-02 -3.8378757890313864e-02 3.6556027829647064e-02 0
-4.5656026341021061e-02 -3.8378757890313864e-02 3.8004530244506896e-02 0
-4.5656026341021061e-02 -3.8378757890313864e-02 3.9453032659366727e-02 0
-4.5656026341021061e-02 -3.8378757890313864e-02 4.0901535074226558e-02 0
-4.5656026341021061e-02 -3.8378757890313864e-02 4.2350037489086390e-02 0
-4.5656026341021061e-02 -3.8378757890313864e-02 4.3798539903946221e-02 0
-4.5656026341021061e-02 -3.8378757890313864e-02 4.5247042318806052e-02 0
-4.5656026341021061e-02 -3.8378757890313864e-02 4.6695544733665884e-02 0
-4.5656026341021061e-02 -3.8378757890313864e-02 4.8144047148525715e-02 0
-4.5656026341021061e-02 -3.8378757890313864e-02 4.9592549563385546e-02 0
-4.5656026341021061e-02 -3.8378757890313864e-02 5.1041051978245378e-02 0
-4.5656026341021061e-02 -3.6882467451505363e-02 3.6556027829647064e-02 0
-4.5656026341021061e-02 -3.6882467451505363e-02 3.8004530244506896e-02 0
-4.5656026341021061e-02 -3.6882467451505363e-02 3.9453032659366727e-02 0
-4.5656026341021061e-02 -3.6882467451505363e-02 4.0901535074226558e-02 0
-4.5656026341021061e-02 -3.6882467451505363e-02 4.2350037489086390e-02 0
-4.5656026341021061e-02 -3.6882467451505363e-02 4.3798539903946221e-02 0
-4.5656026341021061e-02 -3.6882467451505363e-02 4.5247042318806052e-02 0
-4.5656026341021061e-02 -3.6882467451505363e-02 4.6695544733665884e-02 0
-4.5656026341021061e-02 -3.6882467451505363e-02 4.8144047148525715e-02 0
-4.5656026341021061e-02 -3.6882467451505363e-02 4.9592549563385546e-02 0
-4.5656026341021061e-02 -3.6882467451505363e-02 5.1041051978245378e-02 0
-4.5656026341021061e-02 -3.5386177012696862e-02 3.6556027829647064e-02 0
-4.5656026341021061e-02 -3.5386177012696862e-02 3.8004530244506896e-02 0
-4.5656026341021061e-02 -3.5386177012696862e-02 3.9453032659366727e-02 0
-4.5656026341021061e-02 -3.5386177012696862e-02 4.0901535074226558e-02 0
-4.5656026341021061e-02 -3.5386177012696862e-02 4.2350037489086390e-02 0
-4.5656026341021061e-02 -3.5386177012696862e-02 4.3798539903946221e-02 0
-4.5656026341021061e-02 -3.5386177012696862e-02 4.5247042318806052e-02 0
-4.5656026341021061e-02 -3.5386177012696862e-02 4.6695544733665884e-02 0
-4.5656026341021061e-02 -3.5386177012696862e-02 4.8144047148525715e-02 0
-4.5656026341021061e-02 -3.5386177012696862e-02 4.9592549563385546e-02 0
-4.5656026341021061e-02 -3.5386177012696862e-02 5.1041051978245378e-02 0
-4.5656026341021061e-02 -3.3889886573888361e-02 3.6556027829647064e-02 0
-4.5656026341021061e-02 -3.3889886573888361e-02 3.8004530244506896e-02 0
-4.5656026341021061e-02 -3.3889886573888361e-02 3.9453032659366727e-02 0
-4.5656026341021061e-02 -3.3889886573888361e-02 4.0901535074226558e-02 0
-4.5656026341021061e-02 -3.3889886573888361e-02 4.2350037489086390e-02 0
-4.5656026341021061e-02 -3.3889886573888361e-02 4.3798539903946221e-02 0
-4.5656026341021061e-02 -3.3889886573888361e-02 4.5247042318806052e-02 0
-4.5656026341021061e-02 -3.3889886573888361e-02 4.6695544733665884e-02 0
-4.5656026341021061e-02 -3.3889886573888361e-02 4.8144047148525715e-02 0
-4.5656026341021061e-02 -3.3889886573888361e-02 4.9592549563385546e-02 0
-4.5656026341021061e-02 -3.3889886573888361e-02 5.1041051978245378e-02 0
-4.5656026341021061e-02 -3.2393596135079861e-02 3.6556027829647064e-02 0
-4.5656026341021061e-02 -3.2393596135079861e-02 3.8004530244506896e-02 0
-4.5656026341021061e-02 -3.2393596135079861e-02 3.9453032659366727e-02 0
-4.5656026341021061e-02 -3.2393596135079861e-02 4.0901535074226558e-02 0
-4.5656026341021061e-02 -3.2393596135079861e-02 4.2350037489086390e-02 0
-4.5656026341021061e-02 -3.2393596135079861e-02 4.3798539903946221e-02 0
-4.5656026341021061e-02 -3.2393596135079861e-02 4.5247042318806052e-02 0
-4.5656026341021061e-02 -3.2393596135079861e-02 4.6695544733665884e-02 0
-4.5656026341021061e-02 -3.2393596135079861e-02 4.8144047148525715e-02 0
-4.5656026341021061e-02 -3.2393596135079861e-02 4.9592549563385546e-02 0
-4.5656026341021061e-02 -3.2393596135079861e-02 5.1041051978245378e-02 0
-4.5656026341021061e-02 -3.0897305696271360e-02 3.6556027829647064e-02 0
-4.5656026341021061e-02 -3.0897305696271360e-02 3.8004530244506896e-02 0
-4.5656026341021061e-02 -3.0897305696271360e-02 3.9453032659366727e-02 0
-4.5656026341021061e-02 -3.0897305696271360e-02 4.0901535074226558e-02 0
-4.5656026341021061e-02 -3.0897305696271360e-02 4.2350037489086390e-02 0
-4.5656026341021061e-02 -3.0897305696271360e-02 4.3798539903946221e-02 0
-4.5656026341021061e-02 -3.0897305696271360e-02 4.5247042318806052e-02 0
-4.5656026341021061e-02 -3.0897305696271360e-02 4.6695544733665884e-02 0
-4.5656026341021061e-02 -3.0897305696271360e-02 4.8144047148525715e-02 0
-4.5656026341021061e-02 -3.0897305696271360e-02 4.9592549563385546e-02 0
-4.5656026341021061e-02 -3.0897305696271360e-02 5.1041051978245378e-02 0
-4.5656026341021061e-02 -2.9401015257462859e-02 3.6556027829647064e-02 0
-4.5656026341021061e-02 -2.9401015257462859e-02 3.8004530244506896e-02 0
-4.5656026341021061e-02 -2.9401015257462859e-02 3.9453032659366727e-02 0
-4.5656026341021061e-02 -2.9401015257462859e-02 4.0901535074226558e-02 0
-4.5656026341021061e-02 -2.9401015257462859e-02 4.2350037489086390e-02 0
-4.5656026341021061e-02 -2.9401015257462859e-02 4.3798539903946221e-02 0
-4.5656026341021061e-02 -2.9401015257462859e-02 4.5247042318806052e-02 0
-4.5656026341021061e-02 -2.9401015257462859e-02 4.6695544733665884e-02 0
-4.5656026341021061e-02 -2.9401015257462859e-02 4.8144047148525715e-02 0
-4.5656026341021061e-02 -2.9401015257462859e-02 4.9592549563385546e-02 0
-4.5656026341021061e-02 -2.9401015257462859e-02 5.1041051978245378e-02 0
-4.5656026341021061e-02 -2.7904724818654358e-02 3.6556027829647064e-02 0
-4.5656026341021061e-02 -2.7904724818654358e-02 3.8004530244506896e-02 0
-4.5656026341021061e-02 -2.7904724818654358e-02 3.9453032659366727e-02 0
-4.5656026341021061e-02 -2.7904724818654358e-02 4.0901535074226558e-02 0
-4.5656026341021061e-02 -2.7904724818654358e-02 4.2350037489086390e-02 0
-4.5656026341021061e-02 -2.7904724818654358e-02 4.3798539903946221e-02 0
-4.5656026341021061e-02 -2.7904724818654358e-02 4.5247042318806052e-02 0
-4.5656026341021061e-02 -2.7904724818654358e-02 4.6695544733665884e-02 0
-4.5656026341021061e-02 -2.7904724818654358e-02 4.8144047148525715e-02 0
-4.5656026341021061e-02 -2.7904724818654358e-02 4.9592549563385546e-02 0
-4.5656026341021061e-02 -2.7904724818654358e-02 5.1041051978245378e-02 0
-4.5656026341021061e-02 -2.6408434379845858e-02 3.6556027829647064e-02 0
-4.5656026341021061e-02 -2.6408434379845858e-02 3.8004530244506896e-02 0
-4.5656026341021061e-02 -2.6408434379845858e-02 3.9453032659366727e-02 0
-4.5656026341021061e-02 -2.6408434379845858e-02 4.0901535074226558e-02 0
-4.5656026341021061e-02 -2.6408434379845858e-02 4.2350037489086390e-02 0
-4.5656026341021061e-02 -2.6408434379845858e-02 4.3798539903946221e-02 0
-4.5656026341021061e-02 -2.6408434379845858e-02 4.5247042318806052e-02 0
-4.5656026341021061e-02 -2.6408434379845858e-02 4.6695544733665884e-02 0
-4.5656026341021061e-02 -2.6408434379845858e-02 4.8144047148525715e-02 0
-4.5656026341021061e-02 -2.6408434379845858e-02 4.9592549563385546e-02 0
-4.5656026341021061e-02 -2.6408434379845858e-02 5.1041051978245378e-02 0
-4.5656026341021061e-02 -2.4912143941037357e-02 3.6556027829647064e-02 0
-4.5656026341021061e-02 -2.4912143941037357e-02 3.8004530244506896e-02 0
-4.5656026341021061e-02 -2.4912143941037357e-02 3.9453032659366727e-02 0
-4.5656026341021061e-02 -2.4912143941037357e-02 4.0901535074226558e-02 0
-4.5656026341021061e-02 -2.4912143941037357e-02 4.2350037489086390e-02 0
-4.5656026341021061e-02 -2.4912143941037357e-02 4.3798539903946221e-02 0
-4.5656026341021061e-02 -2.4912143941037357e-02 4.5247042318806052e-02 0
-4.5656026341021061e-02 -2.4912143941037357e-02 4.6695544733665884e-02 0
-4.5656026341021061e-02 -2.4912143941037357e-02 4.8144047148525715e-02 0
-4.5656026341021061e-02 -2.4912143941037357e-02 4.9592549563385546e-02 0
-4.5656026341021061e-02 -2.4912143941037357e-02 5.1041051978245378e-02 0
-4.5656026341021061e-02 -2.3415853502228856e-02 3.6556027829647064e-02 0
-4.5656026341021061e-02 -2.3415853502228856e-02 3.8004530244506896e-02 0
-4.5656026341021061e-02 -2.3415853502228856e-02 3.9453032659366727e-02 0
-4.5656026341021061e-02 -2.3415853502228856e-02 4.0901535074226558e-02 0
-4.5656026341021061e-02 -2.3415853502228856e-02 4.2350037489086390e-02 0
-4.5656026341021061e-02 -2.3415853502228856e-02 4.3798539903946221e-02 0
-4.5656026341021061e-02 -2.3415853502228856e-02 4.5247042318806052e-02 0
-4.5656026341021061e-02 -2.3415853502228856e-02 4.6695544733665884e-02 0
-4.5656026341021061e-02 -2.1919563063420355e-02 3.6556027829647064e-02 0
-4.5656026341021061e-02 -2.1919563063420355e-02 3.8004530244506896e-02 0
-4.5656026341021061e-02 -2.1919563063420355e-02 3.9453032659366727e-02 0
-4.5656026341021061e-02 -2.1919563063420355e-02 4.0901535074226558e-02 0
-4.5656026341021061e-02 -2.1919563063420355e-02 4.2350037489086390e-02 0
-4.5656026341021061e-02 -2.1919563063420355e-02 4.3798539903946221e-02 0
-4.5656026341021061e-02 -2.1919563063420355e-02 4.5247042318806052e-02 0
-4.5656026341021061e-02 -2.1919563063420355e-02 4.6695544733665884e-02 0
-4.5656026341021061e-02 -2.0423272624611855e-02 3.6556027829647064e-02 0
-4.5656026341021061e-02 -2.0423272624611855e-02 3.8004530244506896e-02 0
-4.5656026341021061e-02 -2.0423272624611855e-02 3.9453032659366727e-02 0
-4.5656026341021061e-02 -2.0423272624611855e-02 4.0901535074226558e-02 0
-4.5656026341021061e-02 -2.0423272624611855e-02 4.2350037489086390e-02 0
-4.5656026341021061e-02 -2.0423272624611855e-02 4.3798539903946221e-02 0
-4.5656026341021061e-02 -2.0423272624611855e-02 4.5247042318806052e-02 0
-4.5656026341021061e-02 -2.0423272624611855e-02 4.6695544733665884e-02 0
-4.5656026341021061e-02 -1.8926982185803354e-02 3.6556027829647064e-02 0
-4.5656026341021061e-02 -1.8926982185803354e-02 3.8004530244506896e-02 0
-4.5656026341021061e-02 -1.8926982185803354e-02 3.9453032659366727e-02 0
-4.5656026341021061e-02 -1.8926982185803354e-02 4.0901535074226558e-02 0
-4.5656026341021061e-02 -1.8926982185803354e-02 4.2350037489086390e-02 0
-4.5656026341021061e-02 -1.8926982185803354e-02 4.3798539903946221e-02 0
-4.5656026341021061e-02 -1.8926982185803354e-02 4.5247042318806052e-02 0
-4.5656026341021061e-02 -1.8926982185803354e-02 4.6695544733665884e-02 0
-4.5656026341021061e-02 -1.7430691746994853e-02 3.6556027829647064e-02 0
-4.5656026341021061e-02 -1.7430691746994853e-02 3.8004530244506896e-02 0
-4.5656026341021061e-02 -1.7430691746994853e-02 3.9453032659366727e-02 0
-4.5656026341021061e-02 -1.7430691746994853e-02 4.0901535074226558e-02 0
-4.5656026341021061e-02 -1.7430691746994853e-02 4.2350037489086390e-02 0
-4.5656026341021061e-02 -1.7430691746994853e-02 4.3798539903946221e-02 0
-4.5656026341021061e-02 -1.7430691746994853e-02 4.5247042318806052e-02 0
-4.5656026341021061e-02 -1.7430691746994853e-02 4.6695544733665884e-02 0
-4.5656026341021061e-02 -1.5934401308186352e-02 3.6556027829647064e-02 0
-4.5656026341021061e-02 -1.5934401308186352e-02 3.8004530244506896e-02 0
-4.5656026341021061e-02 -1.5934401308186352e-02 3.9453032659366727e-02 0
-4.5656026341021061e-02 -1.5934401308186352e-02 4.0901535074226558e-02 0
-4.5656026341021061e-02 -1.5934401308186352e-02 4.2350037489086390e-02 0
-4.5656026341021061e-02 -1.5934401308186352e-02 4.3798539903946221e-02 0
-4.5656026341021061e-02 -1.5934401308186352e-02 4.5247042318806052e-02 0
-4.5656026341021061e-02 -1.5934401308186352e-02 4.6695544733665884e-02 0
-4.5656026341021061e-02 -1.4438110869377851e-02 3.6556027829647064e-02 0
-4.5656026341021061e-02 -1.4438110869377851e-02 3.8004530244506896e-02 0
-4.5656026341021061e-02 -1.4438110869377851e-02 3.9453032659366727e-02 0
-4.5656026341021061e-02 -1.4438110869377851e-02 4.0901535074226558e-02 0
-4.5656026341021061e-02 -1.4438110869377851e-02 4.2350037489086390e-02 0
-4.5656026341021061e-02 -1.4438110869377851e-02 4.3798539903946221e-02 0
-4.5656026341021061e-02 -1.4438110869377851e-02 4.5247042318806052e-02 0
-4.5656026341021061e-02 -1.4438110869377851e-02 4.6695544733665884e-02 0
-4.5656026341021061e-02 -1.2941820430569351e-02 3.6556027829647064e-02 0
-4.5656026341021061e-02 -1.2941820430569351e-02 3.8004530244506896e-02 0
-4.5656026341021061e-02 -1.2941820430569351e-02 3.9453032659366727e-02 0
-4.5656026341021061e-02 -1.2941820430569351e-02 4.0901535074226558e-02 0
-4.5656026341021061e-02 -1.2941820430569351e-02 4.2350037489086390e-02 0
-4.5656026341021061e-02 -1.2941820430569351e-02 4.3798539903946221e-02 0
-4.5656026341021061e-02 -1.2941820430569351e-02 4.5247042318806052e-02 0
-4.5656026341021061e-02 -1.2941820430569351e-02 4.6695544733665884e-02 0
-4.5656026341021061e-02 -1.1445529991760850e-02 3.6556027829647064e-02 0
-4.5656026341021061e-02 -1.1445529991760850e-02 3.8004530244506896e-02 0
-4.5656026341021061e-02 -1.1445529991760850e-02 3.9453032659366727e-02 0
-4.5656026341021061e-02 -1.1445529991760850e-02 4.0901535074226558e-02 0
-4.5656026341021061e-02 -1.1445529991760850e-02 4.2350037489086390e-02 0
-4.5656026341021061e-02 -1.1445529991760850e-02 4.3798539903946221e-02 0
-4.5656026341021061e-02 -1.1445529991760850e-02 4.5247042318806052e-02 0
-4.5656026341021061e-02 -1.1445529991760850e-02 4.6695544733665884e-02 0
-4.5656026341021061e-02 -9.9492395529523492e-03 3.6556027829647064e-02 0
-4.5656026341021061e-02 -9.9492395529523492e-03 3.8004530244506896e-02 0
-4.5656026341021061e-02 -9.9492395529523492e-03 3.9453032659366727e-02 0
-4.5656026341021061e-02 -9.9492395529523492e-03 4.0901535074226558e-02 0
-4.5656026341021061e-02 -9.9492395529523492e-03 4.2350037489086390e-02 0
-4.5656026341021061e-02 -9.9492395529523492e-03 4.3798539903946221e-02 0
-4.5656026341021061e-02 -9.9492395529523492e-03 4.5247042318806052e-02 0
-4.5656026341021061e-02 -9.9492395529523492e-03 4.6695544733665884e-02 0
-4.5656026341021061e-02 -8.4529491141438484e-03 3.6556027829647064e-02 0
-4.5656026341021061e-02 -8.4529491141438484e-03 3.8004530244506896e-02 0
-4.5656026341021061e-02 -8.4529491141438484e-03 3.9453032659366727e-02 0
-4.5656026341021061e-02 -8.4529491141438484e-03 4.0901535074226558e-02 0
-4.5656026341021061e-02 -8.4529491141438484e-03 4.2350037489086390e-02 0
-4.5656026341021061e-02 -8.4529491141438484e-03 4.3798539903946221e-02 0
-4.5656026341021061e-02 -8.4529491141438484e-03 4.5247042318806052e-02 0
-4.5656026341021061e-02 -8.4529491141438484e-03 4.6695544733665884e-02 0
-4.5656026341021061e-02 -6.9566586753353477e-03 3.6556027829647064e-02 0
-4.5656026341021061e-02 -6.9566586753353477e-03 3.8004530244506896e-02 0
-4.5656026341021061e-02 -6.9566586753353477e-03 3.9453032659366727e-02 0
-4.5656026341021061e-02 -6.9566586753353477e-03 4.0901535074226558e-02 0
-4.5656026341021061e-02 -6.9566586753353477e-03 4.2350037489086390e-02 0
-4.5656026341021061e-02 -6.9566586753353477e-03 4.3798539903946221e-02 0
-4.5656026341021061e-02 -6.9566586753353477e-03 4.5247042318806052e-02 0
-4.5656026341021061e-02 -6.9566586753353477e-03 4.6695544733665884e-02 0
-4.5656026341021061e-02 -5.4603682365268469e-03 3.6556027829647064e-02 0
-4.5656026341021061e-02 -5.4603682365268469e-03 3.8004530244506896e-02 0
-4.5656026341021061e-02 -5.4603682365268469e-03 3.9453032659366727e-02 0
-4.5656026341021061e-02 -5.4603682365268469e-03 4.0901535074226558e-02 0
-4.5656026341021061e-02 -5.4603682365268469e-03 4.2350037489086390e-02 0
-4.5656026341021061e-02 -5.4603682365268469e-03 4.3798539903946221e-02 0
-4.5656026341021061e-02 -5.4603682365268469e-03 4.5247042318806052e-02 0
-4.5656026341021061e-02 -5.4603682365268469e-03 4.6695544733665884e-02 0
-4.5656026341021061e-02 -3.9640777977183461e-03 3.6556027829647064e-02 0
-4.5656026341021061e-02 -3.9640777977183461e-03 3.8004530244506896e-02 0
-4.5656026341021061e-02 -3.9640777977183461e-03 3.9453032659366727e-02 0
-4.5656026341021061e-02 -3.9640777977183461e-03 4.0901535074226558e-02 0
-4.5656026341021061e-02 -3.9640777977183461e-03 4.2350037489086390e-02 0
-4.5656026341021061e-02 -3.9640777977183461e-03 4.3798539903946221e-02 0
-4.5656026341021061e-02 -3.9640777977183461e-03 4.5247042318806052e-02 0
-4.5656026341021061e-02 -3.9640777977183461e-03 4.6695544733665884e-02 0
-4.5656026341021061e-02 -2.4677873589098454e-03 3.6556027829647064e-02 0
-4.5656026341021061e-02 -2.4677873589098454e-03 3.8004530244506896e-02 0
-4.5656026341021061e-02 -2.4677873589098454e-03 3.9453032659366727e-02 0
-4.5656026341021061e-02 -2.4677873589098454e-03 4.0901535074226558e-02 0
-4.5656026341021061e-02 -2.4677873589098454e-03 4.2350037489086390e-02 0
-4.5656026341021061e-02 -2.4677873589098454e-03 4.3798539903946221e-02 0
-4.5656026341021061e-02 -2.4677873589098454e-03 4.5247042318806052e-02 0
-4.5656026341021061e-02 -2.4677873589098454e-03 4.6695544733665884e-02 0
-4.5656026341021061e-02 -9.7149692010134459e-04 3.6556027829647064e-02 0
-4.5656026341021061e-02 -9.7149692010134459e-04 3.8004530244506896e-02 0
-4.5656026341021061e-02 -9.7149692010134459e-04 3.9453032659366727e-02 0
-4.5656026341021061e-02 -9.7149692010134459e-04 4.0901535074226558e-02 0
-4.5656026341021061e-02 -9.7149692010134459e-04 4.2350037489086390e-02 0
-4.5656026341021061e-02 -9.7149692010134459e-04 4.3798539903946221e-02 0
-4.5656026341021061e-02 -9.7149692010134459e-04 4.5247042318806052e-02 0
-4.5656026341021061e-02 -9.7149692010134459e-04 4.6695544733665884e-02 0
-4.5656026341021061e-02 5.2479351870715618e-04 3.6556027829647064e-02 0
-4.5656026341021061e-02 5.2479351870715618e-04 3.8004530244506896e-02 0
-4.5656026341021061e-02 5.2479351870715618e-04 3.9453032659366727e-02 0
-4.5656026341021061e-02 5.2479351870715618e-04 4.0901535074226558e-02 0
-4.5656026341021061e-02 5.2479351870715618e-04 4.2350037489086390e-02 0
-4.5656026341021061e-02 5.2479351870715618e-04 4.3798539903946221e-02 0
-4.5656026341021061e-02 5.2479351870715618e-04 4.5247042318806052e-02 0
-4.5656026341021061e-02 5.2479351870715618e-04 4.6695544733665884e-02 0
-4.5656026341021061e-02 2.0210839575156569e-03 3.6556027829647064e-02 0
-4.5656026341021061e-02 2.0210839575156569e-03 3.8004530244506896e-02 0
-4.5656026341021061e-02 2.0210839575156569e-03 3.9453032659366727e-02 0
-4.5656026341021061e-02 2.0210839575156569e-03 4.0901535074226558e-02 0
-4.5656026341021061e-02 2.0210839575156569e-03 4.2350037489086390e-02 0
-4.5656026341021061e-02 2.0210839575156569e-03 4.3798539903946221e-02 0
-4.5656026341021061e-02 2.0210839575156569e-03 4.5247042318806052e-02 0
-4.5656026341021061e-02 2.0210839575156569e-03 4.6695544733665884e-02 0
-4.5656026341021061e-02 3.5173743963241577e-03 3.6556027829647064e-02 0
-4.5656026341021061e-02 3.5173743963241577e-03 3.8004530244506896e-02 0
-4.5656026341021061e-02 3.5173743963241577e-03 3.9453032659366727e-02 0
-4.5656026341021061e-02 3.5173743963241577e-03 4.0901535074226558e-02 0
-4.5656026341021061e-02 3.5173743963241577e-03 4.2350037489086390e-02 0
-4.5656026341021061e-02 3.5173743963241577e-03 4.3798539903946221e-02 0
-4.5656026341021061e-02 3.5173743963241577e-03 4.5247042318806052e-02 0
-4.5656026341021061e-02 3.5173743963241577e-03 4.6695544733665884e-02 0
-4.5656026341021061e-02 5.0136648351326585e-03 3.6556027829647064e-02 0
-4.5656026341021061e-02 5.0136648351326585e-03 3.8004530244506896e-02 0
-4.5656026341021061e-02 5.0136648351326585e-03 3.9453032659366727e-02 0
-4.5656026341021061e-02 5.0136648351326585e-03 4.0901535074226558e-02 0
-4.5656026341021061e-02 5.0136648351326585e-03 4.2350037489086390e-02 0
-4.5656026341021061e-02 5.0136648351326585e-03 4.3798539903946221e-02 0
-4.5656026341021061e-02 5.0136648351326585e-03 4.5247042318806052e-02 0
-4.5656026341021061e-02 5.0136648351326585e-03 4.6695544733665884e-02 0
-4.5656026341021061e-02 6.5099552739411592e-03 3.6556027829647064e-02 0
-4.5656026341021061e-02 6.5099552739411592e-03 3.8004530244506896e-02 0
-4.5656026341021061e-02 6.5099552739411592e-03 3.9453032659366727e-02 0
-4.5656026341021061e-02 6.5099552739411592e-03 4.0901535074226558e-02 0
-4.5656026341021061e-02 6.5099552739411592e-03 4.2350037489086390e-02 0
-4.5656026341021061e-02 6.5099552739411592e-03 4.3798539903946221e-02 0
-4.5656026341021061e-02 6.5099552739411592e-03 4.5247042318806052e-02 0
-4.5656026341021061e-02 6.5099552739411592e-03 4.6695544733665884e-02 0
-4.5656026341021061e-02 8.0062457127496600e-03 3.6556027829647064e-02 0
-4.5656026341021061e-02 8.0062457127496600e-03 3.8004530244506896e-02 0
-4.5656026341021061e-02 8.0062457127496600e-03 3.9453032659366727e-02 0
-4.5656026341021061e-02 8.0062457127496600e-03 4.0901535074226558e-02 0
-4.5656026341021061e-02 8.0062457127496600e-03 4.2350037489086390e-02 0
-4.5656026341021061e-02 8.0062457127496600e-03 4.3798539903946221e-02 0
-4.5656026341021061e-02 8.0062457127496600e-03 4.5247042318806052e-02 0
-4.5656026341021061e-02 8.0062457127496600e-03 4.6695544733665884e-02 0
-4.5656026341021061e-02 9.5025361515581608e-03 3.6556027829647064e-02 0
-4.5656026341021061e-02 9.5025361515581608e-03 3.8004530244506896e-02 0
-4.5656026341021061e-02 9.5025361515581608e-03 3.9453032659366727e-02 0
-4.5656026341021061e-02 9.5025361515581608e-03 4.0901535074226558e-02 0
-4.5656026341021061e-02 9.5025361515581608e-03 4.2350037489086390e-02 0
-4.5656026341021061e-02 9.5025361515581608e-03 4.3798539903946221e-02 0
-4.5656026341021061e-02 9.5025361515581608e-03 4.5247042318806052e-02 0
-4.5656026341021061e-02 9.5025361515581608e-03 4.6695544733665884e-02 0
-4.5656026341021061e-02 1.0998826590366662e-02 3.6556027829647064e-02 0
-4.5656026341021061e-02 1.0998826590366662e-02 3.8004530244506896e-02 0
-4.5656026341021061e-02 1.0998826590366662e-02 3.9453032659366727e-02 0
-4.5656026341021061e-02 1.0998826590366662e-02 4.0901535074226558e-02 0
-4.5656026341021061e-02 1.0998826590366662e-02 4.2350037489086390e-02 0
-4.5656026341021061e-02 1.0998826590366662e-02 4.3798539903946221e-02 0
-4.5656026341021061e-02 1.0998826590366662e-02 4.5247042318806052e-02 0
-4.5656026341021061e-02 1.0998826590366662e-02 4.6695544733665884e-02 0
-4.5656026341021061e-02 1.2495117029175162e-02 3.6556027829647064e-02 0
-4.5656026341021061e-02 1.2495117029175162e-02 3.8004530244506896e-02 0
-4.5656026341021061e-02 1.2495117029175162e-02 3.9453032659366727e-02 0
-4.5656026341021061e-02 1.2495117029175162e-02 4.0901535074226558e-02 0
-4.5656026341021061e-02 1.2495117029175162e-02 4.2350037489086390e-02 0
-4.5656026341021061e-02 1.2495117029175162e-02 4.3798539903946221e-02 0
-4.5656026341021061e-02 1.2495117029175162e-02 4.5247042318806052e-02 0
-4.5656026341021061e-02 1.2495117029175162e-02 4.6695544733665884e-02 0
-4.5656026341021061e-02 1.3991407467983663e-02 3.6556027829647064e-02 0
-4.5656026341021061e-02 1.3991407467983663e-02 3.8004530244506896e-02 0
-4.5656026341021061e-02 1.3991407467983663e-02 3.9453032659366727e-02 0
-4.5656026341021061e-02 1.3991407467983663e-02 4.0901535074226558e-02 0
-4.5656026341021061e-02 1.3991407467983663e-02 4.2350037489086390e-02 0
-4.5656026341021061e-02 1.3991407467983663e-02 4.3798539903946221e-02 0
-4.5656026341021061e-02 1.3991407467983663e-02 4.5247042318806052e-02 0
-4.5656026341021061e-02 1.3991407467983663e-02 4.6695544733665884e-02 0
-4.5656026341021061e-02 1.5487697906792164e-02 3.6556027829647064e-02 0
-4.5656026341021061e-02 1.5487697906792164e-02 3.8004530244506896e-02 0
-4.5656026341021061e-02 1.5487697906792164e-02 3.9453032659366727e-02 0
-4.5656026341021061e-02 1.5487697906792164e-02 4.0901535074226558e-02 0
-4.5656026341021061e-02 1.5487697906792164e-02 4.2350037489086390e-02 0
-4.5656026341021061e-02 1.5487697906792164e-02 4.3798539903946221e-02 0
-4.5656026341021061e-02 1.5487697906792164e-02 4.5247042318806052e-02 0
-4.5656026341021061e-02 1.5487697906792164e-02 4.6695544733665884e-02 0
-4.5656026341021061e-02 1.6983988345600665e-02 3.6556027829647064e-02 0
-4.5656026341021061e-02 1.6983988345600665e-02 3.8004530244506896e-02 0
-4.5656026341021061e-02 1.6983988345600665e-02 3.9453032659366727e-02 0
-4.5656026341021061e-02 1.6983988345600665e-02 4.0901535074226558e-02 0
-4.5656026341021061e-02 1.6983988345600665e-02 4.2350037489086390e-02 0
-4.5656026341021061e-02 1.6983988345600665e-02 4.3798539903946221e-02 0
-4.5656026341021061e-02 1.6983988345600665e-02 4.5247042318806052e-02 0
-4.5656026341021061e-02 1.6983988345600665e-02 4.6695544733665884e-02 0
-4.5656026341021061e-02 1.8480278784409165e-02 3.6556027829647064e-02 0
-4.5656026341021061e-02 1.8480278784409165e-02 3.8004530244506896e-02 0
-4.5656026341021061e-02 1.8480278784409165e-02 3.9453032659366727e-02 0
-4.5656026341021061e-02 1.8480278784409165e-02 4.0901535074226558e-02 0
-4.5656026341021061e-02 1.8480278784409165e-02 4.2350037489086390e-02 0
-4.5656026341021061e-02 1.8480278784409165e-02 4.3798539903946221e-02 0
-4.5656026341021061e-02 1.8480278784409165e-02 4.5247042318806052e-02 0
-4.5656026341021061e-02 1.8480278784409165e-02 4.6695544733665884e-02 0
-4.5656026341021061e-02 1.9976569223217666e-02 3.6556027829647064e-02 0
-4.5656026341021061e-02 1.9976569223217666e-02 3.8004530244506896e-02 0
-4.5656026341021061e-02 1.9976569223217666e-02 3.9453032659366727e-02 0
-4.5656026341021061e-02 1.9976569223217666e-02 4.0901535074226558e-02 0
-4.5656026341021061e-02 1.9976569223217666e-02 4.2350037489086390e-02 0
-4.5656026341021061e-02 1.9976569223217666e-02 4.3798539903946221e-02 0
-4.5656026341021061e-02 1.9976569223217666e-02 4.5247042318806052e-02 0
-4.5656026341021061e-02 1.9976569223217666e-02 4.6695544733665884e-02 0
-4.5656026341021061e-02 2.1472859662026167e-02 3.6556027829647064e-02 0
-4.5656026341021061e-02 2.1472859662026167e-02 3.8004530244506896e-02 0
-4.5656026341021061e-02 2.1472859662026167e-02 3.9453032659366727e-02 0
-4.5656026341021061e-02 2.1472859662026167e-02 4.0901535074226558e-02 0
-4.5656026341021061e-02 2.1472859662026167e-02 4.2350037489086390e-02 0
-4.5656026341021061e-02 2.1472859662026167e-02 4.3798539903946221e-02 0
-4.5656026341021061e-02 2.1472859662026167e-02 4.5247042318806052e-02 0
-4.5656026341021061e-02 2.1472859662026167e-02 4.6695544733665884e-02 0
-4.4172377907671034e-02 -4.4363919645547867e-02 3.6556027829647064e-02 0
-4.4172377907671034e-02 -4.2867629206739366e-02 3.6556027829647064e-02 0
-4.4172377907671034e-02 -4.4363919645547867e-02 3.8004530244506896e-02 0
-4.4172377907671034e-02 -4.2867629206739366e-02 3.8004530244506896e-02 0
-4.4172377907671034e-02 -4.4363919645547867e-02 3.9453032659366727e-02 0
-4.4172377907671034e-02 -4.2867629206739366e-02 3.9453032659366727e-02 0
-4.4172377907671034e-02 -4.4363919645547867e-02 4.0901535074226558e-02 0
-4.4172377907671034e-02 -4.2867629206739366e-02 4.0901535074226558e-02 0
-4.4172377907671034e-02 -4.4363919645547867e-02 4.2350037489086390e-02 0
-4.4172377907671034e-02 -4.2867629206739366e-02 4.2350037489086390e-02 0
-4.4172377907671034e-02 -4.4363919645547867e-02 4.3798539903946221e-02 0
-4.4172377907671034e-02 -4.2867629206739366e-02 4.3798539903946221e-02 0
-4.4172377907671034e-02 -4.4363919645547867e-02 4.5247042318806052e-02 0
-4.4172377907671034e-02 -4.2867629206739366e-02 4.5247042318806052e-02 0
-4.4172377907671034e-02 -4.4363919645547867e-02 4.6695544733665884e-02 0
-4.4172377907671034e-02 -4.2867629206739366e-02 4.6695544733665884e-02 0
-4.4172377907671034e-02 -4.4363919645547867e-02 4.8144047148525715e-02 0
-4.4172377907671034e-02 -4.2867629206739366e-02 4.8144047148525715e-02 0
-4.4172377907671034e-02 -4.4363919645547867e-02 4.9592549563385546e-02 0
-4.4172377907671034e-02 -4.2867629206739366e-02 4.9592549563385546e-02 0
-4.4172377907671034e-02 -4.4363919645547867e-02 5.1041051978245378e-02 0
-4.4172377907671034e-02 -4.2867629206739366e-02 5.1041051978245378e-02 0
-4.4172377907671034e-02 -4.1371338767930865e-02 3.6556027829647064e-02 0
-4.4172377907671034e-02 -4.1371338767930865e-02 3.8004530244506896e-02 0
-4.4172377907671034e-02 -4.1371338767930865e-02 3.9453032659366727e-02 0
-4.4172377907671034e-02 -4.1371338767930865e-02 4.0901535074226558e-02 0
-4.4172377907671034e-02 -4.1371338767930865e-02 4.2350037489086390e-02 0
-4.4172377907671034e-02 -4.1371338767930865e-02 4.3798539903946221e-02 0
-4.4172377907671034e-02 -4.1371338767930865e-02 4.5247042318806052e-02 0
-4.4172377907671034e-02 -4.1371338767930865e-02 4.6695544733665884e-02 0
-4.4172377907671034e-02 -4.1371338767930865e-02 4.8144047148525715e-02 0
-4.4172377907671034e-02 -4.1371338767930865e-02 4.9592549563385546e-02 0
-4.4172377907671034e-02 -4.1371338767930865e-02 5.1041051978245378e-02 0
-4.4172377907671034e-02 -3.9875048329122365e-02 3.6556027829647064e-02 0
-4.4172377907671034e-02 -3.9875048329122365e-02 3.8004530244506896e-02 0
-4.4172377907671034e-02 -3.9875048329122365e-02 3.9453032659366727e-02 0
-4.4172377907671034e-02 -3.9875048329122365e-02 4.0901535074226558e-02 0
-4.4172377907671034e-02 -3.9875048329122365e-02 4.2350037489086390e-02 0
-4.4172377907671034e-02 -3.9875048329122365e-02 4.3798539903946221e-02 0
-4.4172377907671034e-02 -3.9875048329122365e-02 4.5247042318806052e-02 0
-4.4172377907671034e-02 -3.9875048329122365e-02 4.6695544733665884e-02 0
-4.4172377907671034e-02 -3.9875048329122365e-02 4.8144047148525715e-02 0
-4.4172377907671034e-02 -3.9875048329122365e-02 4.9592549563385546e-02 0
-4.4172377907671034e-02 -3.9875048329122365e-02 5.1041051978245378e-02 0
-4.4172377907671034e-02 -3.8378757890313864e-02 3.6556027829647064e-02 0
-4.4172377907671034e-02 -3.8378757890313864e-02 3.8004530244506896e-02 0
-4.4172377907671034e-02 -3.8378757890313864e-02 3.9453032659366727e-02 0
-4.4172377907671034e-02 -3.8378757890313864e-02 4.0901535074226558e-02 0
-4.4172377907671034e-02 -3.8378757890313864e-02 4.2350037489086390e-02 0
-4.4172377907671034e-02 -3.8378757890313864e-02 4.3798539903946221e-02 0
-4.4172377907671034e-02 -3.8378757890313864e-02 4.5247042318806052e-02 0
-4.4172377907671034e-02 -3.8378757890313864e-02 4.6695544733665884e-02 0
-4.4172377907671034e-02 -3.8378757890313864e-02 4.8144047148525715e-02 0
-4.4172377907671034e-02 -3.8378757890313864e-02 4.9592549563385546e-02 0
-4.4172377907671034e-02 -3.8378757890313864e-02 5.1041051978245378e-02 0
-4.4172377907671034e-02 -3.6882467451505363e-02 3.6556027829647064e-02 0
-4.4172377907671034e-02 -3.6882467451505363e-02 3.8004530244506896e-02 0
-4.4172377907671034e-02 -3.6882467451505363e-02 3.9453032659366727e-02 0
-4.4172377907671034e-02 -3.6882467451505363e-02 4.0901535074226558e-02 0
-4.4172377907671034e-02 -3.6882467451505363e-02 4.2350037489086390e-02 0
-4.4172377907671034e-02 -3.6882467451505363e-02 4.3798539903946221e-02 0
-4.4172377907671034e-02 -3.6882467451505363e-02 4.5247042318806052e-02 0
-4.4172377907671034e-02 -3.6882467451505363e-02 4.6695544733665884e-02 0
-4.4172377907671034e-02 -3.6882467451505363e-02 4.8144047148525715e-02 0
-4.4172377907671034e-02 -3.6882467451505363e-02 4.9592549563385546e-02 0
-4.4172377907671034e-02 -3.6882467451505363e-02 5.1041051978245378e-02 0
-4.4172377907671034e-02 -3.5386177012696862e-02 3.6556027829647064e-02 0
-4.4172377907671034e-02 -3.5386177012696862e-02 3.8004530244506896e-02 0
-4.4172377907671034e-02 -3.5386177012696862e-02 3.9453032659366727e-02 0
-4.4172377907671034e-02 -3.5386177012696862e-02 4.0901535074226558e-02 0
-4.4172377907671034e-02 -3.5386177012696862e-02 4.2350037489086390e-02 0
-4.4172377907671034e-02 -3.5386177012696862e-02 4.3798539903946221e-02 0
-4.4172377907671034e-02 -3.5386177012696862e-02 4.5247042318806052e-02 0
-4.4172377907671034e-02 -3.5386177012696862e-02 4.6695544733665884e-02 0
-4.4172377907671034e-02 -3.5386177012696862e-02 4.8144047148525715e-02 0
-4.4172377907671034e-02 -3.5386177012696862e-02 4.9592549563385546e-02 0
-4.4172377907671034e-02 -3.5386177012696862e-02 5.1041051978245378e-02 0
-4.4172377907671034e-02 -3.3889886573888361e-02 3.6556027829647064e-02 0
-4.4172377907671034e-02 -3.3889886573888361e-02 3.8004530244506896e-02 0
-4.4172377907671034e-02 -3.3889886573888361e-02 3.9453032659366727e-02 0
-4.4172377907671034e-02 -3.3889886573888361e-02 4.0901535074226558e-02 0
-4.4172377907671034e-02 -3.3889886573888361e-02 4.2350037489086390e-02 0
-4.4172377907671034e-02 -3.3889886573888361e-02 4.3798539903946221e-02 0
-4.4172377907671034e-02 -3.3889886573888361e-02 4.5247042318806052e-02 0
-4.4172377907671034e-02 -3.3889886573888361e-02 4.6695544733665884e-02 0
-4.4172377907671034e-02 -3.3889886573888361e-02 4.8144047148525715e-02 0
-4.4172377907671034e-02 -3.3889886573888361e-02 4.9592549563385546e-02 0
-4.4172377907671034e-02 -3.3889886573888361e-02 5.1041051978245378e-02 0
-4.4172377907671034e-02 -3.2393596135079861e-02 3.6556027829647064e-02 0
-4.4172377907671034e-02 -3.2393596135079861e-02 3.8004530244506896e-02 0
-4.4172377907671034e-02 -3.2393596135079861e-02 3.9453032659366727e-02 0
-4.4172377907671034e-02 -3.2393596135079861e-02 4.0901535074226558e-02 0
-4.4172377907671034e-02 -3.2393596135079861e-02 4.2350037489086390e-02 0
-4.4172377907671034e-02 -3.2393596135079861e-02 4.3798539903946221e-02 0
-4.4172377907671034e-02 -3.2393596135079861e-02 4.5247042318806052e-02 0
-4.4172377907671034e-02 -3.2393596135079861e-02 4.6695544733665884e-02 0
-4.4172377907671034e-02 -3.2393596135079861e-02 4.8144047148525715e-02 0
-4.4172377907671034e-02 -3.2393596135079861e-02 4.9592549563385546e-02 0
-4.4172377907671034e-02 -3.2393596135079861e-02 5.1041051978245378e-02 0
-4.4172377907671034e-02 -3.0897305696271360e-02 3.6556027829647064e-02 0
-4.4172377907671034e-02 -3.0897305696271360e-02 3.8004530244506896e-02 0
-4.4172377907671034e-02 -3.0897305696271360e-02 3.9453032659366727e-02 0
-4.4172377907671034e-02 -3.0897305696271360e-02 4.0901535074226558e-02 0
-4.4172377907671034e-02 -3.0897305696271360e-02 4.2350037489086390e-02 0
-4.4172377907671034e-02 -3.0897305696271360e-02 4.3798539903946221e-02 0
-4.4172377907671034e-02 -3.0897305696271360e-02 4.5247042318806052e-02 0
-4.4172377907671034e-02 -3.0897305696271360e-02 4.6695544733665884e-02 0
-4.4172377907671034e-02 -3.0897305696271360e-02 4.8144047148525715e-02 0
-4.4172377907671034e-02 -3.0897305696271360e-02 4.9592549563385546e-02 0
-4.4172377907671034e-02 -3.0897305696271360e-02 5.1041051978245378e-02 0
-4.4172377907671034e-02 -2.9401015257462859e-02 3.6556027829647064e-02 0
-4.4172377907671034e-02 -2.9401015257462859e-02 3.8004530244506896e-02 0
-4.4172377907671034e-02 -2.9401015257462859e-02 3.9453032659366727e-02 0
-4.4172377907671034e-02 -2.9401015257462859e-02 4.0901535074226558e-02 0
-4.4172377907671034e-02 -2.9401015257462859e-02 4.2350037489086390e-02 0
-4.4172377907671034e-02 -2.9401015257462859e-02 4.3798539903946221e-02 0
-4.4172377907671034e-02 -2.9401015257462859e-02 4.5247042318806052e-02 0
-4.4172377907671034e-02 -2.9401015257462859e-02 4.6695544733665884e-02 0
-4.4172377907671034e-02 -2.9401015257462859e-02 4.8144047148525715e-02 0
-4.4172377907671034e-02 -2.9401015257462859e-02 4.9592549563385546e-02 0
-4.4172377907671034e-02 -2.9401015257462859e-02 5.1041051978245378e-02 0
-4.4172377907671034e-02 -2.7904724818654358e-02 3.6556027829647064e-02 0
-4.4172377907671034e-02 -2.7904724818654358e-02 3.8004530244506896e-02 0
-4.4172377907671034e-02 -2.7904724818654358e-02 3.9453032659366727e-02 0
-4.4172377907671034e-02 -2.7904724818654358e-02 4.0901535074226558e-02 0
-4.4172377907671034e-02 -2.7904724818654358e-02 4.2350037489086390e-02 0
-4.4172377907671034e-02 -2.7904724818654358e-02 4.3798539903946221e-02 0
-4.4172377907671034e-02 -2.7904724818654358e-02 4.5247042318806052e-02 0
-4.4172377907671034e-02 -2.7904724818654358e-02 4.6695544733665884e-02 0
-4.4172377907671034e-02 -2.7904724818654358e-02 4.8144047148525715e-02 0
-4.4172377907671034e-02 -2.7904724818654358e-02 4.9592549563385546e-02 0
-4.4172377907671034e-02 -2.7904724818654358e-02 5.1041051978245378e-02 0
-4.4172377907671034e-02 -2.6408434379845858e-02 3.6556027829647064e-02 0
-4.4172377907671034e-02 -2.6408434379845858e-02 3.8004530244506896e-02 0
-4.4172377907671034e-02 -2.6408434379845858e-02 3.9453032659366727e-02 0
-4.4172377907671034e-02 -2.6408434379845858e-02 4.0901535074226558e-02 0
-4.4172377907671034e-02 -2.6408434379845858e-02 4.2350037489086390e-02 0
-4.4172377907671034e-02 -2.6408434379845858e-02 4.3798539903946221e-02 0
-4.4172377907671034e-02 -2.6408434379845858e-02 4.5247042318806052e-02 0
-4.4172377907671034e-02 -2.6408434379845858e-02 4.6695544733665884e-02 0
-4.4172377907671034e-02 -2.6408434379845858e-02 4.8144047148525715e-02 0
-4.4172377907671034e-02 -2.6408434379845858e-02 4.9592549563385546e-02 0
-4.4172377907671034e-02 -2.6408434379845858e-02 5.1041051978245378e-02 0
-4.4172377907671034e-02 -2.4912143941037357e-02 3.6556027829647064e-02 0
-4.4172377907671034e-02 -2.4912143941037357e-02 3.8004530244506896e-02 0
-4.4172377907671034e-02 -2.4912143941037357e-02 3.9453032659366727e-02 0
-4.4172377907671034e-02 -2.4912143941037357e-02 4.0901535074226558e-02 0
-4.4172377907671034e-02 -2.4912143941037357e-02 4.2350037489086390e-02 0
-4.4172377907671034e-02 -2.4912143941037357e-02 4.3798539903946221e-02 0
-4.4172377907671034e-02 -2.4912143941037357e-02 4.5247042318806052e-02 0
-4.4172377907671034e-02 -2.4912143941037357e-02 4.6695544733665884e-02 0
-4.4172377907671034e-02 -2.4912143941037357e-02 4.8144047148525715e-02 0
-4.4172377907671034e-02 -2.4912143941037357e-02 4.9592549563385546e-02 0
-4.4172377907671034e-02 -2.4912143941037357e-02 5.1041051978245378e-02 0
-4.4172377907671034e-02 -2.3415853502228856e-02 3.6556027829647064e-02 0
-4.4172377907671034e-02 -2.3415853502228856e-02 3.8004530244506896e-02 0
-4.4172377907671034e-02 -2.3415853502228856e-02 3.9453032659366727e-02 0
-4.4172377907671034e-02 -2.3415853502228856e-02 4.0901535074226558e-02 0
-4.4172377907671034e-02 -2.3415853502228856e-02 4.2350037489086390e-02 0
-4.4172377907671034e-02 -2.3415853502228856e-02 4.3798539903946221e-02 0
-4.4172377907671034e-02 -2.3415853502228856e-02 4.5247042318806052e-02 0
-4.4172377907671034e-02 -2.3415853502228856e-02 4.6695544733665884e-02 0
-4.4172377907671034e-02 -2.1919563063420355e-02 3.6556027829647064e-02 0
-4.4172377907671034e-02 -2.1919563063420355e-02 3.8004530244506896e-02 0
-4.4172377907671034e-02 -2.1919563063420355e-02 3.9453032659366727e-02 0
-4.4172377907671034e-02 -2.1919563063420355e-02 4.0901535074226558e-02 0
-4.4172377907671034e-02 -2.1919563063420355e-02 4.2350037489086390e-02 0
-4.4172377907671034e-02 -2.1919563063420355e-02 4.3798539903946221e-02 0
-4.4172377907671034e-02 -2.1919563063420355e-02 4.5247042318806052e-02 0
-4.4172377907671034e-02 -2.1919563063420355e-02 4.6695544733665884e-02 0
-4.4172377907671034e-02 -2.0423272624611855e-02 3.6556027829647064e-02 0
-4.4172377907671034e-02 -2.0423272624611855e-02 3.8004530244506896e-02 0
-4.4172377907671034e-02 -2.0423272624611855e-02 3.9453032659366727e-02 0
-4.4172377907671034e-02 -2.0423272624611855e-02 4.0901535074226558e-02 0
-4.4172377907671034e-02 -2.0423272624611855e-02 4.2350037489086390e-02 0
-4.4172377907671034e-02 -2.0423272624611855e-02 4.3798539903946221e-02 0
-4.4172377907671034e-02 -2.0423272624611855e-02 4.5247042318806052e-02 0
-4.4172377907671034e-02 -2.0423272624611855e-02 4.6695544733665884e-02 0
-4.4172377907671034e-02 -1.8926982185803354e-02 3.6556027829647064e-02 0
-4.4172377907671034e-02 -1.8926982185803354e-02 3.8004530244506896e-02 0
-4.4172377907671034e-02 -1.8926982185803354e-02 3.9453032659366727e-02 0
-4.4172377907671034e-02 -1.8926982185803354e-02 4.0901535074226558e-02 0
-4.4172377907671034e-02 -1.8926982185803354e-02 4.2350037489086390e-02 0
-4.4172377907671034e-02 -1.8926982185803354e-02 4.3798539903946221e-02 0
-4.4172377907671034e-02 -1.8926982185803354e-02 4.5247042318806052e-02 0
-4.4172377907671034e-02 -1.8926982185803354e-02 4.6695544733665884e-02 0
-4.4172377907671034e-02 -1.7430691746994853e-02 3.6556027829647064e-02 0
-4.4172377907671034e-02 -1.7430691746994853e-02 3.8004530244506896e-02 0
-4.4172377907671034e-02 -1.7430691746994853e-02 3.9453032659366727e-02 0
-4.4172377907671034e-02 -1.7430691746994853e-02 4.0901535074226558e-02 0
-4.4172377907671034e-02 -1.7430691746994853e-02 4.2350037489086390e-02 0
-4.4172377907671034e-02 -1.7430691746994853e-02 4.3798539903946221e-02 0
-4.4172377907671034e-02 -1.7430691746994853e-02 4.5247042318806052e-02 0
-4.4172377907671034e-02 -1.7430691746994853e-02 4.6695544733665884e-02 0
-4.4172377907671034e-02 -1.5934401308186352e-02 3.6556027829647064e-02 0
-4.4172377907671034e-02 -1.5934401308186352e-02 3.8004530244506896e-02 0
-4.4172377907671034e-02 -1.5934401308186352e-02 3.9453032659366727e-02 0
-4.4172377907671034e-02 -1.5934401308186352e-02 4.0901535074226558e-02 0
-4.4172377907671034e-02 -1.5934401308186352e-02 4.2350037489086390e-02 0
-4.4172377907671034e-02 -1.5934401308186352e-02 4.3798539903946221e-02 0
-4.4172377907671034e-02 -1.5934401308186352e-02 4.5247042318806052e-02 0
-4.4172377907671034e-02 -1.5934401308186352e-02 4.6695544733665884e-02 0
-4.4172377907671034e-02 -1.4438110869377851e-02 3.6556027829647064e-02 0
-4.4172377907671034e-02 -1.4438110869377851e-02 3.8004530244506896e-02 0
-4.4172377907671034e-02 -1.4438110869377851e-02 3.9453032659366727e-02 0
-4.4172377907671034e-02 -1.4438110869377851e-02 4.0901535074226558e-02 0
-4.4172377907671034e-02 -1.4438110869377851e-02 4.2350037489086390e-02 0
-4.4172377907671034e-02 -1.4438110869377851e-02 4.3798539903946221e-02 0
-4.4172377907671034e-02 -1.4438110869377851e-02 4.5247042318806052e-02 0
-4.4172377907671034e-02 -1.4438110869377851e-02 4.6695544733665884e-02 0
-4.4172377907671034e-02 -1.2941820430569351e-02 3.6556027829647064e-02 0
-4.4172377907671034e-02 -1.2941820430569351e-02 3.8004530244506896e-02 0
-4.4172377907671034e-02 -1.2941820430569351e-02 3.9453032659366727e-02 0
-4.4172377907671034e-02 -1.2941820430569351e-02 4.0901535074226558e-02 0
-4.4172377907671034e-02 -1.2941820430569351e-02 4.2350037489086390e-02 0
-4.4172377907671034e-02 -1.2941820430569351e-02 4.3798539903946221e-02 0
-4.4172377907671034e-02 -1.2941820430569351e-02 4.5247042318806052e-02 0
-4.4172377907671034e-02 -1.2941820430569351e-02 4.6695544733665884e-02 0
-4.4172377907671034e-02 -1.1445529991760850e-02 3.6556027829647064e-02 0
-4.4172377907671034e-02 -1.1445529991760850e-02 3.8004530244506896e-02 0
-4.4172377907671034e-02 -1.1445529991760850e-02 3.9453032659366727e-02 0
-4.4172377907671034e-02 -1.1445529991760850e-02 4.0901535074226558e-02 0
-4.4172377907671034e-02 -1.1445529991760850e-02 4.2350037489086390e-02 0
-4.4172377907671034e-02 -1.1445529991760850e-02 4.3798539903946221e-02 0
-4.4172377907671034e-02 -1.1445529991760850e-02 4.5247042318806052e-02 0
-4.4172377907671034e-02 -1.1445529991760850e-02 4.6695544733665884e-02 0
-4.4172377907671034e-02 -9.9492395529523492e-03 3.6556027829647064e-02 0
-4.4172377907671034e-02 -9.9492395529523492e-03 3.8004530244506896e-02 0
-4.4172377907671034e-02 -9.9492395529523492e-03 3.9453032659366727e-02 0
-4.4172377907671034e-02 -9.9492395529523492e-03 4.0901535074226558e-02 0
-4.4172377907671034e-02 -9.9492395529523492e-03 4.2350037489086390e-02 0
-4.4172377907671034e-02 -9.9492395529523492e-03 4.3798539903946221e-02 0
-4.4172377907671034e-02 -9.9492395529523492e-03 4.5247042318806052e-02 0
-4.4172377907671034e-02 -9.9492395529523492e-03 4.6695544733665884e-02 0
-4.4172377907671034e-02 -8.4529491141438484e-03 3.6556027829647064e-02 0
-4.4172377907671034e-02 -8.4529491141438484e-03 3.8004530244506896e-02 0
-4.4172377907671034e-02 -8.4529491141438484e-03 3.9453032659366727e-02 0
-4.4172377907671034e-02 -8.4529491141438484e-03 4.0901535074226558e-02 0
-4.4172377907671034e-02 -8.4529491141438484e-03 4.2350037489086390e-02 0
-4.4172377907671034e-02 -8.4529491141438484e-03 4.3798539903946221e-02 0
-4.4172377907671034e-02 -8.4529491141438484e-03 4.5247042318806052e-02 0
-4.4172377907671034e-02 -8.4529491141438484e-03 4.6695544733665884e-02 0
-4.4172377907671034e-02 -6.9566586753353477e-03 3.6556027829647064e-02 0
-4.4172377907671034e-02 -6.9566586753353477e-03 3.8004530244506896e-02 0
-4.4172377907671034e-02 -6.9566586753353477e-03 3.9453032659366727e-02 0
-4.4172377907671034e-02 -6.9566586753353477e-03 4.0901535074226558e-02 0
-4.4172377907671034e-02 -6.9566586753353477e-03 4.2350037489086390e-02 0
-4.4172377907671034e-02 -6.9566586753353477e-03 4.3798539903946221e-02 0
-4.4172377907671034e-02 -6.9566586753353477e-03 4.5247042318806052e-02 0
-4.4172377907671034e-02 -6.9566586753353477e-03 4.6695544733665884e-02 0
-4.4172377907671034e-02 -5.4603682365268469e-03 3.6556027829647064e-02 0
-4.4172377907671034e-02 -5.4603682365268469e-03 3.8004530244506896e-02 0
-4.4172377907671034e-02 -5.4603682365268469e-03 3.9453032659366727e-02 0
-4.4172377907671034e-02 -5.4603682365268469e-03 4.0901535074226558e-02 0
-4.4172377907671034e-02 -5.4603682365268469e-03 4.2350037489086390e-02 0
-4.4172377907671034e-02 -5.4603682365268469e-03 4.3798539903946221e-02 0
-4.4172377907671034e-02 -5.4603682365268469e-03 4.5247042318806052e-02 0
-4.4172377907671034e-02 -5.4603682365268469e-03 4.6695544733665884e-02 0
-4.4172377907671034e-02 -3.9640777977183461e-03 3.6556027829647064e-02 0
-4.4172377907671034e-02 -3.9640777977183461e-03 3.8004530244506896e-02 0
-4.4172377907671034e-02 -3.9640777977183461e-03 3.9453032659366727e-02 0
-4.4172377907671034e-02 -3.9640777977183461e-03 4.0901535074226558e-02 0
-4.4172377907671034e-02 -3.9640777977183461e-03 4.2350037489086390e-02 0
-4.4172377907671034e-02 -3.9640777977183461e-03 4.3798539903946221e-02 0
-4.4172377907671034e-02 -3.9640777977183461e-03 4.5247042318806052e-02 0
-4.4172377907671034e-02 -3.9640777977183461e-03 4.6695544733665884e-02 0
-4.4172377907671034e-02 -2.4677873589098454e-03 3.6556027829647064e-02 0
-4.4172377907671034e-02 -2.4677873589098454e-03 3.8004530244506896e-02 0
-4.4172377907671034e-02 -2.4677873589098454e-03 3.9453032659366727e-02 0
-4.4172377907671034e-02 -2.4677873589098454e-03 4.0901535074226558e-02 0
-4.4172377907671034e-02 -2.4677873589098454e-03 4.2350037489086390e-02 0
-4.4172377907671034e-02 -2.4677873589098454e-03 4.3798539903946221e-02 0
-4.4172377907671034e-02 -2.4677873589098454e-03 4.5247042318806052e-02 0
-4.4172377907671034e-02 -2.4677873589098454e-03 4.6695544733665884e-02 0
-4.4172377907671034e-02 -9.7149692010134459e-04 3.6556027829647064e-02 0
-4.4172377907671034e-02 -9.7149692010134459e-04 3.8004530244506896e-02 0
-4.4172377907671034e-02 -9.7149692010134459e-04 3.9453032659366727e-02 0
-4.4172377907671034e-02 -9.7149692010134459e-04 4.0901535074226558e-02 0
-4.4172377907671034e-02 -9.7149692010134459e-04 4.2350037489086390e-02 0
-4.4172377907671034e-02 -9.7149692010134459e-04 4.3798539903946221e-02 0
-4.4172377907671034e-02 -9.7149692010134459e-04 4.5247042318806052e-02 0
-4.4172377907671034e-02 -9.7149692010134459e-04 4.6695544733665884e-02 0
-4.4172377907671034e-02 5.2479351870715618e-04 3.6556027829647064e-02 0
-4.4172377907671034e-02 5.2479351870715618e-04 3.8004530244506896e-02 0
-4.4172377907671034e-02 5.2479351870715618e-04 3.9453032659366727e-02 0
-4.4172377907671034e-02 5.2479351870715618e-04 4.0901535074226558e-02 0
-4.4172377907671034e-02 5.2479351870715618e-04 4.2350037489086390e-02 0
-4.4172377907671034e-02 5.2479351870715618e-04 4.3798539903946221e-02 0
-4.4172377907671034e-02 5.2479351870715618e-04 4.5247042318806052e-02 0
-4.4172377907671034e-02 5.2479351870715618e-04 4.6695544733665884e-02 0
-4.4172377907671034e-02 2.0210839575156569e-03 3.6556027829647064e-02 0
-4.4172377907671034e-02 2.0210839575156569e-03 3.8004530244506896e-02 0
-4.4172377907671034e-02 2.0210839575156569e-03 3.9453032659366727e-02 0
-4.4172377907671034e-02 2.0210839575156569e-03 4.0901535074226558e-02 0
-4.4172377907671034e-02 2.0210839575156569e-03 4.2350037489086390e-02 0
-4.4172377907671034e-02 2.0210839575156569e-03 4.3798539903946221e-02 0
-4.4172377907671034e-02 2.0210839575156569e-03 4.5247042318806052e-02 0
-4.4172377907671034e-02 2.0210839575156569e-03 4.6695544733665884e-02 0
-4.4172377907671034e-02 3.5173743963241577e-03 3.6556027829647064e-02 0
-4.4172377907671034e-02 3.5173743963241577e-03 3.8004530244506896e-02 0
-4.4172377907671034e-02 3.5173743963241577e-03 3.9453032659366727e-02 0
-4.4172377907671034e-02 3.5173743963241577e-03 4.0901535074226558e-02 0
-4.4172377907671034e-02 3.5173743963241577e-03 4.2350037489086390e-02 0
-4.4172377907671034e-02 3.5173743963241577e-03 4.3798539903946221e-02 0
-4.4172377907671034e-02 3.5173743963241577e-03 4.5247042318806052e-02 0
-4.4172377907671034e-02 3.5173743963241577e-03 4.6695544733665884e-02 0
-4.4172377907671034e-02 5.0136648351326585e-03 3.6556027829647064e-02 0
-4.4172377907671034e-02 5.0136648351326585e-03 3.8004530244506896e-02 0
-4.4172377907671034e-02 5.0136648351326585e-03 3.9453032659366727e-02 0
-4.4172377907671034e-02 5.0136648351326585e-03 4.0901535074226558e-02 0
-4.4172377907671034e-02 5.0136648351326585e-03 4.2350037489086390e-02 0
-4.4172377907671034e-02 5.0136648351326585e-03 4.3798539903946221e-02 0
-4.4172377907671034e-02 5.0136648351326585e-03 4.5247042318806052e-02 0
-4.4172377907671034e-02 5.0136648351326585e-03 4.6695544733665884e-02 0
-4.4172377907671034e-02 6.5099552739411592e-03 3.6556027829647064e-02 0
-4.4172377907671034e-02 6.5099552739411592e-03 3.8004530244506896e-02 0
-4.4172377907671034e-02 6.5099552739411592e-03 3.9453032659366727e-02 0
-4.4172377907671034e-02 6.5099552739411592e-03 4.0901535074226558e-02 0
-4.4172377907671034e-02 6.5099552739411592e-03 4.2350037489086390e-02 0
-4.4172377907671034e-02 6.5099552739411592e-03 4.3798539903946221e-02 0
-4.4172377907671034e-02 6.5099552739411592e-03 4.5247042318806052e-02 0
-4.4172377907671034e-02 6.5099552739411592e-03 4.6695544733665884e-02 0
-4.4172377907671034e-02 8.0062457127496600e-03 3.6556027829647064e-02 0
-4.4172377907671034e-02 8.0062457127496600e-03 3.8004530244506896e-02 0
-4.4172377907671034e-02 8.0062457127496600e-03 3.9453032659366727e-02 0
-4.4172377907671034e-02 8.0062457127496600e-03 4.0901535074226558e-02 0
-4.4172377907671034e-02 8.0062457127496600e-03 4.2350037489086390e-02 0
-4.4172377907671034e-02 8.0062457127496600e-03 4.3798539903946221e-02 0
-4.4172377907671034e-02 8.0062457127496600e-03 4.5247042318806052e-02 0
-4.4172377907671034e-02 8.0062457127496600e-03 4.6695544733665884e-02 0
-4.4172377907671034e-02 9.5025361515581608e-03 3.6556027829647064e-02 0
-4.4172377907671034e-02 9.5025361515581608e-03 3.8004530244506896e-02 0
-4.4172377907671034e-02 9.5025361515581608e-03 3.9453032659366727e-02 0
-4.4172377907671034e-02 9.5025361515581608e-03 4.0901535074226558e-02 0
-4.4172377907671034e-02 9.5025361515581608e-03 4.2350037489086390e-02 0
-4.4172377907671034e-02 9.5025361515581608e-03 4.3798539903946221e-02 0
-4.4172377907671034e-02 9.5025361515581608e-03 4.5247042318806052e-02 0
-4.4172377907671034e-02 9.5025361515581608e-03 4.6695544733665884e-02 0
-4.4172377907671034e-02 1.0998826590366662e-02 3.6556027829647064e-02 0
-4.4172377907671034e-02 1.0998826590366662e-02 3.8004530244506896e-02 0
-4.4172377907671034e-02 1.0998826590366662e-02 3.9453032659366727e-02 0
-4.4172377907671034e-02 1.0998826590366662e-02 4.0901535074226558e-02 0
-4.4172377907671034e-02 1.0998826590366662e-02 4.2350037489086390e-02 0
-4.4172377907671034e-02 1.0998826590366662e-02 4.3798539903946221e-02 0
-4.4172377907671034e-02 1.0998826590366662e-02 4.5247042318806052e-02 0
-4.4172377907671034e-02 1.0998826590366662e-02 4.6695544733665884e-02 0
-4.4172377907671034e-02 1.2495117029175162e-02 3.6556027829647064e-02 0
-4.4172377907671034e-02 1.2495117029175162e-02 3.8004530244506896e-02 0
-4.4172377907671034e-02 1.2495117029175162e-02 3.9453032659366727e-02 0
-4.4172377907671034e-02 1.2495117029175162e-02 4.0901535074226558e-02 0
-4.4172377907671034e-02 1.2495117029175162e-02 4.2350037489086390e-02 0
-4.4172377907671034e-02 1.2495117029175162e-02 4.3798539903946221e-02 0
-4.4172377907671034e-02 1.2495117029175162e-02 4.5247042318806052e-02 0
-4.4172377907671034e-02 1.2495117029175162e-02 4.6695544733665884e-02 0
-4.4172377907671034e-02 1.3991407467983663e-02 3.6556027829647064e-02 0
-4.4172377907671034e-02 1.3991407467983663e-02 3.8004530244506896e-02 0
-4.4172377907671034e-02 1.3991407467983663e-02 3.9453032659366727e-02 0
-4.4172377907671034e-02 1.3991407467983663e-02 4.0901535074226558e-02 0
-4.4172377907671034e-02 1.3991407467983663e-02 4.2350037489086390e-02 0
-4.4172377907671034e-02 1.3991407467983663e-02 4.3798539903946221e-02 0
-4.4172377907671034e-02 1.3991407467983663e-02 4.5247042318806052e-02 0
-4.4172377907671034e-02 1.3991407467983663e-02 4.6695544733665884e-02 0
-4.4172377907671034e-02 1.5487697906792164e-02 3.6556027829647064e-02 0
-4.4172377907671034e-02 1.5487697906792164e-02 3.8004530244506896e-02 0
-4.4172377907671034e-02 1.5487697906792164e-02 3.9453032659366727e-02 0
-4.4172377907671034e-02 1.5487697906792164e-02 4.0901535074226558e-02 0
-4.4172377907671034e-02 1.5487697906792164e-02 4.2350037489086390e-02 0
-4.4172377907671034e-02 1.5487697906792164e-02 4.3798539903946221e-02 0
-4.4172377907671034e-02 1.5487697906792164e-02 4.5247042318806052e-02 0
-4.4172377907671034e-02 1.5487697906792164e-02 4.6695544733665884e-02 0
-4.4172377907671034e-02 1.6983988345600665e-02 3.6556027829647064e-02 0
-4.4172377907671034e-02 1.6983988345600665e-02 3.8004530244506896e-02 0
-4.4172377907671034e-02 1.6983988345600665e-02 3.9453032659366727e-02 0
-4.4172377907671034e-02 1.6983988345600665e-02 4.0901535074226558e-02 0
-4.4172377907671034e-02 1.6983988345600665e-02 4.2350037489086390e-02 0
-4.4172377907671034e-02 1.6983988345600665e-02 4.3798539903946221e-02 0
-4.4172377907671034e-02 1.6983988345600665e-02 4.5247042318806052e-02 0
-4.4172377907671034e-02 1.6983988345600665e-02 4.6695544733665884e-02 0
-4.4172377907671034e-02 1.8480278784409165e-02 3.6556027829647064e-02 0
-4.4172377907671034e-02 1.8480278784409165e-02 3.8004530244506896e-02 0
-4.4172377907671034e-02 1.8480278784409165e-02 3.9453032659366727e-02 0
-4.4172377907671034e-02 1.8480278784409165e-02 4.0901535074226558e-02 0
-4.4172377907671034e-02 1.8480278784409165e-02 4.2350037489086390e-02 0
-4.4172377907671034e-02 1.8480278784409165e-02 4.3798539903946221e-02 0
-4.4172377907671034e-02 1.8480278784409165e-02 4.5247042318806052e-02 0
-4.4172377907671034e-02 1.8480278784409165e-02 4.6695544733665884e-02 0
-4.4172377907671034e-02 1.9976569223217666e-02 3.6556027829647064e-02 0
-4.4172377907671034e-02 1.9976569223217666e-02 3.8004530244506896e-02 0
-4.4172377907671034e-02 1.9976569223217666e-02 3.9453032659366727e-02 0
-4.4172377907671034e-02 1.9976569223217666e-02 4.0901535074226558e-02 0
-4.4172377907671034e-02 1.9976569223217666e-02 4.2350037489086390e-02 0
-4.4172377907671034e-02 1.9976569223217666e-02 4.3798539903946221e-02 0
-4.4172377907671034e-02 1.9976569223217666e-02 4.5247042318806052e-02 0
-4.4172377907671034e-02 1.9976569223217666e-02 4.6695544733665884e-02 0
-4.4172377907671034e-02 2.1472859662026167e-02 3.6556027829647064e-02 0
-4.4172377907671034e-02 2.1472859662026167e-02 3.8004530244506896e-02 0
-4.4172377907671034e-02 2.1472859662026167e-02 3.9453032659366727e-02 0
-4.4172377907671034e-02 2.1472859662026167e-02 4.0901535074226558e-02 0
-4.4172377907671034e-02 2.1472859662026167e-02 4.2350037489086390e-02 0
-4.4172377907671034e-02 2.1472859662026167e-02 4.3798539903946221e-02 0
-4.4172377907671034e-02 2.1472859662026167e-02 4.5247042318806052e-02 0
-4.4172377907671034e-02 2.1472859662026167e-02 4.6695544733665884e-02 0
-4.2688729474321008e-02 -4.4363919645547867e-02 3.6556027829647064e-02 0
-4.2688729474321008e-02 -4.2867629206739366e-02 3.6556027829647064e-02 0
-4.2688729474321008e-02 -4.4363919645547867e-02 3.8004530244506896e-02 0
-4.2688729474321008e-02 -4.2867629206739366e-02 3.8004530244506896e-02 0
-4.2688729474321008e-02 -4.4363919645547867e-02 3.9453032659366727e-02 0
-4.2688729474321008e-02 -4.2867629206739366e-02 3.9453032659366727e-02 0
-4.2688729474321008e-02 -4.4363919645547867e-02 4.0901535074226558e-02 0
-4.2688729474321008e-02 -4.2867629206739366e-02 4.0901535074226558e-02 0
-4.2688729474321008e-02 -4.4363919645547867e-02 4.2350037489086390e-02 0
-4.2688729474321008e-02 -4.2867629206739366e-02 4.2350037489086390e-02 0
-4.2688729474321008e-02 -4.4363919645547867e-02 4.3798539903946221e-02 0
-4.2688729474321008e-02 -4.2867629206739366e-02 4.3798539903946221e-02 0
-4.2688729474321008e-02 -4.4363919645547867e-02 4.5247042318806052e-02 0
-4.2688729474321008e-02 -4.2867629206739366e-02 4.5247042318806052e-02 0
-4.2688729474321008e-02 -4.4363919645547867e-02 4.6695544733665884e-02 0
-4.2688729474321008e-02 -4.2867629206739366e-02 4.6695544733665884e-02 0
-4.2688729474321008e-02 -4.4363919645547867e-02 4.8144047148525715e-02 0
-4.2688729474321008e-02 -4.2867629206739366e-02 4.8144047148525715e-02 0
-4.2688729474321008e-02 -4.4363919645547867e-02 4.9592549563385546e-02 0
-4.2688729474321008e-02 -4.2867629206739366e-02 4.9592549563385546e-02 0
-4.2688729474321008e-02 -4.4363919645547867e-02 5.1041051978245378e-02 0
-4.2688729474321008e-02 -4.2867629206739366e-02 5.1041051978245378e-02 0
-4.2688729474321008e-02 -4.1371338767930865e-02 3.6556027829647064e-02 0
-4.2688729474321008e-02 -4.1371338767930865e-02 3.8004530244506896e-02 0
-4.2688729474321008e-02 -4.1371338767930865e-02 3.9453032659366727e-02 0
-4.2688729474321008e-02 -4.1371338767930865e-02 4.0901535074226558e-02 0
-4.2688729474321008e-02 -4.1371338767930865e-02 4.2350037489086390e-02 0
-4.2688729474321008e-02 -4.1371338767930865e-02 4.3798539903946221e-02 0
-4.2688729474321008e-02 -4.1371338767930865e-02 4.5247042318806052e-02 0
-4.2688729474321008e-02 -4.1371338767930865e-02 4.6695544733665884e-02 0
-4.2688729474321008e-02 -4.1371338767930865e-02 4.8144047148525715e-02 0
-4.2688729474321008e-02 -4.1371338767930865e-02 4.9592549563385546e-02 0
-4.2688729474321008e-02 -4.1371338767930865e-02 5.1041051978245378e-02 0
-4.2688729474321008e-02 -3.9875048329122365e-02 3.6556027829647064e-02 0
-4.2688729474321008e-02 -3.9875048329122365e-02 3.8004530244506896e-02 0
-4.2688729474321008e-02 -3.9875048329122365e-02 3.9453032659366727e-02 0
-4.2688729474321008e-02 -3.9875048329122365e-02 4.0901535074226558e-02 0
-4.2688729474321008e-02 -3.9875048329122365e-02 4.2350037489086390e-02 0
-4.2688729474321008e-02 -3.9875048329122365e-02 4.3798539903946221e-02 0
-4.2688729474321008e-02 -3.9875048329122365e-02 4.5247042318806052e-02 0
-4.2688729474321008e-02 -3.9875048329122365e-02 4.6695544733665884e-02 0
-4.2688729474321008e-02 -3.9875048329122365e-02 4.8144047148525715e-02 0
-4.2688729474321008e-02 -3.9875048329122365e-02 4.9592549563385546e-02 0
-4.2688729474321008e-02 -3.9875048329122365e-02 5.1041051978245378e-02 0
-4.2688729474321008e-02 -3.8378757890313864e-02 3.6556027829647064e-02 0
-4.2688729474321008e-02 -3.8378757890313864e-02 3.8004530244506896e-02 0
-4.2688729474321008e-02 -3.8378757890313864e-02 3.9453032659366727e-02 0
-4.2688729474321008e-02 -3.8378757890313864e-02 4.0901535074226558e-02 0
-4.2688729474321008e-02 -3.8378757890313864e-02 4.2350037489086390e-02 0
-4.2688729474321008e-02 -3.8378757890313864e-02 4.3798539903946221e-02 0
-4.2688729474321008e-02 -3.8378757890313864e-02 4.5247042318806052e-02 0
-4.2688729474321008e-02 -3.8378757890313864e-02 4.6695544733665884e-02 0
-4.2688729474321008e-02 -3.8378757890313864e-02 4.8144047148525715e-02 0
-4.2688729474321008e-02 -3.8378757890313864e-02 4.9592549563385546e-02 0
-4.2688729474321008e-02 -3.8378757890313864e-02 5.1041051978245378e-02 0
-4.2688729474321008e-02 -3.6882467451505363e-02 3.6556027829647064e-02 0
-4.2688729474321008e-02 -3.6882467451505363e-02 3.8004530244506896e-02 0
-4.2688729474321008e-02 -3.6882467451505363e-02 3.9453032659366727e-02 0
-4.2688729474321008e-02 -3.6882467451505363e-02 4.0901535074226558e-02 0
-4.2688729474321008e-02 -3.6882467451505363e-02 4.2350037489086390e-02 0
-4.2688729474321008e-02 -3.6882467451505363e-02 4.3798539903946221e-02 0
-4.2688729474321008e-02 -3.6882467451505363e-02 4.5247042318806052e-02 0
-4.2688729474321008e-02 -3.6882467451505363e-02 4.6695544733665884e-02 0
-4.2688729474321008e-02 -3.6882467451505363e-02 4.8144047148525715e-02 0
-4.2688729474321008e-02 -3.6882467451505363e-02 4.9592549563385546e-02 0
-4.2688729474321008e-02 -3.6882467451505363e-02 5.1041051978245378e-02 0
-4.2688729474321008e-02 -3.5386177012696862e-02 3.6556027829647064e-02 0
-4.2688729474321008e-02 -3.5386177012696862e-02 3.8004530244506896e-02 0
-4.2688729474321008e-02 -3.5386177012696862e-02 3.9453032659366727e-02 0
-4.2688729474321008e-02 -3.5386177012696862e-02 4.0901535074226558e-02 0
-4.2688729474321008e-02 -3.5386177012696862e-02 4.2350037489086390e-02 0
-4.2688729474321008e-02 -3.5386177012696862e-02 4.3798539903946221e-02 0
-4.2688729474321008e-02 -3.5386177012696862e-02 4.5247042318806052e-02 0
-4.2688729474321008e-02 -3.5386177012696862e-02 4.6695544733665884e-02 0
-4.2688729474321008e-02 -3.5386177012696862e-02 4.8144047148525715e-02 0
-4.2688729474321008e-02 -3.5386177012696862e-02 4.9592549563385546e-02 0
-4.2688729474321008e-02 -3.5386177012696862e-02 5.1041051978245378e-02 0
-4.2688729474321008e-02 -3.3889886573888361e-02 3.6556027829647064e-02 0
-4.2688729474321008e-02 -3.3889886573888361e-02 3.8004530244506896e-02 0
-4.2688729474321008e-02 -3.3889886573888361e-02 3.9453032659366727e-02 0
-4.2688729474321008e-02 -3.3889886573888361e-02 4.0901535074226558e-02 0
-4.2688729474321008e-02 -3.3889886573888361e-02 4.2350037489086390e-02 0
-4.2688729474321008e-02 -3.3889886573888361e-02 4.3798539903946221e-02 0
-4.2688729474321008e-02 -3.3889886573888361e-02 4.5247042318806052e-02 0
-4.2688729474321008e-02 -3.3889886573888361e-02 4.6695544733665884e-02 0
-4.2688729474321008e-02 -3.3889886573888361e-02 4.8144047148525715e-02 0
-4.2688729474321008e-02 -3.3889886573888361e-02 4.9592549563385546e-02 0
-4.2688729474321008e-02 -3.3889886573888361e-02 5.1041051978245378e-02 0
-4.2688729474321008e-02 -3.2393596135079861e-02 3.6556027829647064e-02 0
-4.2688729474321008e-02 -3.2393596135079861e-02 3.8004530244506896e-02 0
-4.2688729474321008e-02 -3.2393596135079861e-02 3.9453032659366727e-02 0
-4.2688729474321008e-02 -3.2393596135079861e-02 4.0901535074226558e-02 0
-4.2688729474321008e-02 -3.2393596135079861e-02 4.2350037489086390e-02 0
-4.2688729474321008e-02 -3.2393596135079861e-02 4.3798539903946221e-02 0
-4.2688729474321008e-02 -3.2393596135079861e-02 4.5247042318806052e-02 0
-4.2688729474321008e-02 -3.2393596135079861e-02 4.6695544733665884e-02 0
-4.2688729474321008e-02 -3.2393596135079861e-02 4.8144047148525715e-02 0
-4.2688729474321008e-02 -3.2393596135079861e-02 4.9592549563385546e-02 0
-4.2688729474321008e-02 -3.2393596135079861e-02 5.1041051978245378e-02 0
-4.2688729474321008e-02 -3.0897305696271360e-02 3.6556027829647064e-02 0
-4.2688729474321008e-02 -3.0897305696271360e-02 3.8004530244506896e-02 0
-4.2688729474321008e-02 -3.0897305696271360e-02 3.9453032659366727e-02 0
-4.2688729474321008e-02 -3.0897305696271360e-02 4.0901535074226558e-02 0
-4.2688729474321008e-02 -3.0897305696271360e-02 4.2350037489086390e-02 0
-4.2688729474321008e-02 -3.0897305696271360e-02 4.3798539903946221e-02 0
-4.2688729474321008e-02 -3.0897305696271360e-02 4.5247042318806052e-02 0
-4.2688729474321008e-02 -3.0897305696271360e-02 4.6695544733665884e-02 0
-4.2688729474321008e-02 -3.0897305696271360e-02 4.8144047148525715e-02 0
-4.2688729474321008e-02 -3.0897305696271360e-02 4.9592549563385546e-02 0
-4.2688729474321008e-02 -3.0897305696271360e-02 5.1041051978245378e-02 0
-4.2688729474321008e-02 -2.9401015257462859e-02 3.6556027829647064e-02 0
-4.2688729474321008e-02 -2.9401015257462859e-02 3.8004530244506896e-02 0
-4.2688729474321008e-02 -2.9401015257462859e-02 3.9453032659366727e-02 0
-4.2688729474321008e-02 -2.9401015257462859e-02 4.0901535074226558e-02 0
-4.2688729474321008e-02 -2.9401015257462859e-02 4.2350037489086390e-02 0
-4.2688729474321008e-02 -2.9401015257462859e-02 4.3798539903946221e-02 0
-4.2688729474321008e-02 -2.9401015257462859e-02 4.5247042318806052e-02 0
-4.2688729474321008e-02 -2.9401015257462859e-02 4.6695544733665884e-02 0
-4.2688729474321008e-02 -2.9401015257462859e-02 4.8144047148525715e-02 0
-4.2688729474321008e-02 -2.9401015257462859e-02 4.9592549563385546e-02 0
-4.2688729474321008e-02 -2.9401015257462859e-02 5.1041051978245378e-02 0
-4.2688729474321008e-02 -2.7904724818654358e-02 3.6556027829647064e-02 0
-4.2688729474321008e-02 -2.7904724818654358e-02 3.8004530244506896e-02 0
-4.2688729474321008e-02 -2.7904724818654358e-02 3.9453032659366727e-02 0
-4.2688729474321008e-02 -2.7904724818654358e-02 4.0901535074226558e-02 0
-4.2688729474321008e-02 -2.7904724818654358e-02 4.2350037489086390e-02 0
-4.2688729474321008e-02 -2.7904724818654358e-02 4.3798539903946221e-02 0
-4.2688729474321008e-02 -2.7904724818654358e-02 4.5247042318806052e-02 0
-4.2688729474321008e-02 -2.7904724818654358e-02 4.6695544733665884e-02 0
-4.2688729474321008e-02 -2.7904724818654358e-02 4.8144047148525715e-02 0
-4.2688729474321008e-02 -2.7904724818654358e-02 4.9592549563385546e-02 0
-4.2688729474321008e-02 -2.7904724818654358e-02 5.1041051978245378e-02 0
-4.2688729474321008e-02 -2.6408434379845858e-02 3.6556027829647064e-02 0
-4.2688729474321008e-02 -2.6408434379845858e-02 3.8004530244506896e-02 0
-4.2688729474321008e-02 -2.6408434379845858e-02 3.9453032659366727e-02 0
-4.2688729474321008e-02 -2.6408434379845858e-02 4.0901535074226558e-02 0
-4.2688729474321008e-02 -2.6408434379845858e-02 4.2350037489086390e-02 0
-4.2688729474321008e-02 -2.6408434379845858e-02 4.3798539903946221e-02 0
-4.2688729474321008e-02 -2.6408434379845858e-02 4.5247042318806052e-02 0
-4.2688729474321008e-02 -2.6408434379845858e-02 4.6695544733665884e-02 0
-4.2688729474321008e-02 -2.6408434379845858e-02 4.8144047148525715e-02 0
-4.2688729474321008e-02 -2.6408434379845858e-02 4.9592549563385546e-02 0
-4.2688729474321008e-02 -2.6408434379845858e-02 5.1041051978245378e-02 0
-4.2688729474321008e-02 -2.4912143941037357e-02 3.6556027829647064e-02 0
-4.2688729474321008e-02 -2.4912143941037357e-02 3.8004530244506896e-02 0
-4.2688729474321008e-02 -2.4912143941037357e-02 3.9453032659366727e-02 0
-4.2688729474321008e-02 -2.4912143941037357e-02 4.0901535074226558e-02 0
-4.2688729474321008e-02 -2.4912143941037357e-02 4.2350037489086390e-02 0
-4.2688729474321008e-02 -2.4912143941037357e-02 4.3798539903946221e-02 0
-4.2688729474321008e-02 -2.4912143941037357e-02 4.5247042318806052e-02 0
-4.2688729474321008e-02 -2.4912143941037357e-02 4.6695544733665884e-02 0
-4.2688729474321008e-02 -2.4912143941037357e-02 4.8144047148525715e-02 0
-4.2688729474321008e-02 -2.4912143941037357e-02 4.9592549563385546e-02 0
-4.2688729474321008e-02 -2.4912143941037357e-02 5.1041051978245378e-02 0
-4.2688729474321008e-02 -2.3415853502228856e-02 3.6556027829647064e-02 0
-4.2688729474321008e-02 -2.3415853502228856e-02 3.8004530244506896e-02 0
-4.2688729474321008e-02 -2.3415853502228856e-02 3.9453032659366727e-02 0
-4.2688729474321008e-02 -2.3415853502228856e-02 4.0901535074226558e-02 0
-4.2688729474321008e-02 -2.3415853502228856e-02 4.2350037489086390e-02 0
-4.2688729474321008e-02 -2.3415853502228856e-02 4.3798539903946221e-02 0
-4.2688729474321008e-02 -2.3415853502228856e-02 4.5247042318806052e-02 0
-4.2688729474321008e-02 -2.3415853502228856e-02 4.6695544733665884e-02 0
-4.2688729474321008e-02 -2.1919563063420355e-02 3.6556027829647064e-02 0
-4.2688729474321008e-02 -2.1919563063420355e-02 3.8004530244506896e-02 0
-4.2688729474321008e-02 -2.1919563063420355e-02 3.9453032659366727e-02 0
-4.2688729474321008e-02 -2.1919563063420355e-02 4.0901535074226558e-02 0
-4.2688729474321008e-02 -2.1919563063420355e-02 4.2350037489086390e-02 0
-4.2688729474321008e-02 -2.1919563063420355e-02 4.3798539903946221e-02 0
-4.2688729474321008e-02 -2.1919563063420355e-02 4.5247042318806052e-02 0
-4.2688729474321008e-02 -2.1919563063420355e-02 4.6695544733665884e-02 0
-4.2688729474321008e-02 -2.0423272624611855e-02 3.6556027829647064e-02 0
-4.2688729474321008e-02 -2.0423272624611855e-02 3.8004530244506896e-02 0
-4.2688729474321008e-02 -2.0423272624611855e-02 3.9453032659366727e-02 0
-4.2688729474321008e-02 -2.0423272624611855e-02 4.0901535074226558e-02 0
-4.2688729474321008e-02 -2.0423272624611855e-02 4.2350037489086390e-02 0
-4.2688729474321008e-02 -2.0423272624611855e-02 4.3798539903946221e-02 0
-4.2688729474321008e-02 -2.0423272624611855e-02 4.5247042318806052e-02 0
-4.2688729474321008e-02 -2.0423272624611855e-02 4.6695544733665884e-02 0
-4.2688729474321008e-02 -1.8926982185803354e-02 3.6556027829647064e-02 0
-4.2688729474321008e-02 -1.8926982185803354e-02 3.8004530244506896e-02 0
-4.2688729474321008e-02 -1.8926982185803354e-02 3.9453032659366727e-02 0
-4.2688729474321008e-02 -1.8926982185803354e-02 4.0901535074226558e-02 0
-4.2688729474321008e-02 -1.8926982185803354e-02 4.2350037489086390e-02 0
-4.2688729474321008e-02 -1.8926982185803354e-02 4.3798539903946221e-02 0
-4.2688729474321008e-02 -1.8926982185803354e-02 4.5247042318806052e-02 0
-4.2688729474321008e-02 -1.8926982185803354e-02 4.6695544733665884e-02 0
-4.2688729474321008e-02 -1.7430691746994853e-02 3.6556027829647064e-02 0
-4.2688729474321008e-02 -1.7430691746994853e-02 3.8004530244506896e-02 0
-4.2688729474321008e-02 -1.7430691746994853e-02 3.9453032659366727e-02 0
-4.2688729474321008e-02 -1.7430691746994853e-02 4.0901535074226558e-02 0
-4.2688729474321008e-02 -1.7430691746994853e-02 4.2350037489086390e-02 0
-4.2688729474321008e-02 -1.7430691746994853e-02 4.3798539903946221e-02 0
-4.2688729474321008e-02 -1.7430691746994853e-02 4.5247042318806052e-02 0
-4.2688729474321008e-02 -1.7430691746994853e-02 4.6695544733665884e-02 0
-4.2688729474321008e-02 -1.5934401308186352e-02 3.6556027829647064e-02 0
-4.2688729474321008e-02 -1.5934401308186352e-02 3.8004530244506896e-02 0
-4.2688729474321008e-02 -1.5934401308186352e-02 3.9453032659366727e-02 0
-4.2688729474321008e-02 -1.5934401308186352e-02 4.0901535074226558e-02 0
-4.2688729474321008e-02 -1.5934401308186352e-02 4.2350037489086390e-02 0
-4.2688729474321008e-02 -1.5934401308186352e-02 4.3798539903946221e-02 0
-4.2688729474321008e-02 -1.5934401308186352e-02 4.5247042318806052e-02 0
-4.2688729474321008e-02 -1.5934401308186352e-02 4.6695544733665884e-02 0
-4.2688729474321008e-02 -1.4438110869377851e-02 3.6556027829647064e-02 0
-4.2688729474321008e-02 -1.4438110869377851e-02 3.8004530244506896e-02 0
-4.2688729474321008e-02 -1.4438110869377851e-02 3.9453032659366727e-02 0
-4.2688729474321008e-02 -1.4438110869377851e-02 4.0901535074226558e-02 0
-4.2688729474321008e-02 -1.4438110869377851e-02 4.2350037489086390e-02 0
-4.2688729474321008e-02 -1.4438110869377851e-02 4.3798539903946221e-02 0
-4.2688729474321008e-02 -1.4438110869377851e-02 4.5247042318806052e-02 0
-4.2688729474321008e-02 -1.4438110869377851e-02 4.6695544733665884e-02 0
-4.2688729474321008e-02 -1.2941820430569351e-02 3.6556027829647064e-02 0
-4.2688729474321008e-02 -1.2941820430569351e-02 3.8004530244506896e-02 0
-4.2688729474321008e-02 -1.2941820430569351e-02 3.9453032659366727e-02 0
-4.2688729474321008e-02 -1.2941820430569351e-02 4.0901535074226558e-02 0
-4.2688729474321008e-02 -1.2941820430569351e-02 4.2350037489086390e-02 0
-4.2688729474321008e-02 -1.2941820430569351e-02 4.3798539903946221e-02 0
-4.2688729474321008e-02 -1.2941820430569351e-02 4.5247042318806052e-02 0
-4.2688729474321008e-02 -1.2941820430569351e-02 4.6695544733665884e-02 0
-4.2688729474321008e-02 -1.1445529991760850e-02 3.6556027829647064e-02 0
-4.2688729474321008e-02 -1.1445529991760850e-02 3.8004530244506896e-02 0
-4.2688729474321008e-02 -1.1445529991760850e-02 3.9453032659366727e-02 0
-4.2688729474321008e-02 -1.1445529991760850e-02 4.0901535074226558e-02 0
-4.2688729474321008e-02 -1.1445529991760850e-02 4.2350037489086390e-02 0
-4.2688729474321008e-02 -1.1445529991760850e-02 4.3798539903946221e-02 0
-4.2688729474321008e-02 -1.1445529991760850e-02 4.5247042318806052e-02 0
-4.2688729474321008e-02 -1.1445529991760850e-02 4.6695544733665884e-02 0
-4.2688729474321008e-02 -9.9492395529523492e-03 3.6556027829647064e-02 0
-4.2688729474321008e-02 -9.9492395529523492e-03 3.8004530244506896e-02 0
-4.2688729474321008e-02 -9.9492395529523492e-03 3.9453032659366727e-02 0
-4.2688729474321008e-02 -9.9492395529523492e-03 4.0901535074226558e-02 0
-4.2688729474321008e-02 -9.9492395529523492e-03 4.2350037489086390e-02 0
-4.2688729474321008e-02 -9.9492395529523492e-03 4.3798539903946221e-02 0
-4.2688729474321008e-02 -9.9492395529523492e-03 4.5247042318806052e-02 0
-4.2688729474321008e-02 -9.9492395529523492e-03 4.6695544733665884e-02 0
-4.2688729474321008e-02 -8.4529491141438484e-03 3.6556027829647064e-02 0
-4.2688729474321008e-02 -8.4529491141438484e-03 3.8004530244506896e-02 0
-4.2688729474321008e-02 -8.4529491141438484e-03 3.9453032659366727e-02 0
-4.2688729474321008e-02 -8.4529491141438484e-03 4.0901535074226558e-02 0
-4.2688729474321008e-02 -8.4529491141438484e-03 4.2350037489086390e-02 0
-4.2688729474321008e-02 -8.4529491141438484e-03 4.3798539903946221e-02 0
-4.2688729474321008e-02 -8.4529491141438484e-03 4.5247042318806052e-02 0
-4.2688729474321008e-02 -8.4529491141438484e-03 4.6695544733665884e-02 0
-4.2688729474321008e-02 -6.9566586753353477e-03 3.6556027829647064e-02 0
-4.2688729474321008e-02 -6.9566586753353477e-03 3.8004530244506896e-02 0
-4.2688729474321008e-02 -6.9566586753353477e-03 3.9453032659366727e-02 0
-4.2688729474321008e-02 -6.9566586753353477e-03 4.0901535074226558e-02 0
-4.2688729474321008e-02 -6.9566586753353477e-03 4.2350037489086390e-02 0
-4.2688729474321008e-02 -6.9566586753353477e-03 4.3798539903946221e-02 0
-4.2688729474321008e-02 -6.9566586753353477e-03 4.5247042318806052e-02 0
-4.2688729474321008e-02 -6.9566586753353477e-03 4.6695544733665884e-02 0
-4.2688729474321008e-02 -5.4603682365268469e-03 3.6556027829647064e-02 0
-4.2688729474321008e-02 -5.4603682365268469e-03 3.8004530244506896e-02 0
-4.2688729474321008e-02 -5.4603682365268469e-03 3.9453032659366727e-02 0
-4.2688729474321008e-02 -5.4603682365268469e-03 4.0901535074226558e-02 0
-4.2688729474321008e-02 -5.4603682365268469e-03 4.2350037489086390e-02 0
-4.2688729474321008e-02 -5.4603682365268469e-03 4.3798539903946221e-02 0
-4.2688729474321008e-02 -5.4603682365268469e-03 4.5247042318806052e-02 0
-4.2688729474321008e-02 -5.4603682365268469e-03 4.6695544733665884e-02 0
-4.2688729474321008e-02 -3.9640777977183461e-03 3.6556027829647064e-02 0
-4.2688729474321008e-02 -3.9640777977183461e-03 3.8004530244506896e-02 0
-4.2688729474321008e-02 -3.9640777977183461e-03 3.9453032659366727e-02 0
-4.2688729474321008e-02 -3.9640777977183461e-03 4.0901535074226558e-02 0
-4.2688729474321008e-02 -3.9640777977183461e-03 4.2350037489086390e-02 0
-4.2688729474321008e-02 -3.9640777977183461e-03 4.3798539903946221e-02 0
-4.2688729474321008e-02 -3.9640777977183461e-03 4.5247042318806052e-02 0
-4.2688729474321008e-02 -3.9640777977183461e-03 4.6695544733665884e-02 0
-4.2688729474321008e-02 -2.4677873589098454e-03 3.6556027829647064e-02 0
-4.2688729474321008e-02 -2.4677873589098454e-03 3.8004530244506896e-02 0
-4.2688729474321008e-02 -2.4677873589098454e-03 3.9453032659366727e-02 0
-4.2688729474321008e-02 -2.4677873589098454e-03 4.0901535074226558e-02 0
-4.2688729474321008e-02 -2.4677873589098454e-03 4.2350037489086390e-02 0
-4.2688729474321008e-02 -2.4677873589098454e-03 4.3798539903946221e-02 0
-4.2688729474321008e-02 -2.4677873589098454e-03 4.5247042318806052e-02 0
-4.2688729474321008e-02 -2.4677873589098454e-03 4.6695544733665884e-02 0
-4.2688729474321008e-02 -9.7149692010134459e-04 3.6556027829647064e-02 0
-4.2688729474321008e-02 -9.7149692010134459e-04 3.8004530244506896e-02 0
-4.2688729474321008e-02 -9.7149692010134459e-04 3.9453032659366727e-02 0
-4.2688729474321008e-02 -9.7149692010134459e-04 4.0901535074226558e-02 0
-4.2688729474321008e-02 -9.7149692010134459e-04 4.2350037489086390e-02 0
-4.2688729474321008e-02 -9.7149692010134459e-04 4.3798539903946221e-02 0
-4.2688729474321008e-02 -9.7149692010134459e-04 4.5247042318806052e-02 0
-4.2688729474321008e-02 -9.7149692010134459e-04 4.6695544733665884e-02 0
-4.2688729474321008e-02 5.2479351870715618e-04 3.6556027829647064e-02 0
-4.2688729474321008e-02 5.2479351870715618e-04 3.8004530244506896e-02 0
-4.2688729474321008e-02 5.2479351870715618e-04 3.9453032659366727e-02 0
-4.2688729474321008e-02 5.2479351870715618e-04 4.0901535074226558e-02 0
-4.2688729474321008e-02 5.2479351870715618e-04 4.2350037489086390e-02 0
-4.2688729474321008e-02 5.2479351870715618e-04 4.3798539903946221e-02 0
-4.2688729474321008e-02 5.2479351870715618e-04 4.5247042318806052e-02 0
-4.2688729474321008e-02 5.2479351870715618e-04 4.6695544733665884e-02 0
-4.2688729474321008e-02 2.0210839575156569e-03 3.6556027829647064e-02 0
-4.2688729474321008e-02 2.0210839575156569e-03 3.8004530244506896e-02 0
-4.2688729474321008e-02 2.0210839575156569e-03 3.9453032659366727e-02 0
-4.2688729474321008e-02 2.0210839575156569e-03 4.0901535074226558e-02 0
-4.2688729474321008e-02 2.0210839575156569e-03 4.2350037489086390e-02 0
-4.2688729474321008e-02 2.0210839575156569e-03 4.3798539903946221e-02 0
-4.2688729474321008e-02 2.0210839575156569e-03 4.5247042318806052e-02 0
-4.2688729474321008e-02 2.0210839575156569e-03 4.6695544733665884e-02 0
-4.2688729474321008e-02 3.5173743963241577e-03 3.6556027829647064e-02 0
-4.2688729474321008e-02 3.5173743963241577e-03 3.8004530244506896e-02 0
-4.2688729474321008e-02 3.5173743963241577e-03 3.9453032659366727e-02 0
-4.2688729474321008e-02 3.5173743963241577e-03 4.0901535074226558e-02 0
-4.2688729474321008e-02 3.5173743963241577e-03 4.2350037489086390e-02 0
-4.2688729474321008e-02 3.5173743963241577e-03 4.3798539903946221e-02 0
-4.2688729474321008e-02 3.5173743963241577e-03 4.5247042318806052e-02 0
-4.2688729474321008e-02 3.5173743963241577e-03 4.6695544733665884e-02 0
-4.2688729474321008e-02 5.0136648351326585e-03 3.6556027829647064e-02 0
-4.2688729474321008e-02 5.0136648351326585e-03 3.8004530244506896e-02 0
-4.2688729474321008e-02 5.0136648351326585e-03 3.9453032659366727e-02 0
-4.2688729474321008e-02 5.0136648351326585e-03 4.0901535074226558e-02 0
-4.2688729474321008e-02 5.0136648351326585e-03 4.2350037489086390e-02 0
-4.2688729474321008e-02 5.0136648351326585e-03 4.3798539903946221e-02 0
-4.2688729474321008e-02 5.0136648351326585e-03 4.5247042318806052e-02 0
-4.2688729474321008e-02 5.0136648351326585e-03 4.6695544733665884e-02 0
-4.2688729474321008e-02 6.5099552739411592e-03 3.6556027829647064e-02 0
-4.2688729474321008e-02 6.5099552739411592e-03 3.8004530244506896e-02 0
-4.2688729474321008e-02 6.5099552739411592e-03 3.9453032659366727e-02 0
-4.2688729474321008e-02 6.5099552739411592e-03 4.0901535074226558e-02 0
-4.2688729474321008e-02 6.5099552739411592e-03 4.2350037489086390e-02 0
-4.2688729474321008e-02 6.5099552739411592e-03 4.3798539903946221e-02 0
-4.2688729474321008e-02 6.5099552739411592e-03 4.5247042318806052e-02 0
-4.2688729474321008e-02 6.5099552739411592e-03 4.6695544733665884e-02 0
-4.2688729474321008e-02 8.0062457127496600e-03 3.6556027829647064e-02 0
-4.2688729474321008e-02 8.0062457127496600e-03 3.8004530244506896e-02 0
-4.2688729474321008e-02 8.0062457127496600e-03 3.9453032659366727e-02 0
-4.2688729474321008e-02 8.0062457127496600e-03 4.0901535074226558e-02 0
-4.2688729474321008e-02 8.0062457127496600e-03 4.2350037489086390e-02 0
-4.2688729474321008e-02 8.0062457127496600e-03 4.3798539903946221e-02 0
-4.2688729474321008e-02 8.0062457127496600e-03 4.5247042318806052e-02 0
-4.2688729474321008e-02 8.0062457127496600e-03 4.6695544733665884e-02 0
-4.2688729474321008e-02 9.5025361515581608e-03 3.6556027829647064e-02 0
-4.2688729474321008e-02 9.5025361515581608e-03 3.8004530244506896e-02 0
-4.2688729474321008e-02 9.5025361515581608e-03 3.9453032659366727e-02 0
-4.2688729474321008e-02 9.5025361515581608e-03 4.0901535074226558e-02 0
-4.2688729474321008e-02 9.5025361515581608e-03 4.2350037489086390e-02 0
-4.2688729474321008e-02 9.5025361515581608e-03 4.3798539903946221e-02 0
-4.2688729474321008e-02 9.5025361515581608e-03 4.5247042318806052e-02 0
-4.2688729474321008e-02 9.5025361515581608e-03 4.6695544733665884e-02 0
-4.2688729474321008e-02 1.0998826590366662e-02 3.6556027829647064e-02 0
-4.2688729474321008e-02 1.0998826590366662e-02 3.8004530244506896e-02 0
-4.2688729474321008e-02 1.0998826590366662e-02 3.9453032659366727e-02 0
-4.2688729474321008e-02 1.0998826590366662e-02 4.0901535074226558e-02 0
-4.2688729474321008e-02 1.0998826590366662e-02 4.2350037489086390e-02 0
-4.2688729474321008e-02 1.0998826590366662e-02 4.3798539903946221e-02 0
-4.2688729474321008e-02 1.0998826590366662e-02 4.5247042318806052e-02 0
-4.2688729474321008e-02 1.0998826590366662e-02 4.6695544733665884e-02 0
-4.2688729474321008e-02 1.2495117029175162e-02 3.6556027829647064e-02 0
-4.2688729474321008e-02 1.2495117029175162e-02 3.8004530244506896e-02 0
-4.2688729474321008e-02 1.2495117029175162e-02 3.9453032659366727e-02 0
-4.2688729474321008e-02 1.2495117029175162e-02 4.0901535074226558e-02 0
-4.2688729474321008e-02 1.2495117029175162e-02 4.2350037489086390e-02 0
-4.2688729474321008e-02 1.2495117029175162e-02 4.3798539903946221e-02 0
-4.2688729474321008e-02 1.2495117029175162e-02 4.5247042318806052e-02 0
-4.2688729474321008e-02 1.2495117029175162e-02 4.6695544733665884e-02 0
-4.2688729474321008e-02 1.3991407467983663e-02 3.6556027829647064e-02 0
-4.2688729474321008e-02 1.3991407467983663e-02 3.8004530244506896e-02 0
-4.2688729474321008e-02 1.3991407467983663e-02 3.9453032659366727e-02 0
-4.2688729474321008e-02 1.3991407467983663e-02 4.0901535074226558e-02 0
-4.2688729474321008e-02 1.3991407467983663e-02 4.2350037489086390e-02 0
-4.2688729474321008e-02 1.3991407467983663e-02 4.3798539903946221e-02 0
-4.2688729474321008e-02 1.3991407467983663e-02 4.5247042318806052e-02 0
-4.2688729474321008e-02 1.3991407467983663e-02 4.6695544733665884e-02 0
-4.2688729474321008e-02 1.5487697906792164e-02 3.6556027829647064e-02 0
-4.2688729474321008e-02 1.5487697906792164e-02 3.8004530244506896e-02 0
-4.2688729474321008e-02 1.5487697906792164e-02 3.9453032659366727e-02 0
-4.2688729474321008e-02 1.5487697906792164e-02 4.0901535074226558e-02 0
-4.2688729474321008e-02 1.5487697906792164e-02 4.2350037489086390e-02 0
-4.2688729474321008e-02 1.5487697906792164e-02 4.3798539903946221e-02 0
-4.2688729474321008e-02 1.5487697906792164e-02 4.5247042318806052e-02 0
-4.2688729474321008e-02 1.5487697906792164e-02 4.6695544733665884e-02 0
-4.2688729474321008e-02 1.6983988345600665e-02 3.6556027829647064e-02 0
-4.2688729474321008e-02 1.6983988345600665e-02 3.8004530244506896e-02 0
-4.2688729474321008e-02 1.6983988345600665e-02 3.9453032659366727e-02 0
-4.2688729474321008e-02 1.6983988345600665e-02 4.0901535074226558e-02 0
-4.2688729474321008e-02 1.6983988345600665e-02 4.2350037489086390e-02 0
-4.2688729474321008e-02 1.6983988345600665e-02 4.3798539903946221e-02 0
-4.2688729474321008e-02 1.6983988345600665e-02 4.5247042318806052e-02 0
-4.2688729474321008e-02 1.6983988345600665e-02 4.6695544733665884e-02 0
-4.2688729474321008e-02 1.8480278784409165e-02 3.6556027829647064e-02 0
-4.2688729474321008e-02 1.8480278784409165e-02 3.8004530244506896e-02 0
-4.2688729474321008e-02 1.8480278784409165e-02 3.9453032659366727e-02 0
-4.2688729474321008e-02 1.8480278784409165e-02 4.0901535074226558e-02 0
-4.2688729474321008e-02 1.8480278784409165e-02 4.2350037489086390e-02 0
-4.2688729474321008e-02 1.8480278784409165e-02 4.3798539903946221e-02 0
-4.2688729474321008e-02 1.8480278784409165e-02 4.5247042318806052e-02 0
-4.2688729474321008e-02 1.8480278784409165e-02 4.6695544733665884e-02 0
-4.2688729474321008e-02 1.9976569223217666e-02 3.6556027829647064e-02 0
-4.2688729474321008e-02 1.9976569223217666e-02 3.8004530244506896e-02 0
-4.2688729474321008e-02 1.9976569223217666e-02 3.9453032659366727e-02 0
-4.2688729474321008e-02 1.9976569223217666e-02 4.0901535074226558e-02 0
-4.2688729474321008e-02 1.9976569223217666e-02 4.2350037489086390e-02 0
-4.2688729474321008e-02 1.9976569223217666e-02 4.3798539903946221e-02 0
-4.2688729474321008e-02 1.9976569223217666e-02 4.5247042318806052e-02 0
-4.2688729474321008e-02 1.9976569223217666e-02 4.6695544733665884e-02 0
-4.2688729474321008e-02 2.1472859662026167e-02 3.6556027829647064e-02 0
-4.2688729474321008e-02 2.1472859662026167e-02 3.8004530244506896e-02 0
-4.2688729474321008e-02 2.1472859662026167e-02 3.9453032659366727e-02 0
-4.2688729474321008e-02 2.1472859662026167e-02 4.0901535074226558e-02 0
-4.2688729474321008e-02 2.1472859662026167e-02 4.2350037489086390e-02 0
-4.2688729474321008e-02 2.1472859662026167e-02 4.3798539903946221e-02 0
-4.2688729474321008e-02 2.1472859662026167e-02 4.5247042318806052e-02 0
-4.2688729474321008e-02 2.1472859662026167e-02 4.6695544733665884e-02 0
-4.1205081040970981e-02 -4.4363919645547867e-02 3.6556027829647064e-02 0
-4.1205081040970981e-02 -4.2867629206739366e-02 3.6556027829647064e-02 0
-4.1205081040970981e-02 -4.4363919645547867e-02 3.8004530244506896e-02 0
-4.1205081040970981e-02 -4.2867629206739366e-02 3.8004530244506896e-02 0
-4.1205081040970981e-02 -4.4363919645547867e-02 3.9453032659366727e-02 0
-4.1205081040970981e-02 -4.2867629206739366e-02 3.9453032659366727e-02 0
-4.1205081040970981e-02 -4.4363919645547867e-02 4.0901535074226558e-02 0
-4.1205081040970981e-02 -4.2867629206739366e-02 4.0901535074226558e-02 0
-4.1205081040970981e-02 -4.4363919645547867e-02 4.2350037489086390e-02 0
-4.1205081040970981e-02 -4.2867629206739366e-02 4.2350037489086390e-02 0
-4.1205081040970981e-02 -4.4363919645547867e-02 4.3798539903946221e-02 0
-4.1205081040970981e-02 -4.2867629206739366e-02 4.3798539903946221e-02 0
-4.1205081040970981e-02 -4.4363919645547867e-02 4.5247042318806052e-02 0
-4.1205081040970981e-02 -4.2867629206739366e-02 4.5247042318806052e-02 0
-4.1205081040970981e-02 -4.4363919645547867e-02 4.6695544733665884e-02 0
-4.1205081040970981e-02 -4.2867629206739366e-02 4.6695544733665884e-02 0
-4.1205081040970981e-02 -4.4363919645547867e-02 4.8144047148525715e-02 0
-4.1205081040970981e-02 -4.2867629206739366e-02 4.8144047148525715e-02 0
-4.1205081040970981e-02 -4.4363919645547867e-02 4.9592549563385546e-02 0
-4.1205081040970981e-02 -4.2867629206739366e-02 4.9592549563385546e-02 0
-4.1205081040970981e-02 -4.4363919645547867e-02 5.1041051978245378e-02 0
-4.1205081040970981e-02 -4.2867629206739366e-02 5.1041051978245378e-02 0
-4.1205081040970981e-02 -4.1371338767930865e-02 3.6556027829647064e-02 0
-4.1205081040970981e-02 -4.1371338767930865e-02 3.8004530244506896e-02 0
-4.1205081040970981e-02 -4.1371338767930865e-02 3.9453032659366727e-02 0
-4.1205081040970981e-02 -4.1371338767930865e-02 4.0901535074226558e-02 0
-4.1205081040970981e-02 -4.1371338767930865e-02 4.2350037489086390e-02 0
-4.1205081040970981e-02 -4.1371338767930865e-02 4.3798539903946221e-02 0
-4.1205081040970981e-02 -4.1371338767930865e-02 4.5247042318806052e-02 0
-4.1205081040970981e-02 -4.1371338767930865e-02 4.6695544733665884e-02 0
-4.1205081040970981e-02 -4.1371338767930865e-02 4.8144047148525715e-02 0
-4.1205081040970981e-02 -4.1371338767930865e-02 4.9592549563385546e-02 0
-4.1205081040970981e-02 -4.1371338767930865e-02 5.1041051978245378e-02 0
-4.1205081040970981e-02 -3.9875048329122365e-02 3.6556027829647064e-02 0
-4.1205081040970981e-02 -3.9875048329122365e-02 3.8004530244506896e-02 0
-4.1205081040970981e-02 -3.9875048329122365e-02 3.9453032659366727e-02 0
-4.1205081040970981e-02 -3.9875048329122365e-02 4.0901535074226558e-02 0
-4.1205081040970981e-02 -3.9875048329122365e-02 4.2350037489086390e-02 0
-4.1205081040970981e-02 -3.9875048329122365e-02 4.3798539903946221e-02 0
-4.1205081040970981e-02 -3.9875048329122365e-02 4.5247042318806052e-02 0
-4.1205081040970981e-02 -3.9875048329122365e-02 4.6695544733665884e-02 0
-4.1205081040970981e-02 -3.9875048329122365e-02 4.8144047148525715e-02 0
-4.1205081040970981e-02 -3.9875048329122365e-02 4.9592549563385546e-02 0
-4.1205081040970981e-02 -3.9875048329122365e-02 5.1041051978245378e-02 0
-4.1205081040970981e-02 -3.8378757890313864e-02 3.6556027829647064e-02 0
-4.1205081040970981e-02 -3.8378757890313864e-02 3.8004530244506896e-02 0
-4.1205081040970981e-02 -3.8378757890313864e-02 3.9453032659366727e-02 0
-4.1205081040970981e-02 -3.8378757890313864e-02 4.0901535074226558e-02 0
-4.1205081040970981e-02 -3.8378757890313864e-02 4.2350037489086390e-02 0
-4.1205081040970981e-02 -3.8378757890313864e-02 4.3798539903946221e-02 0
-4.1205081040970981e-02 -3.8378757890313864e-02 4.5247042318806052e-02 0
-4.1205081040970981e-02 -3.8378757890313864e-02 4.6695544733665884e-02 0
-4.1205081040970981e-02 -3.8378757890313864e-02 4.8144047148525715e-02 0
-4.1205081040970981e-02 -3.8378757890313864e-02 4.9592549563385546e-02 0
-4.1205081040970981e-02 -3.8378757890313864e-02 5.1041051978245378e-02 0
-4.1205081040970981e-02 -3.6882467451505363e-02 3.6556027829647064e-02 0
-4.1205081040970981e-02 -3.6882467451505363e-02 3.8004530244506896e-02 0
-4.1205081040970981e-02 -3.6882467451505363e-02 3.9453032659366727e-02 0
-4.1205081040970981e-02 -3.6882467451505363e-02 4.0901535074226558e-02 0
-4.1205081040970981e-02 -3.6882467451505363e-02 4.2350037489086390e-02 0
-4.1205081040970981e-02 -3.6882467451505363e-02 4.3798539903946221e-02 0
-4.1205081040970981e-02 -3.6882467451505363e-02 4.5247042318806052e-02 0
-4.1205081040970981e-02 -3.6882467451505363e-02 4.6695544733665884e-02 0
-4.1205081040970981e-02 -3.6882467451505363e-02 4.8144047148525715e-02 0
-4.1205081040970981e-02 -3.6882467451505363e-02 4.9592549563385546e-02 0
-4.1205081040970981e-02 -3.6882467451505363e-02 5.1041051978245378e-02 0
-4.1205081040970981e-02 -3.5386177012696862e-02 3.6556027829647064e-02 0
-4.1205081040970981e-02 -3.5386177012696862e-02 3.8004530244506896e-02 0
-4.1205081040970981e-02 -3.5386177012696862e-02 3.9453032659366727e-02 0
-4.1205081040970981e-02 -3.5386177012696862e-02 4.0901535074226558e-02 0
-4.1205081040970981e-02 -3.5386177012696862e-02 4.2350037489086390e-02 0
-4.1205081040970981e-02 -3.5386177012696862e-02 4.3798539903946221e-02 0
-4.1205081040970981e-02 -3.5386177012696862e-02 4.5247042318806052e-02 0
-4.1205081040970981e-02 -3.5386177012696862e-02 4.6695544733665884e-02 0
-4.1205081040970981e-02 -3.5386177012696862e-02 4.8144047148525715e-02 0
-4.1205081040970981e-02 -3.5386177012696862e-02 4.9592549563385546e-02 0
-4.1205081040970981e-02 -3.5386177012696862e-02 5.1041051978245378e-02 0
-4.1205081040970981e-02 -3.3889886573888361e-02 3.6556027829647064e-02 0
-4.1205081040970981e-02 -3.3889886573888361e-02 3.8004530244506896e-02 0
-4.1205081040970981e-02 -3.3889886573888361e-02 3.9453032659366727e-02 0
-4.1205081040970981e-02 -3.3889886573888361e-02 4.0901535074226558e-02 0
-4.1205081040970981e-02 -3.3889886573888361e-02 4.2350037489086390e-02 0
-4.1205081040970981e-02 -3.3889886573888361e-02 4.3798539903946221e-02 0
-4.1205081040970981e-02 -3.3889886573888361e-02 4.5247042318806052e-02 0
-4.1205081040970981e-02 -3.3889886573888361e-02 4.6695544733665884e-02 0
-4.1205081040970981e-02 -3.3889886573888361e-02 4.8144047148525715e-02 0
-4.1205081040970981e-02 -3.3889886573888361e-02 4.9592549563385546e-02 0
-4.1205081040970981e-02 -3.3889886573888361e-02 5.1041051978245378e-02 0
-4.1205081040970981e-02 -3.2393596135079861e-02 3.6556027829647064e-02 0
-4.1205081040970981e-02 -3.2393596135079861e-02 3.8004530244506896e-02 0
-4.1205081040970981e-02 -3.2393596135079861e-02 3.9453032659366727e-02 0
-4.1205081040970981e-02 -3.2393596135079861e-02 4.0901535074226558e-02 0
-4.1205081040970981e-02 -3.2393596135079861e-02 4.2350037489086390e-02 0
-4.1205081040970981e-02 -3.2393596135079861e-02 4.3798539903946221e-02 0
-4.1205081040970981e-02 -3.2393596135079861e-02 4.5247042318806052e-02 0
-4.1205081040970981e-02 -3.2393596135079861e-02 4.6695544733665884e-02 0
-4.1205081040970981e-02 -3.2393596135079861e-02 4.8144047148525715e-02 0
-4.1205081040970981e-02 -3.2393596135079861e-02 4.9592549563385546e-02 0
-4.1205081040970981e-02 -3.2393596135079861e-02 5.1041051978245378e-02 0
-4.1205081040970981e-02 -3.0897305696271360e-02 3.6556027829647064e-02 0
-4.1205081040970981e-02 -3.0897305696271360e-02 3.8004530244506896e-02 0
-4.1205081040970981e-02 -3.0897305696271360e-02 3.9453032659366727e-02 0
-4.1205081040970981e-02 -3.0897305696271360e-02 4.0901535074226558e-02 0
-4.1205081040970981e-02 -3.0897305696271360e-02 4.2350037489086390e-02 0
-4.1205081040970981e-02 -3.0897305696271360e-02 4.3798539903946221e-02 0
-4.1205081040970981e-02 -3.0897305696271360e-02 4.5247042318806052e-02 0
-4.1205081040970981e-02 -3.0897305696271360e-02 4.6695544733665884e-02 0
-4.1205081040970981e-02 -3.0897305696271360e-02 4.8144047148525715e-02 0
-4.1205081040970981e-02 -3.0897305696271360e-02 4.9592549563385546e-02 0
-4.1205081040970981e-02 -3.0897305696271360e-02 5.1041051978245378e-02 0
-4.1205081040970981e-02 -2.9401015257462859e-02 3.6556027829647064e-02 0
-4.1205081040970981e-02 -2.9401015257462859e-02 3.8004530244506896e-02 0
-4.1205081040970981e-02 -2.9401015257462859e-02 3.9453032659366727e-02 0
-4.1205081040970981e-02 -2.9401015257462859e-02 4.0901535074226558e-02 0
-4.1205081040970981e-02 -2.9401015257462859e-02 4.2350037489086390e-02 0
-4.1205081040970981e-02 -2.9401015257462859e-02 4.3798539903946221e-02 0
-4.1205081040970981e-02 -2.9401015257462859e-02 4.5247042318806052e-02 0
-4.1205081040970981e-02 -2.9401015257462859e-02 4.6695544733665884e-02 0
-4.1205081040970981e-02 -2.9401015257462859e-02 4.8144047148525715e-02 0
-4.1205081040970981e-02 -2.9401015257462859e-02 4.9592549563385546e-02 0
-4.1205081040970981e-02 -2.9401015257462859e-02 5.1041051978245378e-02 0
-4.1205081040970981e-02 -2.7904724818654358e-02 3.6556027829647064e-02 0
-4.1205081040970981e-02 -2.7904724818654358e-02 3.8004530244506896e-02 0
-4.1205081040970981e-02 -2.7904724818654358e-02 3.9453032659366727e-02 0
-4.1205081040970981e-02 -2.7904724818654358e-02 4.0901535074226558e-02 0
-4.1205081040970981e-02 -2.7904724818654358e-02 4.2350037489086390e-02 0
-4.1205081040970981e-02 -2.7904724818654358e-02 4.3798539903946221e-02 0
-4.1205081040970981e-02 -2.7904724818654358e-02 4.5247042318806052e-02 0
-4.1205081040970981e-02 -2.7904724818654358e-02 4.6695544733665884e-02 0
-4.1205081040970981e-02 -2.7904724818654358e-02 4.8144047148525715e-02 0
-4.1205081040970981e-02 -2.7904724818654358e-02 4.9592549563385546e-02 0
-4.1205081040970981e-02 -2.7904724818654358e-02 5.1041051978245378e-02 0
-4.1205081040970981e-02 -2.6408434379845858e-02 3.6556027829647064e-02 0
-4.1205081040970981e-02 -2.6408434379845858e-02 3.8004530244506896e-02 0
-4.1205081040970981e-02 -2.6408434379845858e-02 3.9453032659366727e-02 0
-4.1205081040970981e-02 -2.6408434379845858e-02 4.0901535074226558e-02 0
-4.1205081040970981e-02 -2.6408434379845858e-02 4.2350037489086390e-02 0
-4.1205081040970981e-02 -2.6408434379845858e-02 4.3798539903946221e-02 0
-4.1205081040970981e-02 -2.6408434379845858e-02 4.5247042318806052e-02 0
-4.1205081040970981e-02 -2.6408434379845858e-02 4.6695544733665884e-02 0
-4.1205081040970981e-02 -2.6408434379845858e-02 4.8144047148525715e-02 0
-4.1205081040970981e-02 -2.6408434379845858e-02 4.9592549563385546e-02 0
-4.1205081040970981e-02 -2.6408434379845858e-02 5.1041051978245378e-02 0
-4.1205081040970981e-02 -2.4912143941037357e-02 3.6556027829647064e-02 0
-4.1205081040970981e-02 -2.4912143941037357e-02 3.8004530244506896e-02 0
-4.1205081040970981e-02 -2.4912143941037357e-02 3.9453032659366727e-02 0
-4.1205081040970981e-02 -2.4912143941037357e-02 4.0901535074226558e-02 0
-4.1205081040970981e-02 -2.4912143941037357e-02 4.2350037489086390e-02 0
-4.1205081040970981e-02 -2.4912143941037357e-02 4.3798539903946221e-02 0
-4.1205081040970981e-02 -2.4912143941037357e-02 4.5247042318806052e-02 0
-4.1205081040970981e-02 -2.4912143941037357e-02 4.6695544733665884e-02 0
-4.1205081040970981e-02 -2.4912143941037357e-02 4.8144047148525715e-02 0
-4.1205081040970981e-02 -2.4912143941037357e-02 4.9592549563385546e-02 0
-4.1205081040970981e-02 -2.4912143941037357e-02 5.1041051978245378e-02 0
-4.1205081040970981e-02 -2.3415853502228856e-02 3.6556027829647064e-02 0
-4.1205081040970981e-02 -2.3415853502228856e-02 3.8004530244506896e-02 0
-4.1205081040970981e-02 -2.3415853502228856e-02 3.9453032659366727e-02 0
-4.1205081040970981e-02 -2.3415853502228856e-02 4.0901535074226558e-02 0
-4.1205081040970981e-02 -2.3415853502228856e-02 4.2350037489086390e-02 0
-4.1205081040970981e-02 -2.3415853502228856e-02 4.3798539903946221e-02 0
-4.1205081040970981e-02 -2.3415853502228856e-02 4.5247042318806052e-02 0
-4.1205081040970981e-02 -2.3415853502228856e-02 4.6695544733665884e-02 0
-4.1205081040970981e-02 -2.1919563063420355e-02 3.6556027829647064e-02 0
-4.1205081040970981e-02 -2.1919563063420355e-02 3.8004530244506896e-02 0
-4.1205081040970981e-02 -2.1919563063420355e-02 3.9453032659366727e-02 0
-4.1205081040970981e-02 -2.1919563063420355e-02 4.0901535074226558e-02 0
-4.1205081040970981e-02 -2.1919563063420355e-02 4.2350037489086390e-02 0
-4.1205081040970981e-02 -2.1919563063420355e-02 4.3798539903946221e-02 0
-4.1205081040970981e-02 -2.1919563063420355e-02 4.5247042318806052e-02 0
-4.1205081040970981e-02 -2.1919563063420355e-02 4.6695544733665884e-02 0
-4.1205081040970981e-02 -2.0423272624611855e-02 3.6556027829647064e-02 0
-4.1205081040970981e-02 -2.0423272624611855e-02 3.8004530244506896e-02 0
-4.1205081040970981e-02 -2.0423272624611855e-02 3.9453032659366727e-02 0
-4.1205081040970981e-02 -2.0423272624611855e-02 4.0901535074226558e-02 0
-4.1205081040970981e-02 -2.0423272624611855e-02 4.2350037489086390e-02 0
-4.1205081040970981e-02 -2.0423272624611855e-02 4.3798539903946221e-02 0
-4.1205081040970981e-02 -2.0423272624611855e-02 4.5247042318806052e-02 0
-4.1205081040970981e-02 -2.0423272624611855e-02 4.6695544733665884e-02 0
-4.1205081040970981e-02 -1.8926982185803354e-02 3.6556027829647064e-02 0
-4.1205081040970981e-02 -1.8926982185803354e-02 3.8004530244506896e-02 0
-4.1205081040970981e-02 -1.8926982185803354e-02 3.9453032659366727e-02 0
-4.1205081040970981e-02 -1.8926982185803354e-02 4.0901535074226558e-02 0
-4.1205081040970981e-02 -1.8926982185803354e-02 4.2350037489086390e-02 0
-4.1205081040970981e-02 -1.8926982185803354e-02 4.3798539903946221e-02 0
-4.1205081040970981e-02 -1.8926982185803354e-02 4.5247042318806052e-02 0
-4.1205081040970981e-02 -1.8926982185803354e-02 4.6695544733665884e-02 0
-4.1205081040970981e-02 -1.7430691746994853e-02 3.6556027829647064e-02 0
-4.1205081040970981e-02 -1.7430691746994853e-02 3.8004530244506896e-02 0
-4.1205081040970981e-02 -1.7430691746994853e-02 3.9453032659366727e-02 0
-4.1205081040970981e-02 -1.7430691746994853e-02 4.0901535074226558e-02 0
-4.1205081040970981e-02 -1.7430691746994853e-02 4.2350037489086390e-02 0
-4.1205081040970981e-02 -1.7430691746994853e-02 4.3798539903946221e-02 0
-4.1205081040970981e-02 -1.7430691746994853e-02 4.5247042318806052e-02 0
-4.1205081040970981e-02 -1.7430691746994853e-02 4.6695544733665884e-02 0
-4.1205081040970981e-02 -1.5934401308186352e-02 3.6556027829647064e-02 0
-4.1205081040970981e-02 -1.5934401308186352e-02 3.8004530244506896e-02 0
-4.1205081040970981e-02 -1.5934401308186352e-02 3.9453032659366727e-02 0
-4.1205081040970981e-02 -1.5934401308186352e-02 4.0901535074226558e-02 0
-4.1205081040970981e-02 -1.5934401308186352e-02 4.2350037489086390e-02 0
-4.1205081040970981e-02 -1.5934401308186352e-02 4.3798539903946221e-02 0
-4.1205081040970981e-02 -1.5934401308186352e-02 4.5247042318806052e-02 0
-4.1205081040970981e-02 -1.5934401308186352e-02 4.6695544733665884e-02 0
-4.1205081040970981e-02 -1.4438110869377851e-02 3.6556027829647064e-02 0
-4.1205081040970981e-02 -1.4438110869377851e-02 3.8004530244506896e-02 0
-4.1205081040970981e-02 -1.4438110869377851e-02 3.9453032659366727e-02 0
-4.1205081040970981e-02 -1.4438110869377851e-02 4.0901535074226558e-02 0
-4.1205081040970981e-02 -1.4438110869377851e-02 4.2350037489086390e-02 0
-4.1205081040970981e-02 -1.4438110869377851e-02 4.3798539903946221e-02 0
-4.1205081040970981e-02 -1.4438110869377851e-02 4.5247042318806052e-02 0
-4.1205081040970981e-02 -1.4438110869377851e-02 4.6695544733665884e-02 0
-4.1205081040970981e-02 -1.2941820430569351e-02 3.6556027829647064e-02 0
-4.1205081040970981e-02 -1.2941820430569351e-02 3.8004530244506896e-02 0
-4.1205081040970981e-02 -1.2941820430569351e-02 3.9453032659366727e-02 0
-4.1205081040970981e-02 -1.2941820430569351e-02 4.0901535074226558e-02 0
-4.1205081040970981e-02 -1.2941820430569351e-02 4.2350037489086390e-02 0
-4.1205081040970981e-02 -1.2941820430569351e-02 4.3798539903946221e-02 0
-4.1205081040970981e-02 -1.2941820430569351e-02 4.5247042318806052e-02 0
-4.1205081040970981e-02 -1.2941820430569351e-02 4.6695544733665884e-02 0
-4.1205081040970981e-02 -1.1445529991760850e-02 3.6556027829647064e-02 0
-4.1205081040970981e-02 -1.1445529991760850e-02 3.8004530244506896e-02 0
-4.1205081040970981e-02 -1.1445529991760850e-02 3.9453032659366727e-02 0
-4.1205081040970981e-02 -1.1445529991760850e-02 4.0901535074226558e-02 0
-4.1205081040970981e-02 -1.1445529991760850e-02 4.2350037489086390e-02 0
-4.1205081040970981e-02 -1.1445529991760850e-02 4.3798539903946221e-02 0
-4.1205081040970981e-02 -1.1445529991760850e-02 4.5247042318806052e-02 0
-4.1205081040970981e-02 -1.1445529991760850e-02 4.6695544733665884e-02 0
-4.1205081040970981e-02 -9.9492395529523492e-03 3.6556027829647064e-02 0
-4.1205081040970981e-02 -9.9492395529523492e-03 3.8004530244506896e-02 0
-4.1205081040970981e-02 -9.9492395529523492e-03 3.9453032659366727e-02 0
-4.1205081040970981e-02 -9.9492395529523492e-03 4.0901535074226558e-02 0
-4.1205081040970981e-02 -9.9492395529523492e-03 4.2350037489086390e-02 0
-4.1205081040970981e-02 -9.9492395529523492e-03 4.3798539903946221e-02 0
-4.1205081040970981e-02 -9.9492395529523492e-03 4.5247042318806052e-02 0
-4.1205081040970981e-02 -9.9492395529523492e-03 4.6695544733665884e-02 0
-4.1205081040970981e-02 -8.4529491141438484e-03 3.6556027829647064e-02 0
-4.1205081040970981e-02 -8.4529491141438484e-03 3.8004530244506896e-02 0
-4.1205081040970981e-02 -8.4529491141438484e-03 3.9453032659366727e-02 0
-4.1205081040970981e-02 -8.4529491141438484e-03 4.0901535074226558e-02 0
-4.1205081040970981e-02 -8.4529491141438484e-03 4.2350037489086390e-02 0
-4.1205081040970981e-02 -8.4529491141438484e-03 4.3798539903946221e-02 0
-4.1205081040970981e-02 -8.4529491141438484e-03 4.5247042318806052e-02 0
-4.1205081040970981e-02 -8.4529491141438484e-03 4.6695544733665884e-02 0
-4.1205081040970981e-02 -6.9566586753353477e-03 3.6556027829647064e-02 0
-4.1205081040970981e-02 -6.9566586753353477e-03 3.8004530244506896e-02 0
-4.1205081040970981e-02 -6.9566586753353477e-03 3.9453032659366727e-02 0
-4.1205081040970981e-02 -6.9566586753353477e-03 4.0901535074226558e-02 0
-4.1205081040970981e-02 -6.9566586753353477e-03 4.2350037489086390e-02 0
-4.1205081040970981e-02 -6.9566586753353477e-03 4.3798539903946221e-02 0
-4.1205081040970981e-02 -6.9566586753353477e-03 4.5247042318806052e-02 0
-4.1205081040970981e-02 -6.9566586753353477e-03 4.6695544733665884e-02 0
-4.1205081040970981e-02 -5.4603682365268469e-03 3.6556027829647064e-02 0
-4.1205081040970981e-02 -5.4603682365268469e-03 3.8004530244506896e-02 0
-4.1205081040970981e-02 -5.4603682365268469e-03 3.9453032659366727e-02 0
-4.1205081040970981e-02 -5.4603682365268469e-03 4.0901535074226558e-02 0
-4.1205081040970981e-02 -5.4603682365268469e-03 4.2350037489086390e-02 0
-4.1205081040970981e-02 -5.4603682365268469e-03 4.3798539903946221e-02 0
-4.1205081040970981e-02 -5.4603682365268469e-03 4.5247042318806052e-02 0
-4.1205081040970981e-02 -5.4603682365268469e-03 4.6695544733665884e-02 0
-4.1205081040970981e-02 -3.9640777977183461e-03 3.6556027829647064e-02 0
-4.1205081040970981e-02 -3.9640777977183461e-03 3.8004530244506896e-02 0
-4.1205081040970981e-02 -3.9640777977183461e-03 3.9453032659366727e-02 0
-4.1205081040970981e-02 -3.9640777977183461e-03 4.0901535074226558e-02 0
-4.1205081040970981e-02 -3.9640777977183461e-03 4.2350037489086390e-02 0
-4.1205081040970981e-02 -3.9640777977183461e-03 4.3798539903946221e-02 0
-4.1205081040970981e-02 -3.9640777977183461e-03 4.5247042318806052e-02 0
-4.1205081040970981e-02 -3.9640777977183461e-03 4.6695544733665884e-02 0
-4.1205081040970981e-02 -2.4677873589098454e-03 3.6556027829647064e-02 0
-4.1205081040970981e-02 -2.4677873589098454e-03 3.8004530244506896e-02 0
-4.1205081040970981e-02 -2.4677873589098454e-03 3.9453032659366727e-02 0
-4.1205081040970981e-02 -2.4677873589098454e-03 4.0901535074226558e-02 0
-4.1205081040970981e-02 -2.4677873589098454e-03 4.2350037489086390e-02 0
-4.1205081040970981e-02 -2.4677873589098454e-03 4.3798539903946221e-02 0
-4.1205081040970981e-02 -2.4677873589098454e-03 4.5247042318806052e-02 0
-4.1205081040970981e-02 -2.4677873589098454e-03 4.6695544733665884e-02 0
-4.1205081040970981e-02 -9.7149692010134459e-04 3.6556027829647064e-02 0
-4.1205081040970981e-02 -9.7149692010134459e-04 3.8004530244506896e-02 0
-4.1205081040970981e-02 -9.7149692010134459e-04 3.9453032659366727e-02 0
-4.1205081040970981e-02 -9.7149692010134459e-04 4.0901535074226558e-02 0
-4.1205081040970981e-02 -9.7149692010134459e-04 4.2350037489086390e-02 0
-4.1205081040970981e-02 -9.7149692010134459e-04 4.3798539903946221e-02 0
-4.1205081040970981e-02 -9.7149692010134459e-04 4.5247042318806052e-02 0
-4.1205081040970981e-02 -9.7149692010134459e-04 4.6695544733665884e-02 0
-4.1205081040970981e-02 5.2479351870715618e-04 3.6556027829647064e-02 0
-4.1205081040970981e-02 5.2479351870715618e-04 3.8004530244506896e-02 0
-4.1205081040970981e-02 5.2479351870715618e-04 3.9453032659366727e-02 0
-4.1205081040970981e-02 5.2479351870715618e-04 4.0901535074226558e-02 0
-4.1205081040970981e-02 5.2479351870715618e-04 4.2350037489086390e-02 0
-4.1205081040970981e-02 5.2479351870715618e-04 4.3798539903946221e-02 0
-4.1205081040970981e-02 5.2479351870715618e-04 4.5247042318806052e-02 0
-4.1205081040970981e-02 5.2479351870715618e-04 4.6695544733665884e-02 0
-4.1205081040970981e-02 2.0210839575156569e-03 3.6556027829647064e-02 0
-4.1205081040970981e-02 2.0210839575156569e-03 3.8004530244506896e-02 0
-4.1205081040970981e-02 2.0210839575156569e-03 3.9453032659366727e-02 0
-4.1205081040970981e-02 2.0210839575156569e-03 4.0901535074226558e-02 0
-4.1205081040970981e-02 2.0210839575156569e-03 4.2350037489086390e-02 0
-4.1205081040970981e-02 2.0210839575156569e-03 4.3798539903946221e-02 0
-4.1205081040970981e-02 2.0210839575156569e-03 4.5247042318806052e-02 0
-4.1205081040970981e-02 2.0210839575156569e-03 4.6695544733665884e-02 0
-4.1205081040970981e-02 3.5173743963241577e-03 3.6556027829647064e-02 0
-4.1205081040970981e-02 3.5173743963241577e-03 3.8004530244506896e-02 0
-4.1205081040970981e-02 3.5173743963241577e-03 3.9453032659366727e-02 0
-4.1205081040970981e-02 3.5173743963241577e-03 4.0901535074226558e-02 0
-4.1205081040970981e-02 3.5173743963241577e-03 4.2350037489086390e-02 0
-4.1205081040970981e-02 3.5173743963241577e-03 4.3798539903946221e-02 0
-4.1205081040970981e-02 3.5173743963241577e-03 4.5247042318806052e-02 0
-4.1205081040970981e-02 3.5173743963241577e-03 4.6695544733665884e-02 0
-4.1205081040970981e-02 5.0136648351326585e-03 3.6556027829647064e-02 0
-4.1205081040970981e-02 5.0136648351326585e-03 3.8004530244506896e-02 0
-4.1205081040970981e-02 5.0136648351326585e-03 3.9453032659366727e-02 0
-4.1205081040970981e-02 5.0136648351326585e-03 4.0901535074226558e-02 0
-4.1205081040970981e-02 5.0136648351326585e-03 4.2350037489086390e-02 0
-4.1205081040970981e-02 5.0136648351326585e-03 4.3798539903946221e-02 0
-4.1205081040970981e-02 5.0136648351326585e-03 4.5247042318806052e-02 0
-4.1205081040970981e-02 5.0136648351326585e-03 4.6695544733665884e-02 0
-4.1205081040970981e-02 6.5099552739411592e-03 3.6556027829647064e-02 0
-4.1205081040970981e-02 6.5099552739411592e-03 3.8004530244506896e-02 0
-4.1205081040970981e-02 6.5099552739411592e-03 3.9453032659366727e-02 0
-4.1205081040970981e-02 6.5099552739411592e-03 4.0901535074226558e-02 0
-4.1205081040970981e-02 6.5099552739411592e-03 4.2350037489086390e-02 0
-4.1205081040970981e-02 6.5099552739411592e-03 4.3798539903946221e-02 0
-4.1205081040970981e-02 6.5099552739411592e-03 4.5247042318806052e-02 0
-4.1205081040970981e-02 6.5099552739411592e-03 4.6695544733665884e-02 0
-4.1205081040970981e-02 8.0062457127496600e-03 3.6556027829647064e-02 0
-4.1205081040970981e-02 8.0062457127496600e-03 3.8004530244506896e-02 0
-4.1205081040970981e-02 8.0062457127496600e-03 3.9453032659366727e-02 0
-4.1205081040970981e-02 8.0062457127496600e-03 4.0901535074226558e-02 0
-4.1205081040970981e-02 8.0062457127496600e-03 4.2350037489086390e-02 0
-4.1205081040970981e-02 8.0062457127496600e-03 4.3798539903946221e-02 0
-4.1205081040970981e-02 8.0062457127496600e-03 4.5247042318806052e-02 0
-4.1205081040970981e-02 8.0062457127496600e-03 4.6695544733665884e-02 0
-4.1205081040970981e-02 9.5025361515581608e-03 3.6556027829647064e-02 0
-4.1205081040970981e-02 9.5025361515581608e-03 3.8004530244506896e-02 0
-4.1205081040970981e-02 9.5025361515581608e-03 3.9453032659366727e-02 0
-4.1205081040970981e-02 9.5025361515581608e-03 4.0901535074226558e-02 0
-4.1205081040970981e-02 9.5025361515581608e-03 4.2350037489086390e-02 0
-4.1205081040970981e-02 9.5025361515581608e-03 4.3798539903946221e-02 0
-4.1205081040970981e-02 9.5025361515581608e-03 4.5247042318806052e-02 0
-4.1205081040970981e-02 9.5025361515581608e-03 4.6695544733665884e-02 0
-4.1205081040970981e-02 1.0998826590366662e-02 3.6556027829647064e-02 0
-4.1205081040970981e-02 1.0998826590366662e-02 3.8004530244506896e-02 0
-4.1205081040970981e-02 1.0998826590366662e-02 3.9453032659366727e-02 0
-4.1205081040970981e-02 1.0998826590366662e-02 4.0901535074226558e-02 0
-4.1205081040970981e-02 1.0998826590366662e-02 4.2350037489086390e-02 0
-4.1205081040970981e-02 1.0998826590366662e-02 4.3798539903946221e-02 0
-4.1205081040970981e-02 1.0998826590366662e-02 4.5247042318806052e-02 0
-4.1205081040970981e-02 1.0998826590366662e-02 4.6695544733665884e-02 0
-4.1205081040970981e-02 1.2495117029175162e-02 3.6556027829647064e-02 0
-4.1205081040970981e-02 1.2495117029175162e-02 3.8004530244506896e-02 0
-4.1205081040970981e-02 1.2495117029175162e-02 3.9453032659366727e-02 0
-4.1205081040970981e-02 1.2495117029175162e-02 4.0901535074226558e-02 0
-4.1205081040970981e-02 1.2495117029175162e-02 4.2350037489086390e-02 0
-4.1205081040970981e-02 1.2495117029175162e-02 4.3798539903946221e-02 0
-4.1205081040970981e-02 1.2495117029175162e-02 4.5247042318806052e-02 0
-4.1205081040970981e-02 1.2495117029175162e-02 4.6695544733665884e-02 0
-4.1205081040970981e-02 1.3991407467983663e-02 3.6556027829647064e-02 0
-4.1205081040970981e-02 1.3991407467983663e-02 3.8004530244506896e-02 0
-4.1205081040970981e-02 1.3991407467983663e-02 3.9453032659366727e-02 0
-4.1205081040970981e-02 1.3991407467983663e-02 4.0901535074226558e-02 0
-4.1205081040970981e-02 1.3991407467983663e-02 4.2350037489086390e-02 0
-4.1205081040970981e-02 1.3991407467983663e-02 4.3798539903946221e-02 0
-4.1205081040970981e-02 1.3991407467983663e-02 4.5247042318806052e-02 0
-4.1205081040970981e-02 1.3991407467983663e-02 4.6695544733665884e-02 0
-4.1205081040970981e-02 1.5487697906792164e-02 3.6556027829647064e-02 0
-4.1205081040970981e-02 1.5487697906792164e-02 3.8004530244506896e-02 0
-4.1205081040970981e-02 1.5487697906792164e-02 3.9453032659366727e-02 0
-4.1205081040970981e-02 1.5487697906792164e-02 4.0901535074226558e-02 0
-4.1205081040970981e-02 1.5487697906792164e-02 4.2350037489086390e-02 0
-4.1205081040970981e-02 1.5487697906792164e-02 4.3798539903946221e-02 0
-4.1205081040970981e-02 1.5487697906792164e-02 4.5247042318806052e-02 0
-4.1205081040970981e-02 1.5487697906792164e-02 4.6695544733665884e-02 0
-4.1205081040970981e-02 1.6983988345600665e-02 3.6556027829647064e-02 0
-4.1205081040970981e-02 1.6983988345600665e-02 3.8004530244506896e-02 0
-4.1205081040970981e-02 1.6983988345600665e-02 3.9453032659366727e-02 0
-4.1205081040970981e-02 1.6983988345600665e-02 4.0901535074226558e-02 0
-4.1205081040970981e-02 1.6983988345600665e-02 4.2350037489086390e-02 0
-4.1205081040970981e-02 1.6983988345600665e-02 4.3798539903946221e-02 0
-4.1205081040970981e-02 1.6983988345600665e-02 4.5247042318806052e-02 0
-4.1205081040970981e-02 1.6983988345600665e-02 4.6695544733665884e-02 0
-4.1205081040970981e-02 1.8480278784409165e-02 3.6556027829647064e-02 0
-4.1205081040970981e-02 1.8480278784409165e-02 3.8004530244506896e-02 0
-4.1205081040970981e-02 1.8480278784409165e-02 3.9453032659366727e-02 0
-4.1205081040970981e-02 1.8480278784409165e-02 4.0901535074226558e-02 0
-4.1205081040970981e-02 1.8480278784409165e-02 4.2350037489086390e-02 0
-4.1205081040970981e-02 1.8480278784409165e-02 4.3798539903946221e-02 0
-4.1205081040970981e-02 1.8480278784409165e-02 4.5247042318806052e-02 0
-4.1205081040970981e-02 1.8480278784409165e-02 4.6695544733665884e-02 0
-4.1205081040970981e-02 1.9976569223217666e-02 3.6556027829647064e-02 0
-4.1205081040970981e-02 1.9976569223217666e-02 3.8004530244506896e-02 0
-4.1205081040970981e-02 1.9976569223217666e-02 3.9453032659366727e-02 0
-4.1205081040970981e-02 1.9976569223217666e-02 4.0901535074226558e-02 0
-4.1205081040970981e-02 1.9976569223217666e-02 4.2350037489086390e-02 0
-4.1205081040970981e-02 1.9976569223217666e-02 4.3798539903946221e-02 0
-4.1205081040970981e-02 1.9976569223217666e-02 4.5247042318806052e-02 0
-4.1205081040970981e-02 1.9976569223217666e-02 4.6695544733665884e-02 0
-4.1205081040970981e-02 2.1472859662026167e-02 3.6556027829647064e-02 0
-4.1205081040970981e-02 2.1472859662026167e-02 3.8004530244506896e-02 0
-4.1205081040970981e-02 2.1472859662026167e-02 3.9453032659366727e-02 0
-4.1205081040970981e-02 2.1472859662026167e-02 4.0901535074226558e-02 0
-4.1205081040970981e-02 2.1472859662026167e-02 4.2350037489086390e-02 0
-4.1205081040970981e-02 2.1472859662026167e-02 4.3798539903946221e-02 0
-4.1205081040970981e-02 2.1472859662026167e-02 4.5247042318806052e-02 0
-4.1205081040970981e-02 2.1472859662026167e-02 4.6695544733665884e-02 0
-3.9721432607620955e-02 -4.4363919645547867e-02 3.6556027829647064e-02 0
-3.9721432607620955e-02 -4.2867629206739366e-02 3.6556027829647064e-02 0
-3.9721432607620955e-02 -4.4363919645547867e-02 3.8004530244506896e-02 0
-3.9721432607620955e-02 -4.2867629206739366e-02 3.8004530244506896e-02 0
-3.9721432607620955e-02 -4.4363919645547867e-02 3.9453032659366727e-02 0
-3.9721432607620955e-02 -4.2867629206739366e-02 3.9453032659366727e-02 0
-3.9721432607620955e-02 -4.4363919645547867e-02 4.0901535074226558e-02 0
-3.9721432607620955e-02 -4.2867629206739366e-02 4.0901535074226558e-02 0
-3.9721432607620955e-02 -4.4363919645547867e-02 4.2350037489086390e-02 0
-3.9721432607620955e-02 -4.2867629206739366e-02 4.2350037489086390e-02 0
-3.9721432607620955e-02 -4.4363919645547867e-02 4.3798539903946221e-02 0
-3.9721432607620955e-02 -4.2867629206739366e-02 4.3798539903946221e-02 0
-3.9721432607620955e-02 -4.4363919645547867e-02 4.5247042318806052e-02 0
-3.9721432607620955e-02 -4.2867629206739366e-02 4.5247042318806052e-02 0
-3.9721432607620955e-02 -4.4363919645547867e-02 4.6695544733665884e-02 0
-3.9721432607620955e-02 -4.2867629206739366e-02 4.6695544733665884e-02 0
-3.9721432607620955e-02 -4.4363919645547867e-02 4.8144047148525715e-02 0
-3.9721432607620955e-02 -4.2867629206739366e-02 4.8144047148525715e-02 0
-3.9721432607620955e-02 -4.4363919645547867e-02 4.9592549563385546e-02 0
-3.9721432607620955e-02 -4.2867629206739366e-02 4.9592549563385546e-02 0
-3.9721432607620955e-02 -4.4363919645547867e-02 5.1041051978245378e-02 0
-3.9721432607620955e-02 -4.2867629206739366e-02 5.1041051978245378e-02 0
-3.9721432607620955e-02 -4.1371338767930865e-02 3.6556027829647064e-02 0
-3.9721432607620955e-02 -4.1371338767930865e-02 3.8004530244506896e-02 0
-3.9721432607620955e-02 -4.1371338767930865e-02 3.9453032659366727e-02 0
-3.9721432607620955e-02 -4.1371338767930865e-02 4.0901535074226558e-02 0
-3.9721432607620955e-02 -4.1371338767930865e-02 4.2350037489086390e-02 0
-3.9721432607620955e-02 -4.1371338767930865e-02 4.3798539903946221e-02 0
-3.9721432607620955e-02 -4.1371338767930865e-02 4.5247042318806052e-02 0
-3.9721432607620955e-02 -4.1371338767930865e-02 4.6695544733665884e-02 0
-3.9721432607620955e-02 -4.1371338767930865e-02 4.8144047148525715e-02 0
-3.9721432607620955e-02 -4.1371338767930865e-02 4.9592549563385546e-02 0
-3.9721432607620955e-02 -4.1371338767930865e-02 5.1041051978245378e-02 0
-3.9721432607620955e-02 -3.9875048329122365e-02 3.6556027829647064e-02 0
-3.9721432607620955e-02 -3.9875048329122365e-02 3.8004530244506896e-02 0
-3.9721432607620955e-02 -3.9875048329122365e-02 3.9453032659366727e-02 0
-3.9721432607620955e-02 -3.9875048329122365e-02 4.0901535074226558e-02 0
-3.9721432607620955e-02 -3.9875048329122365e-02 4.2350037489086390e-02 0
-3.9721432607620955e-02 -3.9875048329122365e-02 4.3798539903946221e-02 0
-3.9721432607620955e-02 -3.9875048329122365e-02 4.5247042318806052e-02 0
-3.9721432607620955e-02 -3.9875048329122365e-02 4.6695544733665884e-02 0
-3.9721432607620955e-02 -3.9875048329122365e-02 4.8144047148525715e-02 0
-3.9721432607620955e-02 -3.9875048329122365e-02 4.9592549563385546e-02 0
-3.9721432607620955e-02 -3.9875048329122365e-02 5.1041051978245378e-02 0
-3.9721432607620955e-02 -3.8378757890313864e-02 3.6556027829647064e-02 0
-3.9721432607620955e-02 -3.8378757890313864e-02 3.8004530244506896e-02 0
-3.9721432607620955e-02 -3.8378757890313864e-02 3.9453032659366727e-02 0
-3.9721432607620955e-02 -3.8378757890313864e-02 4.0901535074226558e-02 0
-3.9721432607620955e-02 -3.8378757890313864e-02 4.2350037489086390e-02 0
-3.9721432607620955e-02 -3.8378757890313864e-02 4.3798539903946221e-02 0
-3.9721432607620955e-02 -3.8378757890313864e-02 4.5247042318806052e-02 0
-3.9721432607620955e-02 -3.8378757890313864e-02 4.6695544733665884e-02 0
-3.9721432607620955e-02 -3.8378757890313864e-02 4.8144047148525715e-02 0
-3.9721432607620955e-02 -3.8378757890313864e-02 4.9592549563385546e-02 0
-3.9721432607620955e-02 -3.8378757890313864e-02 5.1041051978245378e-02 0
-3.9721432607620955e-02 -3.6882467451505363e-02 3.6556027829647064e-02 0
-3.9721432607620955e-02 -3.6882467451505363e-02 3.8004530244506896e-02 0
-3.9721432607620955e-02 -3.6882467451505363e-02 3.9453032659366727e-02 0
-3.9721432607620955e-02 -3.6882467451505363e-02 4.0901535074226558e-02 0
-3.9721432607620955e-02 -3.6882467451505363e-02 4.2350037489086390e-02 0
-3.9721432607620955e-02 -3.6882467451505363e-02 4.3798539903946221e-02 0
-3.9721432607620955e-02 -3.6882467451505363e-02 4.5247042318806052e-02 0
-3.9721432607620955e-02 -3.6882467451505363e-02 4.6695544733665884e-02 0
-3.9721432607620955e-02 -3.6882467451505363e-02 4.8144047148525715e-02 0
-3.9721432607620955e-02 -3.6882467451505363e-02 4.9592549563385546e-02 0
-3.9721432607620955e-02 -3.6882467451505363e-02 5.1041051978245378e-02 0
-3.9721432607620955e-02 -3.5386177012696862e-02 3.6556027829647064e-02 0
-3.9721432607620955e-02 -3.5386177012696862e-02 3.8004530244506896e-02 0
-3.9721432607620955e-02 -3.5386177012696862e-02 3.9453032659366727e-02 0
-3.9721432607620955e-02 -3.5386177012696862e-02 4.0901535074226558e-02 0
-3.9721432607620955e-02 -3.5386177012696862e-02 4.2350037489086390e-02 0
-3.9721432607620955e-02 -3.5386177012696862e-02 4.3798539903946221e-02 0
-3.9721432607620955e-02 -3.5386177012696862e-02 4.5247042318806052e-02 0
-3.9721432607620955e-02 -3.5386177012696862e-02 4.6695544733665884e-02 0
-3.9721432607620955e-02 -3.5386177012696862e-02 4.8144047148525715e-02 0
-3.9721432607620955e-02 -3.5386177012696862e-02 4.9592549563385546e-02 0
-3.9721432607620955e-02 -3.5386177012696862e-02 5.1041051978245378e-02 0
-3.9721432607620955e-02 -3.3889886573888361e-02 3.6556027829647064e-02 0
-3.9721432607620955e-02 -3.3889886573888361e-02 3.8004530244506896e-02 0
-3.9721432607620955e-02 -3.3889886573888361e-02 3.9453032659366727e-02 0
-3.9721432607620955e-02 -3.3889886573888361e-02 4.0901535074226558e-02 0
-3.9721432607620955e-02 -3.3889886573888361e-02 4.2350037489086390e-02 0
-3.9721432607620955e-02 -3.3889886573888361e-02 4.3798539903946221e-02 0
-3.9721432607620955e-02 -3.3889886573888361e-02 4.5247042318806052e-02 0
-3.9721432607620955e-02 -3.3889886573888361e-02 4.6695544733665884e-02 0
-3.9721432607620955e-02 -3.3889886573888361e-02 4.8144047148525715e-02 0
-3.9721432607620955e-02 -3.3889886573888361e-02 4.9592549563385546e-02 0
-3.9721432607620955e-02 -3.3889886573888361e-02 5.1041051978245378e-02 0
-3.9721432607620955e-02 -3.2393596135079861e-02 3.6556027829647064e-02 0
-3.9721432607620955e-02 -3.2393596135079861e-02 3.8004530244506896e-02 0
-3.9721432607620955e-02 -3.2393596135079861e-02 3.9453032659366727e-02 0
-3.9721432607620955e-02 -3.2393596135079861e-02 4.0901535074226558e-02 0
-3.9721432607620955e-02 -3.2393596135079861e-02 4.2350037489086390e-02 0
-3.9721432607620955e-02 -3.2393596135079861e-02 4.3798539903946221e-02 0
-3.9721432607620955e-02 -3.2393596135079861e-02 4.5247042318806052e-02 0
-3.9721432607620955e-02 -3.2393596135079861e-02 4.6695544733665884e-02 0
-3.9721432607620955e-02 -3.2393596135079861e-02 4.8144047148525715e-02 0
-3.9721432607620955e-02 -3.2393596135079861e-02 4.9592549563385546e-02 0
-3.9721432607620955e-02 -3.2393596135079861e-02 5.1041051978245378e-02 0
-3.9721432607620955e-02 -3.0897305696271360e-02 3.6556027829647064e-02 0
-3.9721432607620955e-02 -3.0897305696271360e-02 3.8004530244506896e-02 0
-3.9721432607620955e-02 -3.0897305696271360e-02 3.9453032659366727e-02 0
-3.9721432607620955e-02 -3.0897305696271360e-02 4.0901535074226558e-02 0
-3.9721432607620955e-02 -3.0897305696271360e-02 4.2350037489086390e-02 0
-3.9721432607620955e-02 -3.0897305696271360e-02 4.3798539903946221e-02 0
-3.9721432607620955e-02 -3.0897305696271360e-02 4.5247042318806052e-02 0
-3.9721432607620955e-02 -3.0897305696271360e-02 4.6695544733665884e-02 0
-3.9721432607620955e-02 -3.0897305696271360e-02 4.8144047148525715e-02 0
-3.9721432607620955e-02 -3.0897305696271360e-02 4.9592549563385546e-02 0
-3.9721432607620955e-02 -3.0897305696271360e-02 5.1041051978245378e-02 0
-3.9721432607620955e-02 -2.9401015257462859e-02 3.6556027829647064e-02 0
-3.9721432607620955e-02 -2.9401015257462859e-02 3.8004530244506896e-02 0
-3.9721432607620955e-02 -2.9401015257462859e-02 3.9453032659366727e-02 0
-3.9721432607620955e-02 -2.9401015257462859e-02 4.0901535074226558e-02 0
-3.9721432607620955e-02 -2.9401015257462859e-02 4.2350037489086390e-02 0
-3.9721432607620955e-02 -2.9401015257462859e-02 4.3798539903946221e-02 0
-3.9721432607620955e-02 -2.9401015257462859e-02 4.5247042318806052e-02 0
-3.9721432607620955e-02 -2.9401015257462859e-02 4.6695544733665884e-02 0
-3.9721432607620955e-02 -2.9401015257462859e-02 4.8144047148525715e-02 0
-3.9721432607620955e-02 -2.9401015257462859e-02 4.9592549563385546e-02 0
-3.9721432607620955e-02 -2.9401015257462859e-02 5.1041051978245378e-02 0
-3.9721432607620955e-02 -2.7904724818654358e-02 3.6556027829647064e-02 0
-3.9721432607620955e-02 -2.7904724818654358e-02 3.8004530244506896e-02 0
-3.9721432607620955e-02 -2.7904724818654358e-02 3.9453032659366727e-02 0
-3.9721432607620955e-02 -2.7904724818654358e-02 4.0901535074226558e-02 0
-3.9721432607620955e-02 -2.7904724818654358e-02 4.2350037489086390e-02 0
-3.9721432607620955e-02 -2.7904724818654358e-02 4.3798539903946221e-02 0
-3.9721432607620955e-02 -2.7904724818654358e-02 4.5247042318806052e-02 0
-3.9721432607620955e-02 -2.7904724818654358e-02 4.6695544733665884e-02 0
-3.9721432607620955e-02 -2.7904724818654358e-02 4.8144047148525715e-02 0
-3.9721432607620955e-02 -2.7904724818654358e-02 4.9592549563385546e-02 0
-3.9721432607620955e-02 -2.7904724818654358e-02 5.1041051978245378e-02 0
-3.9721432607620955e-02 -2.6408434379845858e-02 3.6556027829647064e-02 0
-3.9721432607620955e-02 -2.6408434379845858e-02 3.8004530244506896e-02 0
-3.9721432607620955e-02 -2.6408434379845858e-02 3.9453032659366727e-02 0
-3.9721432607620955e-02 -2.6408434379845858e-02 4.0901535074226558e-02 0
-3.9721432607620955e-02 -2.6408434379845858e-02 4.2350037489086390e-02 0
-3.9721432607620955e-02 -2.6408434379845858e-02 4.3798539903946221e-02 0
-3.9721432607620955e-02 -2.6408434379845858e-02 4.5247042318806052e-02 0
-3.9721432607620955e-02 -2.6408434379845858e-02 4.6695544733665884e-02 0
-3.9721432607620955e-02 -2.6408434379845858e-02 4.8144047148525715e-02 0
-3.9721432607620955e-02 -2.6408434379845858e-02 4.9592549563385546e-02 0
-3.9721432607620955e-02 -2.6408434379845858e-02 5.1041051978245378e-02 0
-3.9721432607620955e-02 -2.4912143941037357e-02 3.6556027829647064e-02 0
-3.9721432607620955e-02 -2.4912143941037357e-02 3.8004530244506896e-02 0
-3.9721432607620955e-02 -2.4912143941037357e-02 3.9453032659366727e-02 0
-3.9721432607620955e-02 -2.4912143941037357e-02 4.0901535074226558e-02 0
-3.9721432607620955e-02 -2.4912143941037357e-02 4.2350037489086390e-02 0
-3.9721432607620955e-02 -2.4912143941037357e-02 4.3798539903946221e-02 0
-3.9721432607620955e-02 -2.4912143941037357e-02 4.5247042318806052e-02 0
-3.9721432607620955e-02 -2.4912143941037357e-02 4.6695544733665884e-02 0
-3.9721432607620955e-02 -2.4912143941037357e-02 4.8144047148525715e-02 0
-3.9721432607620955e-02 -2.4912143941037357e-02 4.9592549563385546e-02 0
-3.9721432607620955e-02 -2.4912143941037357e-02 5.1041051978245378e-02 0
-3.9721432607620955e-02 -2.3415853502228856e-02 3.6556027829647064e-02 0
-3.9721432607620955e-02 -2.3415853502228856e-02 3.8004530244506896e-02 0
-3.9721432607620955e-02 -2.3415853502228856e-02 3.9453032659366727e-02 0
-3.9721432607620955e-02 -2.3415853502228856e-02 4.0901535074226558e-02 0
-3.9721432607620955e-02 -2.3415853502228856e-02 4.2350037489086390e-02 0
-3.9721432607620955e-02 -2.3415853502228856e-02 4.3798539903946221e-02 0
-3.9721432607620955e-02 -2.3415853502228856e-02 4.5247042318806052e-02 0
-3.9721432607620955e-02 -2.3415853502228856e-02 4.6695544733665884e-02 0
-3.9721432607620955e-02 -2.1919563063420355e-02 3.6556027829647064e-02 0
-3.9721432607620955e-02 -2.1919563063420355e-02 3.8004530244506896e-02 0
-3.9721432607620955e-02 -2.1919563063420355e-02 3.9453032659366727e-02 0
-3.9721432607620955e-02 -2.1919563063420355e-02 4.0901535074226558e-02 0
-3.9721432607620955e-02 -2.1919563063420355e-02 4.2350037489086390e-02 0
-3.9721432607620955e-02 -2.1919563063420355e-02 4.3798539903946221e-02 0
-3.9721432607620955e-02 -2.1919563063420355e-02 4.5247042318806052e-02 0
-3.9721432607620955e-02 -2.1919563063420355e-02 4.6695544733665884e-02 0
-3.9721432607620955e-02 -2.0423272624611855e-02 3.6556027829647064e-02 0
-3.9721432607620955e-02 -2.0423272624611855e-02 3.8004530244506896e-02 0
-3.9721432607620955e-02 -2.0423272624611855e-02 3.9453032659366727e-02 0
-3.9721432607620955e-02 -2.0423272624611855e-02 4.0901535074226558e-02 0
-3.9721432607620955e-02 -2.0423272624611855e-02 4.2350037489086390e-02 0
-3.9721432607620955e-02 -2.0423272624611855e-02 4.3798539903946221e-02 0
-3.9721432607620955e-02 -2.0423272624611855e-02 4.5247042318806052e-02 0
-3.9721432607620955e-02 -2.0423272624611855e-02 4.6695544733665884e-02 0
-3.9721432607620955e-02 -1.8926982185803354e-02 3.6556027829647064e-02 0
-3.9721432607620955e-02 -1.8926982185803354e-02 3.8004530244506896e-02 0
-3.9721432607620955e-02 -1.8926982185803354e-02 3.9453032659366727e-02 0
-3.9721432607620955e-02 -1.8926982185803354e-02 4.0901535074226558e-02 0
-3.9721432607620955e-02 -1.8926982185803354e-02 4.2350037489086390e-02 0
-3.9721432607620955e-02 -1.8926982185803354e-02 4.3798539903946221e-02 0
-3.9721432607620955e-02 -1.8926982185803354e-02 4.5247042318806052e-02 0
-3.9721432607620955e-02 -1.8926982185803354e-02 4.6695544733665884e-02 0
-3.9721432607620955e-02 -1.7430691746994853e-02 3.6556027829647064e-02 0
-3.9721432607620955e-02 -1.7430691746994853e-02 3.8004530244506896e-02 0
-3.9721432607620955e-02 -1.7430691746994853e-02 3.9453032659366727e-02 0
-3.9721432607620955e-02 -1.7430691746994853e-02 4.0901535074226558e-02 0
-3.9721432607620955e-02 -1.7430691746994853e-02 4.2350037489086390e-02 0
-3.9721432607620955e-02 -1.7430691746994853e-02 4.3798539903946221e-02 0
-3.9721432607620955e-02 -1.7430691746994853e-02 4.5247042318806052e-02 0
-3.9721432607620955e-02 -1.7430691746994853e-02 4.6695544733665884e-02 0
-3.9721432607620955e-02 -1.5934401308186352e-02 3.6556027829647064e-02 0
-3.9721432607620955e-02 -1.5934401308186352e-02 3.8004530244506896e-02 0
-3.9721432607620955e-02 -1.5934401308186352e-02 3.9453032659366727e-02 0
-3.9721432607620955e-02 -1.5934401308186352e-02 4.0901535074226558e-02 0
-3.9721432607620955e-02 -1.5934401308186352e-02 4.2350037489086390e-02 0
-3.9721432607620955e-02 -1.5934401308186352e-02 4.3798539903946221e-02 0
-3.9721432607620955e-02 -1.5934401308186352e-02 4.5247042318806052e-02 0
-3.9721432607620955e-02 -1.5934401308186352e-02 4.6695544733665884e-02 0
-3.9721432607620955e-02 -1.4438110869377851e-02 3.6556027829647064e-02 0
-3.9721432607620955e-02 -1.4438110869377851e-02 3.8004530244506896e-02 0
-3.9721432607620955e-02 -1.4438110869377851e-02 3.9453032659366727e-02 0
-3.9721432607620955e-02 -1.4438110869377851e-02 4.0901535074226558e-02 0
-3.9721432607620955e-02 -1.4438110869377851e-02 4.2350037489086390e-02 0
-3.9721432607620955e-02 -1.4438110869377851e-02 4.3798539903946221e-02 0
-3.9721432607620955e-02 -1.4438110869377851e-02 4.5247042318806052e-02 0
-3.9721432607620955e-02 -1.4438110869377851e-02 4.6695544733665884e-02 0
-3.9721432607620955e-02 -1.2941820430569351e-02 3.6556027829647064e-02 0
-3.9721432607620955e-02 -1.2941820430569351e-02 3.8004530244506896e-02 0
-3.9721432607620955e-02 -1.2941820430569351e-02 3.9453032659366727e-02 0
-3.9721432607620955e-02 -1.2941820430569351e-02 4.0901535074226558e-02 0
-3.9721432607620955e-02 -1.2941820430569351e-02 4.2350037489086390e-02 0
-3.9721432607620955e-02 -1.2941820430569351e-02 4.3798539903946221e-02 0
-3.9721432607620955e-02 -1.2941820430569351e-02 4.5247042318806052e-02 0
-3.9721432607620955e-02 -1.2941820430569351e-02 4.6695544733665884e-02 0
-3.9721432607620955e-02 -1.1445529991760850e-02 3.6556027829647064e-02 0
-3.9721432607620955e-02 -1.1445529991760850e-02 3.8004530244506896e-02 0
-3.9721432607620955e-02 -1.1445529991760850e-02 3.9453032659366727e-02 0
-3.9721432607620955e-02 -1.1445529991760850e-02 4.0901535074226558e-02 0
-3.9721432607620955e-02 -1.1445529991760850e-02 4.2350037489086390e-02 0
-3.9721432607620955e-02 -1.1445529991760850e-02 4.3798539903946221e-02 0
-3.9721432607620955e-02 -1.1445529991760850e-02 4.5247042318806052e-02 0
-3.9721432607620955e-02 -1.1445529991760850e-02 4.6695544733665884e-02 0
-3.9721432607620955e-02 -9.9492395529523492e-03 3.6556027829647064e-02 0
-3.9721432607620955e-02 -9.9492395529523492e-03 3.8004530244506896e-02 0
-3.9721432607620955e-02 -9.9492395529523492e-03 3.9453032659366727e-02 0
-3.9721432607620955e-02 -9.9492395529523492e-03 4.0901535074226558e-02 0
-3.9721432607620955e-02 -9.9492395529523492e-03 4.2350037489086390e-02 0
-3.9721432607620955e-02 -9.9492395529523492e-03 4.3798539903946221e-02 0
-3.9721432607620955e-02 -9.9492395529523492e-03 4.5247042318806052e-02 0
-3.9721432607620955e-02 -9.9492395529523492e-03 4.6695544733665884e-02 0
-3.9721432607620955e-02 -8.4529491141438484e-03 3.6556027829647064e-02 0
-3.9721432607620955e-02 -8.4529491141438484e-03 3.8004530244506896e-02 0
-3.9721432607620955e-02 -8.4529491141438484e-03 3.9453032659366727e-02 0
-3.9721432607620955e-02 -8.4529491141438484e-03 4.0901535074226558e-02 0
-3.9721432607620955e-02 -8.4529491141438484e-03 4.2350037489086390e-02 0
-3.9721432607620955e-02 -8.4529491141438484e-03 4.3798539903946221e-02 0
-3.9721432607620955e-02 -8.4529491141438484e-03 4.5247042318806052e-02 0
-3.9721432607620955e-02 -8.4529491141438484e-03 4.6695544733665884e-02 0
-3.9721432607620955e-02 -6.9566586753353477e-03 3.6556027829647064e-02 0
-3.9721432607620955e-02 -6.9566586753353477e-03 3.8004530244506896e-02 0
-3.9721432607620955e-02 -6.9566586753353477e-03 3.9453032659366727e-02 0
-3.9721432607620955e-02 -6.9566586753353477e-03 4.0901535074226558e-02 0
-3.9721432607620955e-02 -6.9566586753353477e-03 4.2350037489086390e-02 0
-3.9721432607620955e-02 -6.9566586753353477e-03 4.3798539903946221e-02 0
-3.9721432607620955e-02 -6.9566586753353477e-03 4.5247042318806052e-02 0
-3.9721432607620955e-02 -6.9566586753353477e-03 4.6695544733665884e-02 0
-3.9721432607620955e-02 -5.4603682365268469e-03 3.6556027829647064e-02 0
-3.9721432607620955e-02 -5.4603682365268469e-03 3.8004530244506896e-02 0
-3.9721432607620955e-02 -5.4603682365268469e-03 3.9453032659366727e-02 0
-3.9721432607620955e-02 -5.4603682365268469e-03 4.0901535074226558e-02 0
-3.9721432607620955e-02 -5.4603682365268469e-03 4.2350037489086390e-02 0
-3.9721432607620955e-02 -5.4603682365268469e-03 4.3798539903946221e-02 0
-3.9721432607620955e-02 -5.4603682365268469e-03 4.5247042318806052e-02 0
-3.9721432607620955e-02 -5.4603682365268469e-03 4.6695544733665884e-02 0
-3.9721432607620955e-02 -3.9640777977183461e-03 3.6556027829647064e-02 0
-3.9721432607620955e-02 -3.9640777977183461e-03 3.8004530244506896e-02 0
-3.9721432607620955e-02 -3.9640777977183461e-03 3.9453032659366727e-02 0
-3.9721432607620955e-02 -3.9640777977183461e-03 4.0901535074226558e-02 0
-3.9721432607620955e-02 -3.9640777977183461e-03 4.2350037489086390e-02 0
-3.9721432607620955e-02 -3.9640777977183461e-03 4.3798539903946221e-02 0
-3.9721432607620955e-02 -3.9640777977183461e-03 4.5247042318806052e-02 0
-3.9721432607620955e-02 -3.9640777977183461e-03 4.6695544733665884e-02 0
-3.9721432607620955e-02 -2.4677873589098454e-03 3.6556027829647064e-02 0
-3.9721432607620955e-02 -2.4677873589098454e-03 3.8004530244506896e-02 0
-3.9721432607620955e-02 -2.4677873589098454e-03 3.9453032659366727e-02 0
-3.9721432607620955e-02 -2.4677873589098454e-03 4.0901535074226558e-02 0
-3.9721432607620955e-02 -2.4677873589098454e-03 4.2350037489086390e-02 0
-3.9721432607620955e-02 -2.4677873589098454e-03 4.3798539903946221e-02 0
-3.9721432607620955e-02 -2.4677873589098454e-03 4.5247042318806052e-02 0
-3.9721432607620955e-02 -2.4677873589098454e-03 4.6695544733665884e-02 0
-3.9721432607620955e-02 -9.7149692010134459e-04 3.6556027829647064e-02 0
-3.9721432607620955e-02 -9.7149692010134459e-04 3.8004530244506896e-02 0
-3.9721432607620955e-02 -9.7149692010134459e-04 3.9453032659366727e-02 0
-3.9721432607620955e-02 -9.7149692010134459e-04 4.0901535074226558e-02 0
-3.9721432607620955e-02 -9.7149692010134459e-04 4.2350037489086390e-02 0
-3.9721432607620955e-02 -9.7149692010134459e-04 4.3798539903946221e-02 0
-3.9721432607620955e-02 -9.7149692010134459e-04 4.5247042318806052e-02 0
-3.9721432607620955e-02 -9.7149692010134459e-04 4.6695544733665884e-02 0
-3.9721432607620955e-02 5.2479351870715618e-04 3.6556027829647064e-02 0
-3.9721432607620955e-02 5.2479351870715618e-04 3.8004530244506896e-02 0
-3.9721432607620955e-02 5.2479351870715618e-04 3.9453032659366727e-02 0
-3.9721432607620955e-02 5.2479351870715618e-04 4.0901535074226558e-02 0
-3.9721432607620955e-02 5.2479351870715618e-04 4.2350037489086390e-02 0
-3.9721432607620955e-02 5.2479351870715618e-04 4.3798539903946221e-02 0
-3.9721432607620955e-02 5.2479351870715618e-04 4.5247042318806052e-02 0
-3.9721432607620955e-02 5.2479351870715618e-04 4.6695544733665884e-02 0
-3.9721432607620955e-02 2.0210839575156569e-03 3.6556027829647064e-02 0
-3.9721432607620955e-02 2.0210839575156569e-03 3.8004530244506896e-02 0
-3.9721432607620955e-02 2.0210839575156569e-03 3.9453032659366727e-02 0
-3.9721432607620955e-02 2.0210839575156569e-03 4.0901535074226558e-02 0
-3.9721432607620955e-02 2.0210839575156569e-03 4.2350037489086390e-02 0
-3.9721432607620955e-02 2.0210839575156569e-03 4.3798539903946221e-02 0
-3.9721432607620955e-02 2.0210839575156569e-03 4.5247042318806052e-02 0
-3.9721432607620955e-02 2.0210839575156569e-03 4.6695544733665884e-02 0
-3.9721432607620955e-02 3.5173743963241577e-03 3.6556027829647064e-02 0
-3.9721432607620955e-02 3.5173743963241577e-03 3.8004530244506896e-02 0
-3.9721432607620955e-02 3.5173743963241577e-03 3.9453032659366727e-02 0
-3.9721432607620955e-02 3.5173743963241577e-03 4.0901535074226558e-02 0
-3.9721432607620955e-02 3.5173743963241577e-03 4.2350037489086390e-02 0
-3.9721432607620955e-02 3.5173743963241577e-03 4.3798539903946221e-02 0
-3.9721432607620955e-02 3.5173743963241577e-03 4.5247042318806052e-02 0
-3.9721432607620955e-02 3.5173743963241577e-03 4.6695544733665884e-02 0
-3.9721432607620955e-02 5.0136648351326585e-03 3.6556027829647064e-02 0
-3.9721432607620955e-02 5.0136648351326585e-03 3.8004530244506896e-02 0
-3.9721432607620955e-02 5.0136648351326585e-03 3.9453032659366727e-02 0
-3.9721432607620955e-02 5.0136648351326585e-03 4.0901535074226558e-02 0
-3.9721432607620955e-02 5.0136648351326585e-03 4.2350037489086390e-02 0
-3.9721432607620955e-02 5.0136648351326585e-03 4.3798539903946221e-02 0
-3.9721432607620955e-02 5.0136648351326585e-03 4.5247042318806052e-02 0
-3.9721432607620955e-02 5.0136648351326585e-03 4.6695544733665884e-02 0
-3.9721432607620955e-02 6.5099552739411592e-03 3.6556027829647064e-02 0
-3.9721432607620955e-02 6.5099552739411592e-03 3.8004530244506896e-02 0
-3.9721432607620955e-02 6.5099552739411592e-03 3.9453032659366727e-02 0
-3.9721432607620955e-02 6.5099552739411592e-03 4.0901535074226558e-02 0
-3.9721432607620955e-02 6.5099552739411592e-03 4.2350037489086390e-02 0
-3.9721432607620955e-02 6.5099552739411592e-03 4.3798539903946221e-02 0
-3.9721432607620955e-02 6.5099552739411592e-03 4.5247042318806052e-02 0
-3.9721432607620955e-02 6.5099552739411592e-03 4.6695544733665884e-02 0
-3.9721432607620955e-02 8.0062457127496600e-03 3.6556027829647064e-02 0
-3.9721432607620955e-02 8.0062457127496600e-03 3.8004530244506896e-02 0
-3.9721432607620955e-02 8.0062457127496600e-03 3.9453032659366727e-02 0
-3.9721432607620955e-02 8.0062457127496600e-03 4.0901535074226558e-02 0
-3.9721432607620955e-02 8.0062457127496600e-03 4.2350037489086390e-02 0
-3.9721432607620955e-02 8.0062457127496600e-03 4.3798539903946221e-02 0
-3.9721432607620955e-02 8.0062457127496600e-03 4.5247042318806052e-02 0
-3.9721432607620955e-02 8.0062457127496600e-03 4.6695544733665884e-02 0
-3.9721432607620955e-02 9.5025361515581608e-03 3.6556027829647064e-02 0
-3.9721432607620955e-02 9.5025361515581608e-03 3.8004530244506896e-02 0
-3.9721432607620955e-02 9.5025361515581608e-03 3.9453032659366727e-02 0
-3.9721432607620955e-02 9.5025361515581608e-03 4.0901535074226558e-02 0
-3.9721432607620955e-02 9.5025361515581608e-03 4.2350037489086390e-02 0
-3.9721432607620955e-02 9.5025361515581608e-03 4.3798539903946221e-02 0
-3.9721432607620955e-02 9.5025361515581608e-03 4.5247042318806052e-02 0
-3.9721432607620955e-02 9.5025361515581608e-03 4.6695544733665884e-02 0
-3.9721432607620955e-02 1.0998826590366662e-02 3.6556027829647064e-02 0
-3.9721432607620955e-02 1.0998826590366662e-02 3.8004530244506896e-02 0
-3.9721432607620955e-02 1.0998826590366662e-02 3.9453032659366727e-02 0
-3.9721432607620955e-02 1.0998826590366662e-02 4.0901535074226558e-02 0
-3.9721432607620955e-02 1.0998826590366662e-02 4.2350037489086390e-02 0
-3.9721432607620955e-02 1.0998826590366662e-02 4.3798539903946221e-02 0
-3.9721432607620955e-02 1.0998826590366662e-02 4.5247042318806052e-02 0
-3.9721432607620955e-02 1.0998826590366662e-02 4.6695544733665884e-02 0
-3.9721432607620955e-02 1.2495117029175162e-02 3.6556027829647064e-02 0
-3.9721432607620955e-02 1.2495117029175162e-02 3.8004530244506896e-02 0
-3.9721432607620955e-02 1.2495117029175162e-02 3.9453032659366727e-02 0
-3.9721432607620955e-02 1.2495117029175162e-02 4.0901535074226558e-02 0
-3.9721432607620955e-02 1.2495117029175162e-02 4.2350037489086390e-02 0
-3.9721432607620955e-02 1.2495117029175162e-02 4.3798539903946221e-02 0
-3.9721432607620955e-02 1.2495117029175162e-02 4.5247042318806052e-02 0
-3.9721432607620955e-02 1.2495117029175162e-02 4.6695544733665884e-02 0
-3.9721432607620955e-02 1.3991407467983663e-02 3.6556027829647064e-02 0
-3.9721432607620955e-02 1.3991407467983663e-02 3.8004530244506896e-02 0
-3.9721432607620955e-02 1.3991407467983663e-02 3.9453032659366727e-02 0
-3.9721432607620955e-02 1.3991407467983663e-02 4.0901535074226558e-02 0
-3.9721432607620955e-02 1.3991407467983663e-02 4.2350037489086390e-02 0
-3.9721432607620955e-02 1.3991407467983663e-02 4.3798539903946221e-02 0
-3.9721432607620955e-02 1.3991407467983663e-02 4.5247042318806052e-02 0
-3.9721432607620955e-02 1.3991407467983663e-02 4.6695544733665884e-02 0
-3.9721432607620955e-02 1.5487697906792164e-02 3.6556027829647064e-02 0
-3.9721432607620955e-02 1.5487697906792164e-02 3.8004530244506896e-02 0
-3.9721432607620955e-02 1.5487697906792164e-02 3.9453032659366727e-02 0
-3.9721432607620955e-02 1.5487697906792164e-02 4.0901535074226558e-02 0
-3.9721432607620955e-02 1.5487697906792164e-02 4.2350037489086390e-02 0
-3.9721432607620955e-02 1.5487697906792164e-02 4.3798539903946221e-02 0
-3.9721432607620955e-02 1.5487697906792164e-02 4.5247042318806052e-02 0
-3.9721432607620955e-02 1.5487697906792164e-02 4.6695544733665884e-02 0
-3.9721432607620955e-02 1.6983988345600665e-02 3.6556027829647064e-02 0
-3.9721432607620955e-02 1.6983988345600665e-02 3.8004530244506896e-02 0
-3.9721432607620955e-02 1.6983988345600665e-02 3.9453032659366727e-02 0
-3.9721432607620955e-02 1.6983988345600665e-02 4.0901535074226558e-02 0
-3.9721432607620955e-02 1.6983988345600665e-02 4.2350037489086390e-02 0
-3.9721432607620955e-02 1.6983988345600665e-02 4.3798539903946221e-02 0
-3.9721432607620955e-02 1.6983988345600665e-02 4.5247042318806052e-02 0
-3.9721432607620955e-02 1.6983988345600665e-02 4.6695544733665884e-02 0
-3.9721432607620955e-02 1.8480278784409165e-02 3.6556027829647064e-02 0
-3.9721432607620955e-02 1.8480278784409165e-02 3.8004530244506896e-02 0
-3.9721432607620955e-02 1.8480278784409165e-02 3.9453032659366727e-02 0
-3.9721432607620955e-02 1.8480278784409165e-02 4.0901535074226558e-02 0
-3.9721432607620955e-02 1.8480278784409165e-02 4.2350037489086390e-02 0
-3.9721432607620955e-02 1.8480278784409165e-02 4.3798539903946221e-02 0
-3.9721432607620955e-02 1.8480278784409165e-02 4.5247042318806052e-02 0
-3.9721432607620955e-02 1.8480278784409165e-02 4.6695544733665884e-02 0
-3.9721432607620955e-02 1.9976569223217666e-02 3.6556027829647064e-02 0
-3.9721432607620955e-02 1.9976569223217666e-02 3.8004530244506896e-02 0
-3.9721432607620955e-02 1.9976569223217666e-02 3.9453032659366727e-02 0
-3.9721432607620955e-02 1.9976569223217666e-02 4.0901535074226558e-02 0
-3.9721432607620955e-02 1.9976569223217666e-02 4.2350037489086390e-02 0
-3.9721432607620955e-02 1.9976569223217666e-02 4.3798539903946221e-02 0
-3.9721432607620955e-02 1.9976569223217666e-02 4.5247042318806052e-02 0
-3.9721432607620955e-02 1.9976569223217666e-02 4.6695544733665884e-02 0
-3.9721432607620955e-02 2.1472859662026167e-02 3.6556027829647064e-02 0
-3.9721432607620955e-02 2.1472859662026167e-02 3.8004530244506896e-02 0
-3.9721432607620955e-02 2.1472859662026167e-02 3.9453032659366727e-02 0
-3.9721432607620955e-02 2.1472859662026167e-02 4.0901535074226558e-02 0
-3.9721432607620955e-02 2.1472859662026167e-02 4.2350037489086390e-02 0
-3.9721432607620955e-02 2.1472859662026167e-02 4.3798539903946221e-02 0
-3.9721432607620955e-02 2.1472859662026167e-02 4.5247042318806052e-02 0
-3.9721432607620955e-02 2.1472859662026167e-02 4.6695544733665884e-02 0
-3.8237784174270928e-02 -4.4363919645547867e-02 3.6556027829647064e-02 0
-3.8237784174270928e-02 -4.2867629206739366e-02 3.6556027829647064e-02 0
-3.8237784174270928e-02 -4.4363919645547867e-02 3.8004530244506896e-02 0
-3.8237784174270928e-02 -4.2867629206739366e-02 3.8004530244506896e-02 0
-3.8237784174270928e-02 -4.4363919645547867e-02 3.9453032659366727e-02 0
-3.8237784174270928e-02 -4.2867629206739366e-02 3.9453032659366727e-02 0
-3.8237784174270928e-02 -4.4363919645547867e-02 4.0901535074226558e-02 0
-3.8237784174270928e-02 -4.2867629206739366e-02 4.0901535074226558e-02 0
-3.8237784174270928e-02 -4.4363919645547867e-02 4.2350037489086390e-02 0
-3.8237784174270928e-02 -4.2867629206739366e-02 4.2350037489086390e-02 0
-3.8237784174270928e-02 -4.4363919645547867e-02 4.3798539903946221e-02 0
-3.8237784174270928e-02 -4.2867629206739366e-02 4.3798539903946221e-02 0
-3.8237784174270928e-02 -4.4363919645547867e-02 4.5247042318806052e-02 0
-3.8237784174270928e-02 -4.2867629206739366e-02 4.5247042318806052e-02 0
-3.8237784174270928e-02 -4.4363919645547867e-02 4.6695544733665884e-02 0
-3.8237784174270928e-02 -4.2867629206739366e-02 4.6695544733665884e-02 0
-3.8237784174270928e-02 -4.4363919645547867e-02 4.8144047148525715e-02 0
-3.8237784174270928e-02 -4.2867629206739366e-02 4.8144047148525715e-02 0
-3.8237784174270928e-02 -4.4363919645547867e-02 4.9592549563385546e-02 0
-3.8237784174270928e-02 -4.2867629206739366e-02 4.9592549563385546e-02 0
-3.8237784174270928e-02 -4.4363919645547867e-02 5.1041051978245378e-02 0
-3.8237784174270928e-02 -4.2867629206739366e-02 5.1041051978245378e-02 0
-3.8237784174270928e-02 -4.1371338767930865e-02 3.6556027829647064e-02 0
-3.8237784174270928e-02 -4.1371338767930865e-02 3.8004530244506896e-02 0
-3.8237784174270928e-02 -4.1371338767930865e-02 3.9453032659366727e-02 0
-3.8237784174270928e-02 -4.1371338767930865e-02 4.0901535074226558e-02 0
-3.8237784174270928e-02 -4.1371338767930865e-02 4.2350037489086390e-02 0
-3.8237784174270928e-02 -4.1371338767930865e-02 4.3798539903946221e-02 0
-3.8237784174270928e-02 -4.1371338767930865e-02 4.5247042318806052e-02 0
-3.8237784174270928e-02 -4.1371338767930865e-02 4.6695544733665884e-02 0
-3.8237784174270928e-02 -4.1371338767930865e-02 4.8144047148525715e-02 0
-3.8237784174270928e-02 -4.1371338767930865e-02 4.9592549563385546e-02 0
-3.8237784174270928e-02 -4.1371338767930865e-02 5.1041051978245378e-02 0
-3.8237784174270928e-02 -3.9875048329122365e-02 3.6556027829647064e-02 0
-3.8237784174270928e-02 -3.9875048329122365e-02 3.8004530244506896e-02 0
-3.8237784174270928e-02 -3.9875048329122365e-02 3.9453032659366727e-02 0
-3.8237784174270928e-02 -3.9875048329122365e-02 4.0901535074226558e-02 0
-3.8237784174270928e-02 -3.9875048329122365e-02 4.2350037489086390e-02 0
-3.8237784174270928e-02 -3.9875048329122365e-02 4.3798539903946221e-02 0
-3.8237784174270928e-02 -3.9875048329122365e-02 4.5247042318806052e-02 0
-3.8237784174270928e-02 -3.9875048329122365e-02 4.6695544733665884e-02 0
-3.8237784174270928e-02 -3.9875048329122365e-02 4.8144047148525715e-02 0
-3.8237784174270928e-02 -3.9875048329122365e-02 4.9592549563385546e-02 0
-3.8237784174270928e-02 -3.9875048329122365e-02 5.1041051978245378e-02 0
-3.8237784174270928e-02 -3.8378757890313864e-02 3.6556027829647064e-02 0
-3.8237784174270928e-02 -3.8378757890313864e-02 3.8004530244506896e-02 0
-3.8237784174270928e-02 -3.8378757890313864e-02 3.9453032659366727e-02 0
-3.8237784174270928e-02 -3.8378757890313864e-02 4.0901535074226558e-02 0
-3.8237784174270928e-02 -3.8378757890313864e-02 4.2350037489086390e-02 0
-3.8237784174270928e-02 -3.8378757890313864e-02 4.3798539903946221e-02 0
-3.8237784174270928e-02 -3.8378757890313864e-02 4.5247042318806052e-02 0
-3.8237784174270928e-02 -3.8378757890313864e-02 4.6695544733665884e-02 0
-3.8237784174270928e-02 -3.8378757890313864e-02 4.8144047148525715e-02 0
-3.8237784174270928e-02 -3.8378757890313864e-02 4.9592549563385546e-02 0
-3.8237784174270928e-02 -3.8378757890313864e-02 5.1041051978245378e-02 0
-3.8237784174270928e-02 -3.6882467451505363e-02 3.6556027829647064e-02 0
-3.8237784174270928e-02 -3.6882467451505363e-02 3.8004530244506896e-02 0
-3.8237784174270928e-02 -3.6882467451505363e-02 3.9453032659366727e-02 0
-3.8237784174270928e-02 -3.6882467451505363e-02 4.0901535074226558e-02 0
-3.8237784174270928e-02 -3.6882467451505363e-02 4.2350037489086390e-02 0
-3.8237784174270928e-02 -3.6882467451505363e-02 4.3798539903946221e-02 0
-3.8237784174270928e-02 -3.6882467451505363e-02 4.5247042318806052e-02 0
-3.8237784174270928e-02 -3.6882467451505363e-02 4.6695544733665884e-02 0
-3.8237784174270928e-02 -3.6882467451505363e-02 4.8144047148525715e-02 0
-3.8237784174270928e-02 -3.6882467451505363e-02 4.9592549563385546e-02 0
-3.8237784174270928e-02 -3.6882467451505363e-02 5.1041051978245378e-02 0
-3.8237784174270928e-02 -3.5386177012696862e-02 3.6556027829647064e-02 0
-3.8237784174270928e-02 -3.5386177012696862e-02 3.8004530244506896e-02 0
-3.8237784174270928e-02 -3.5386177012696862e-02 3.9453032659366727e-02 0
-3.8237784174270928e-02 -3.5386177012696862e-02 4.0901535074226558e-02 0
-3.8237784174270928e-02 -3.5386177012696862e-02 4.2350037489086390e-02 0
-3.8237784174270928e-02 -3.5386177012696862e-02 4.3798539903946221e-02 0
-3.8237784174270928e-02 -3.5386177012696862e-02 4.5247042318806052e-02 0
-3.8237784174270928e-02 -3.5386177012696862e-02 4.6695544733665884e-02 0
-3.8237784174270928e-02 -3.5386177012696862e-02 4.8144047148525715e-02 0
-3.8237784174270928e-02 -3.5386177012696862e-02 4.9592549563385546e-02 0
-3.8237784174270928e-02 -3.5386177012696862e-02 5.1041051978245378e-02 0
-3.8237784174270928e-02 -3.3889886573888361e-02 3.6556027829647064e-02 0
-3.8237784174270928e-02 -3.3889886573888361e-02 3.8004530244506896e-02 0
-3.8237784174270928e-02 -3.3889886573888361e-02 3.9453032659366727e-02 0
-3.8237784174270928e-02 -3.3889886573888361e-02 4.0901535074226558e-02 0
-3.8237784174270928e-02 -3.3889886573888361e-02 4.2350037489086390e-02 0
-3.8237784174270928e-02 -3.3889886573888361e-02 4.3798539903946221e-02 0
-3.8237784174270928e-02 -3.3889886573888361e-02 4.5247042318806052e-02 0
-3.8237784174270928e-02 -3.3889886573888361e-02 4.6695544733665884e-02 0
-3.8237784174270928e-02 -3.3889886573888361e-02 4.8144047148525715e-02 0
-3.8237784174270928e-02 -3.3889886573888361e-02 4.9592549563385546e-02 0
-3.8237784174270928e-02 -3.3889886573888361e-02 5.1041051978245378e-02 0
-3.8237784174270928e-02 -3.2393596135079861e-02 3.6556027829647064e-02 0
-3.8237784174270928e-02 -3.2393596135079861e-02 3.8004530244506896e-02 0
-3.8237784174270928e-02 -3.2393596135079861e-02 3.9453032659366727e-02 0
-3.8237784174270928e-02 -3.2393596135079861e-02 4.0901535074226558e-02 0
-3.8237784174270928e-02 -3.2393596135079861e-02 4.2350037489086390e-02 0
-3.8237784174270928e-02 -3.2393596135079861e-02 4.3798539903946221e-02 0
-3.8237784174270928e-02 -3.2393596135079861e-02 4.5247042318806052e-02 0
-3.8237784174270928e-02 -3.2393596135079861e-02 4.6695544733665884e-02 0
-3.8237784174270928e-02 -3.2393596135079861e-02 4.8144047148525715e-02 0
-3.8237784174270928e-02 -3.2393596135079861e-02 4.9592549563385546e-02 0
-3.8237784174270928e-02 -3.2393596135079861e-02 5.1041051978245378e-02 0
-3.8237784174270928e-02 -3.0897305696271360e-02 3.6556027829647064e-02 0
-3.8237784174270928e-02 -3.0897305696271360e-02 3.8004530244506896e-02 0
-3.8237784174270928e-02 -3.0897305696271360e-02 3.9453032659366727e-02 0
-3.8237784174270928e-02 -3.0897305696271360e-02 4.0901535074226558e-02 0
-3.8237784174270928e-02 -3.0897305696271360e-02 4.2350037489086390e-02 0
-3.8237784174270928e-02 -3.0897305696271360e-02 4.3798539903946221e-02 0
-3.8237784174270928e-02 -3.0897305696271360e-02 4.5247042318806052e-02 0
-3.8237784174270928e-02 -3.0897305696271360e-02 4.6695544733665884e-02 0
-3.8237784174270928e-02 -3.0897305696271360e-02 4.8144047148525715e-02 0
-3.8237784174270928e-02 -3.0897305696271360e-02 4.9592549563385546e-02 0
-3.8237784174270928e-02 -3.0897305696271360e-02 5.1041051978245378e-02 0
-3.8237784174270928e-02 -2.9401015257462859e-02 3.6556027829647064e-02 0
-3.8237784174270928e-02 -2.9401015257462859e-02 3.8004530244506896e-02 0
-3.8237784174270928e-02 -2.9401015257462859e-02 3.9453032659366727e-02 0
-3.8237784174270928e-02 -2.9401015257462859e-02 4.0901535074226558e-02 0
-3.8237784174270928e-02 -2.9401015257462859e-02 4.2350037489086390e-02 0
-3.8237784174270928e-02 -2.9401015257462859e-02 4.3798539903946221e-02 0
-3.8237784174270928e-02 -2.9401015257462859e-02 4.5247042318806052e-02 0
-3.8237784174270928e-02 -2.9401015257462859e-02 4.6695544733665884e-02 0
-3.8237784174270928e-02 -2.9401015257462859e-02 4.8144047148525715e-02 0
-3.8237784174270928e-02 -2.9401015257462859e-02 4.9592549563385546e-02 0
-3.8237784174270928e-02 -2.9401015257462859e-02 5.1041051978245378e-02 0
-3.8237784174270928e-02 -2.7904724818654358e-02 3.6556027829647064e-02 0
-3.8237784174270928e-02 -2.7904724818654358e-02 3.8004530244506896e-02 0
-3.8237784174270928e-02 -2.7904724818654358e-02 3.9453032659366727e-02 0
-3.8237784174270928e-02 -2.7904724818654358e-02 4.0901535074226558e-02 0
-3.8237784174270928e-02 -2.7904724818654358e-02 4.2350037489086390e-02 0
-3.8237784174270928e-02 -2.7904724818654358e-02 4.3798539903946221e-02 0
-3.8237784174270928e-02 -2.7904724818654358e-02 4.5247042318806052e-02 0
-3.8237784174270928e-02 -2.7904724818654358e-02 4.6695544733665884e-02 0
-3.8237784174270928e-02 -2.7904724818654358e-02 4.8144047148525715e-02 0
-3.8237784174270928e-02 -2.7904724818654358e-02 4.9592549563385546e-02 0
-3.8237784174270928e-02 -2.7904724818654358e-02 5.1041051978245378e-02 0
-3.8237784174270928e-02 -2.6408434379845858e-02 3.6556027829647064e-02 0
-3.8237784174270928e-02 -2.6408434379845858e-02 3.8004530244506896e-02 0
-3.8237784174270928e-02 -2.6408434379845858e-02 3.9453032659366727e-02 0
-3.8237784174270928e-02 -2.6408434379845858e-02 4.0901535074226558e-02 0
-3.8237784174270928e-02 -2.6408434379845858e-02 4.2350037489086390e-02 0
-3.8237784174270928e-02 -2.6408434379845858e-02 4.3798539903946221e-02 0
-3.8237784174270928e-02 -2.6408434379845858e-02 4.5247042318806052e-02 0
-3.8237784174270928e-02 -2.6408434379845858e-02 4.6695544733665884e-02 0
-3.8237784174270928e-02 -2.6408434379845858e-02 4.8144047148525715e-02 0
-3.8237784174270928e-02 -2.6408434379845858e-02 4.9592549563385546e-02 0
-3.8237784174270928e-02 -2.6408434379845858e-02 5.1041051978245378e-02 0
-3.8237784174270928e-02 -2.4912143941037357e-02 3.6556027829647064e-02 0
-3.8237784174270928e-02 -2.4912143941037357e-02 3.8004530244506896e-02 0
-3.8237784174270928e-02 -2.4912143941037357e-02 3.9453032659366727e-02 0
-3.8237784174270928e-02 -2.4912143941037357e-02 4.0901535074226558e-02 0
-3.8237784174270928e-02 -2.4912143941037357e-02 4.2350037489086390e-02 0
-3.8237784174270928e-02 -2.4912143941037357e-02 4.3798539903946221e-02 0
-3.8237784174270928e-02 -2.4912143941037357e-02 4.5247042318806052e-02 0
-3.8237784174270928e-02 -2.4912143941037357e-02 4.6695544733665884e-02 0
-3.8237784174270928e-02 -2.4912143941037357e-02 4.8144047148525715e-02 0
-3.8237784174270928e-02 -2.4912143941037357e-02 4.9592549563385546e-02 0
-3.8237784174270928e-02 -2.4912143941037357e-02 5.1041051978245378e-02 0
-3.8237784174270928e-02 -2.3415853502228856e-02 3.6556027829647064e-02 0
-3.8237784174270928e-02 -2.3415853502228856e-02 3.8004530244506896e-02 0
-3.8237784174270928e-02 -2.3415853502228856e-02 3.9453032659366727e-02 0
-3.8237784174270928e-02 -2.3415853502228856e-02 4.0901535074226558e-02 0
-3.8237784174270928e-02 -2.3415853502228856e-02 4.2350037489086390e-02 0
-3.8237784174270928e-02 -2.3415853502228856e-02 4.3798539903946221e-02 0
-3.8237784174270928e-02 -2.3415853502228856e-02 4.5247042318806052e-02 0
-3.8237784174270928e-02 -2.3415853502228856e-02 4.6695544733665884e-02 0
-3.8237784174270928e-02 -2.1919563063420355e-02 3.6556027829647064e-02 0
-3.8237784174270928e-02 -2.1919563063420355e-02 3.8004530244506896e-02 0
-3.8237784174270928e-02 -2.1919563063420355e-02 3.9453032659366727e-02 0
-3.8237784174270928e-02 -2.1919563063420355e-02 4.0901535074226558e-02 0
-3.8237784174270928e-02 -2.1919563063420355e-02 4.2350037489086390e-02 0
-3.8237784174270928e-02 -2.1919563063420355e-02 4.3798539903946221e-02 0
-3.8237784174270928e-02 -2.1919563063420355e-02 4.5247042318806052e-02 0
-3.8237784174270928e-02 -2.1919563063420355e-02 4.6695544733665884e-02 0
-3.8237784174270928e-02 -2.0423272624611855e-02 3.6556027829647064e-02 0
-3.8237784174270928e-02 -2.0423272624611855e-02 3.8004530244506896e-02 0
-3.8237784174270928e-02 -2.0423272624611855e-02 3.9453032659366727e-02 0
-3.8237784174270928e-02 -2.0423272624611855e-02 4.0901535074226558e-02 0
-3.8237784174270928e-02 -2.0423272624611855e-02 4.2350037489086390e-02 0
-3.8237784174270928e-02 -2.0423272624611855e-02 4.3798539903946221e-02 0
-3.8237784174270928e-02 -2.0423272624611855e-02 4.5247042318806052e-02 0
-3.8237784174270928e-02 -2.0423272624611855e-02 4.6695544733665884e-02 0
-3.8237784174270928e-02 -1.8926982185803354e-02 3.6556027829647064e-02 0
-3.8237784174270928e-02 -1.8926982185803354e-02 3.8004530244506896e-02 0
-3.8237784174270928e-02 -1.8926982185803354e-02 3.9453032659366727e-02 0
-3.8237784174270928e-02 -1.8926982185803354e-02 4.0901535074226558e-02 0
-3.8237784174270928e-02 -1.8926982185803354e-02 4.2350037489086390e-02 0
-3.8237784174270928e-02 -1.8926982185803354e-02 4.3798539903946221e-02 0
-3.8237784174270928e-02 -1.8926982185803354e-02 4.5247042318806052e-02 0
-3.8237784174270928e-02 -1.8926982185803354e-02 4.6695544733665884e-02 0
-3.8237784174270928e-02 -1.7430691746994853e-02 3.6556027829647064e-02 0
-3.8237784174270928e-02 -1.7430691746994853e-02 3.8004530244506896e-02 0
-3.8237784174270928e-02 -1.7430691746994853e-02 3.9453032659366727e-02 0
-3.8237784174270928e-02 -1.7430691746994853e-02 4.0901535074226558e-02 0
-3.8237784174270928e-02 -1.7430691746994853e-02 4.2350037489086390e-02 0
-3.8237784174270928e-02 -1.7430691746994853e-02 4.3798539903946221e-02 0
-3.8237784174270928e-02 -1.7430691746994853e-02 4.5247042318806052e-02 0
-3.8237784174270928e-02 -1.7430691746994853e-02 4.6695544733665884e-02 0
-3.8237784174270928e-02 -1.5934401308186352e-02 3.6556027829647064e-02 0
-3.8237784174270928e-02 -1.5934401308186352e-02 3.8004530244506896e-02 0
-3.8237784174270928e-02 -1.5934401308186352e-02 3.9453032659366727e-02 0
-3.8237784174270928e-02 -1.5934401308186352e-02 4.0901535074226558e-02 0
-3.8237784174270928e-02 -1.5934401308186352e-02 4.2350037489086390e-02 0
-3.8237784174270928e-02 -1.5934401308186352e-02 4.3798539903946221e-02 0
-3.8237784174270928e-02 -1.5934401308186352e-02 4.5247042318806052e-02 0
-3.8237784174270928e-02 -1.5934401308186352e-02 4.6695544733665884e-02 0
-3.8237784174270928e-02 -1.4438110869377851e-02 3.6556027829647064e-02 0
-3.8237784174270928e-02 -1.4438110869377851e-02 3.8004530244506896e-02 0
-3.8237784174270928e-02 -1.4438110869377851e-02 3.9453032659366727e-02 0
-3.8237784174270928e-02 -1.4438110869377851e-02 4.0901535074226558e-02 0
-3.8237784174270928e-02 -1.4438110869377851e-02 4.2350037489086390e-02 0
-3.8237784174270928e-02 -1.4438110869377851e-02 4.3798539903946221e-02 0
-3.8237784174270928e-02 -1.4438110869377851e-02 4.5247042318806052e-02 0
-3.8237784174270928e-02 -1.4438110869377851e-02 4.6695544733665884e-02 0
-3.8237784174270928e-02 -1.2941820430569351e-02 3.6556027829647064e-02 0
-3.8237784174270928e-02 -1.2941820430569351e-02 3.8004530244506896e-02 0
-3.8237784174270928e-02 -1.2941820430569351e-02 3.9453032659366727e-02 0
-3.8237784174270928e-02 -1.2941820430569351e-02 4.0901535074226558e-02 0
-3.8237784174270928e-02 -1.2941820430569351e-02 4.2350037489086390e-02 0
-3.8237784174270928e-02 -1.2941820430569351e-02 4.3798539903946221e-02 0
-3.8237784174270928e-02 -1.2941820430569351e-02 4.5247042318806052e-02 0
-3.8237784174270928e-02 -1.2941820430569351e-02 4.6695544733665884e-02 0
-3.8237784174270928e-02 -1.1445529991760850e-02 3.6556027829647064e-02 0
-3.8237784174270928e-02 -1.1445529991760850e-02 3.8004530244506896e-02 0
-3.8237784174270928e-02 -1.1445529991760850e-02 3.9453032659366727e-02 0
-3.8237784174270928e-02 -1.1445529991760850e-02 4.0901535074226558e-02 0
-3.8237784174270928e-02 -1.1445529991760850e-02 4.2350037489086390e-02 0
-3.8237784174270928e-02 -1.1445529991760850e-02 4.3798539903946221e-02 0
-3.8237784174270928e-02 -1.1445529991760850e-02 4.5247042318806052e-02 0
-3.8237784174270928e-02 -1.1445529991760850e-02 4.6695544733665884e-02 0
-3.8237784174270928e-02 -9.9492395529523492e-03 3.6556027829647064e-02 0
-3.8237784174270928e-02 -9.9492395529523492e-03 3.8004530244506896e-02 0
-3.8237784174270928e-02 -9.9492395529523492e-03 3.9453032659366727e-02 0
-3.8237784174270928e-02 -9.9492395529523492e-03 4.0901535074226558e-02 0
-3.8237784174270928e-02 -9.9492395529523492e-03 4.2350037489086390e-02 0
-3.8237784174270928e-02 -9.9492395529523492e-03 4.3798539903946221e-02 0
-3.8237784174270928e-02 -9.9492395529523492e-03 4.5247042318806052e-02 0
-3.8237784174270928e-02 -9.9492395529523492e-03 4.6695544733665884e-02 0
-3.8237784174270928e-02 -8.4529491141438484e-03 3.6556027829647064e-02 0
-3.8237784174270928e-02 -8.4529491141438484e-03 3.8004530244506896e-02 0
-3.8237784174270928e-02 -8.4529491141438484e-03 3.9453032659366727e-02 0
-3.8237784174270928e-02 -8.4529491141438484e-03 4.0901535074226558e-02 0
-3.8237784174270928e-02 -8.4529491141438484e-03 4.2350037489086390e-02 0
-3.8237784174270928e-02 -8.4529491141438484e-03 4.3798539903946221e-02 0
-3.8237784174270928e-02 -8.4529491141438484e-03 4.5247042318806052e-02 0
-3.8237784174270928e-02 -8.4529491141438484e-03 4.6695544733665884e-02 0
-3.8237784174270928e-02 -6.9566586753353477e-03 3.6556027829647064e-02 0
-3.8237784174270928e-02 -6.9566586753353477e-03 3.8004530244506896e-02 0
-3.8237784174270928e-02 -6.9566586753353477e-03 3.9453032659366727e-02 0
-3.8237784174270928e-02 -6.9566586753353477e-03 4.0901535074226558e-02 0
-3.8237784174270928e-02 -6.9566586753353477e-03 4.2350037489086390e-02 0
-3.8237784174270928e-02 -6.9566586753353477e-03 4.3798539903946221e-02 0
-3.8237784174270928e-02 -6.9566586753353477e-03 4.5247042318806052e-02 0
-3.8237784174270928e-02 -6.9566586753353477e-03 4.6695544733665884e-02 0
-3.8237784174270928e-02 -5.4603682365268469e-03 3.6556027829647064e-02 0
-3.8237784174270928e-02 -5.4603682365268469e-03 3.8004530244506896e-02 0
-3.8237784174270928e-02 -5.4603682365268469e-03 3.9453032659366727e-02 0
-3.8237784174270928e-02 -5.4603682365268469e-03 4.0901535074226558e-02 0
-3.8237784174270928e-02 -5.4603682365268469e-03 4.2350037489086390e-02 0
-3.8237784174270928e-02 -5.4603682365268469e-03 4.3798539903946221e-02 0
-3.8237784174270928e-02 -5.4603682365268469e-03 4.5247042318806052e-02 0
-3.8237784174270928e-02 -5.4603682365268469e-03 4.6695544733665884e-02 0
-3.8237784174270928e-02 -3.9640777977183461e-03 3.6556027829647064e-02 0
-3.8237784174270928e-02 -3.9640777977183461e-03 3.8004530244506896e-02 0
-3.8237784174270928e-02 -3.9640777977183461e-03 3.9453032659366727e-02 0
-3.8237784174270928e-02 -3.9640777977183461e-03 4.0901535074226558e-02 0
-3.8237784174270928e-02 -3.9640777977183461e-03 4.2350037489086390e-02 0
-3.8237784174270928e-02 -3.9640777977183461e-03 4.3798539903946221e-02 0
-3.8237784174270928e-02 -3.9640777977183461e-03 4.5247042318806052e-02 0
-3.8237784174270928e-02 -3.9640777977183461e-03 4.6695544733665884e-02 0
-3.8237784174270928e-02 -2.4677873589098454e-03 3.6556027829647064e-02 0
-3.8237784174270928e-02 -2.4677873589098454e-03 3.8004530244506896e-02 0
-3.8237784174270928e-02 -2.4677873589098454e-03 3.9453032659366727e-02 0
-3.8237784174270928e-02 -2.4677873589098454e-03 4.0901535074226558e-02 0
-3.8237784174270928e-02 -2.4677873589098454e-03 4.2350037489086390e-02 0
-3.8237784174270928e-02 -2.4677873589098454e-03 4.3798539903946221e-02 0
-3.8237784174270928e-02 -2.4677873589098454e-03 4.5247042318806052e-02 0
-3.8237784174270928e-02 -2.4677873589098454e-03 4.6695544733665884e-02 0
-3.8237784174270928e-02 -9.7149692010134459e-04 3.6556027829647064e-02 0
-3.8237784174270928e-02 -9.7149692010134459e-04 3.8004530244506896e-02 0
-3.8237784174270928e-02 -9.7149692010134459e-04 3.9453032659366727e-02 0
-3.8237784174270928e-02 -9.7149692010134459e-04 4.0901535074226558e-02 0
-3.8237784174270928e-02 -9.7149692010134459e-04 4.2350037489086390e-02 0
-3.8237784174270928e-02 -9.7149692010134459e-04 4.3798539903946221e-02 0
-3.8237784174270928e-02 -9.7149692010134459e-04 4.5247042318806052e-02 0
-3.8237784174270928e-02 -9.7149692010134459e-04 4.6695544733665884e-02 0
-3.8237784174270928e-02 5.2479351870715618e-04 3.6556027829647064e-02 0
-3.8237784174270928e-02 5.2479351870715618e-04 3.8004530244506896e-02 0
-3.8237784174270928e-02 5.2479351870715618e-04 3.9453032659366727e-02 0
-3.8237784174270928e-02 5.2479351870715618e-04 4.0901535074226558e-02 0
-3.8237784174270928e-02 5.2479351870715618e-04 4.2350037489086390e-02 0
-3.8237784174270928e-02 5.2479351870715618e-04 4.3798539903946221e-02 0
-3.8237784174270928e-02 5.2479351870715618e-04 4.5247042318806052e-02 0
-3.8237784174270928e-02 5.2479351870715618e-04 4.6695544733665884e-02 0
-3.8237784174270928e-02 2.0210839575156569e-03 3.6556027829647064e-02 0
-3.8237784174270928e-02 2.0210839575156569e-03 3.8004530244506896e-02 0
-3.8237784174270928e-02 2.0210839575156569e-03 3.9453032659366727e-02 0
-3.8237784174270928e-02 2.0210839575156569e-03 4.0901535074226558e-02 0
-3.8237784174270928e-02 2.0210839575156569e-03 4.2350037489086390e-02 0
-3.8237784174270928e-02 2.0210839575156569e-03 4.3798539903946221e-02 0
-3.8237784174270928e-02 2.0210839575156569e-03 4.5247042318806052e-02 0
-3.8237784174270928e-02 2.0210839575156569e-03 4.6695544733665884e-02 0
-3.8237784174270928e-02 3.5173743963241577e-03 3.6556027829647064e-02 0
-3.8237784174270928e-02 3.5173743963241577e-03 3.8004530244506896e-02 0
-3.8237784174270928e-02 3.5173743963241577e-03 3.9453032659366727e-02 0
-3.8237784174270928e-02 3.5173743963241577e-03 4.0901535074226558e-02 0
-3.8237784174270928e-02 3.5173743963241577e-03 4.2350037489086390e-02 0
-3.8237784174270928e-02 3.5173743963241577e-03 4.3798539903946221e-02 0
-3.8237784174270928e-02 3.5173743963241577e-03 4.5247042318806052e-02 0
-3.8237784174270928e-02 3.5173743963241577e-03 4.6695544733665884e-02 0
-3.8237784174270928e-02 5.0136648351326585e-03 3.6556027829647064e-02 0
-3.8237784174270928e-02 5.0136648351326585e-03 3.8004530244506896e-02 0
-3.8237784174270928e-02 5.0136648351326585e-03 3.9453032659366727e-02 0
-3.8237784174270928e-02 5.0136648351326585e-03 4.0901535074226558e-02 0
-3.8237784174270928e-02 5.0136648351326585e-03 4.2350037489086390e-02 0
-3.8237784174270928e-02 5.0136648351326585e-03 4.3798539903946221e-02 0
-3.8237784174270928e-02 5.0136648351326585e-03 4.5247042318806052e-02 0
-3.8237784174270928e-02 5.0136648351326585e-03 4.6695544733665884e-02 0
-3.8237784174270928e-02 6.5099552739411592e-03 3.6556027829647064e-02 0
-3.8237784174270928e-02 6.5099552739411592e-03 3.8004530244506896e-02 0
-3.8237784174270928e-02 6.5099552739411592e-03 3.9453032659366727e-02 0
-3.8237784174270928e-02 6.5099552739411592e-03 4.0901535074226558e-02 0
-3.8237784174270928e-02 6.5099552739411592e-03 4.2350037489086390e-02 0
-3.8237784174270928e-02 6.5099552739411592e-03 4.3798539903946221e-02 0
-3.8237784174270928e-02 6.5099552739411592e-03 4.5247042318806052e-02 0
-3.8237784174270928e-02 6.5099552739411592e-03 4.6695544733665884e-02 0
-3.8237784174270928e-02 8.0062457127496600e-03 3.6556027829647064e-02 0
-3.8237784174270928e-02 8.0062457127496600e-03 3.8004530244506896e-02 0
-3.8237784174270928e-02 8.0062457127496600e-03 3.9453032659366727e-02 0
-3.8237784174270928e-02 8.0062457127496600e-03 4.0901535074226558e-02 0
-3.8237784174270928e-02 8.0062457127496600e-03 4.2350037489086390e-02 0
-3.8237784174270928e-02 8.0062457127496600e-03 4.3798539903946221e-02 0
-3.8237784174270928e-02 8.0062457127496600e-03 4.5247042318806052e-02 0
-3.8237784174270928e-02 8.0062457127496600e-03 4.6695544733665884e-02 0
-3.8237784174270928e-02 9.5025361515581608e-03 3.6556027829647064e-02 0
-3.8237784174270928e-02 9.5025361515581608e-03 3.8004530244506896e-02 0
-3.8237784174270928e-02 9.5025361515581608e-03 3.9453032659366727e-02 0
-3.8237784174270928e-02 9.5025361515581608e-03 4.0901535074226558e-02 0
-3.8237784174270928e-02 9.5025361515581608e-03 4.2350037489086390e-02 0
-3.8237784174270928e-02 9.5025361515581608e-03 4.3798539903946221e-02 0
-3.8237784174270928e-02 9.5025361515581608e-03 4.5247042318806052e-02 0
-3.8237784174270928e-02 9.5025361515581608e-03 4.6695544733665884e-02 0
-3.8237784174270928e-02 1.0998826590366662e-02 3.6556027829647064e-02 0
-3.8237784174270928e-02 1.0998826590366662e-02 3.8004530244506896e-02 0
-3.8237784174270928e-02 1.0998826590366662e-02 3.9453032659366727e-02 0
-3.8237784174270928e-02 1.0998826590366662e-02 4.0901535074226558e-02 0
-3.8237784174270928e-02 1.0998826590366662e-02 4.2350037489086390e-02 0
-3.8237784174270928e-02 1.0998826590366662e-02 4.3798539903946221e-02 0
-3.8237784174270928e-02 1.0998826590366662e-02 4.5247042318806052e-02 0
-3.8237784174270928e-02 1.0998826590366662e-02 4.6695544733665884e-02 0
-3.8237784174270928e-02 1.2495117029175162e-02 3.6556027829647064e-02 0
-3.8237784174270928e-02 1.2495117029175162e-02 3.8004530244506896e-02 0
-3.8237784174270928e-02 1.2495117029175162e-02 3.9453032659366727e-02 0
-3.8237784174270928e-02 1.2495117029175162e-02 4.0901535074226558e-02 0
-3.8237784174270928e-02 1.2495117029175162e-02 4.2350037489086390e-02 0
-3.8237784174270928e-02 1.2495117029175162e-02 4.3798539903946221e-02 0
-3.8237784174270928e-02 1.2495117029175162e-02 4.5247042318806052e-02 0
-3.8237784174270928e-02 1.2495117029175162e-02 4.6695544733665884e-02 0
-3.8237784174270928e-02 1.3991407467983663e-02 3.6556027829647064e-02 0
-3.8237784174270928e-02 1.3991407467983663e-02 3.8004530244506896e-02 0
-3.8237784174270928e-02 1.3991407467983663e-02 3.9453032659366727e-02 0
-3.8237784174270928e-02 1.3991407467983663e-02 4.0901535074226558e-02 0
-3.8237784174270928e-02 1.3991407467983663e-02 4.2350037489086390e-02 0
-3.8237784174270928e-02 1.3991407467983663e-02 4.3798539903946221e-02 0
-3.8237784174270928e-02 1.3991407467983663e-02 4.5247042318806052e-02 0
-3.8237784174270928e-02 1.3991407467983663e-02 4.6695544733665884e-02 0
-3.8237784174270928e-02 1.5487697906792164e-02 3.6556027829647064e-02 0
-3.8237784174270928e-02 1.5487697906792164e-02 3.8004530244506896e-02 0
-3.8237784174270928e-02 1.5487697906792164e-02 3.9453032659366727e-02 0
-3.8237784174270928e-02 1.5487697906792164e-02 4.0901535074226558e-02 0
-3.8237784174270928e-02 1.5487697906792164e-02 4.2350037489086390e-02 0
-3.8237784174270928e-02 1.5487697906792164e-02 4.3798539903946221e-02 0
-3.8237784174270928e-02 1.5487697906792164e-02 4.5247042318806052e-02 0
-3.8237784174270928e-02 1.5487697906792164e-02 4.6695544733665884e-02 0
-3.8237784174270928e-02 1.6983988345600665e-02 3.6556027829647064e-02 0
-3.8237784174270928e-02 1.6983988345600665e-02 3.8004530244506896e-02 0
-3.8237784174270928e-02 1.6983988345600665e-02 3.9453032659366727e-02 0
-3.8237784174270928e-02 1.6983988345600665e-02 4.0901535074226558e-02 0
-3.8237784174270928e-02 1.6983988345600665e-02 4.2350037489086390e-02 0
-3.8237784174270928e-02 1.6983988345600665e-02 4.3798539903946221e-02 0
-3.8237784174270928e-02 1.6983988345600665e-02 4.5247042318806052e-02 0
-3.8237784174270928e-02 1.6983988345600665e-02 4.6695544733665884e-02 0
-3.8237784174270928e-02 1.8480278784409165e-02 3.6556027829647064e-02 0
-3.8237784174270928e-02 1.8480278784409165e-02 3.8004530244506896e-02 0
-3.8237784174270928e-02 1.8480278784409165e-02 3.9453032659366727e-02 0
-3.8237784174270928e-02 1.8480278784409165e-02 4.0901535074226558e-02 0
-3.8237784174270928e-02 1.8480278784409165e-02 4.2350037489086390e-02 0
-3.8237784174270928e-02 1.8480278784409165e-02 4.3798539903946221e-02 0
-3.8237784174270928e-02 1.8480278784409165e-02 4.5247042318806052e-02 0
-3.8237784174270928e-02 1.8480278784409165e-02 4.6695544733665884e-02 0
-3.8237784174270928e-02 1.9976569223217666e-02 3.6556027829647064e-02 0
-3.8237784174270928e-02 1.9976569223217666e-02 3.8004530244506896e-02 0
-3.8237784174270928e-02 1.9976569223217666e-02 3.9453032659366727e-02 0
-3.8237784174270928e-02 1.9976569223217666e-02 4.0901535074226558e-02 0
-3.8237784174270928e-02 1.9976569223217666e-02 4.2350037489086390e-02 0
-3.8237784174270928e-02 1.9976569223217666e-02 4.3798539903946221e-02 0
-3.8237784174270928e-02 1.9976569223217666e-02 4.5247042318806052e-02 0
-3.8237784174270928e-02 1.9976569223217666e-02 4.6695544733665884e-02 0
-3.8237784174270928e-02 2.1472859662026167e-02 3.6556027829647064e-02 0
-3.8237784174270928e-02 2.1472859662026167e-02 3.8004530244506896e-02 0
-3.8237784174270928e-02 2.1472859662026167e-02 3.9453032659366727e-02 0
-3.8237784174270928e-02 2.1472859662026167e-02 4.0901535074226558e-02 0
-3.8237784174270928e-02 2.1472859662026167e-02 4.2350037489086390e-02 0
-3.8237784174270928e-02 2.1472859662026167e-02 4.3798539903946221e-02 0
-3.8237784174270928e-02 2.1472859662026167e-02 4.5247042318806052e-02 0
-3.8237784174270928e-02 2.1472859662026167e-02 4.6695544733665884e-02 0
-3.6754135740920901e-02 -4.4363919645547867e-02 3.6556027829647064e-02 0
-3.6754135740920901e-02 -4.2867629206739366e-02 3.6556027829647064e-02 0
-3.6754135740920901e-02 -4.4363919645547867e-02 3.8004530244506896e-02 0
-3.6754135740920901e-02 -4.2867629206739366e-02 3.8004530244506896e-02 0
-3.6754135740920901e-02 -4.4363919645547867e-02 3.9453032659366727e-02 0
-3.6754135740920901e-02 -4.2867629206739366e-02 3.9453032659366727e-02 0
-3.6754135740920901e-02 -4.4363919645547867e-02 4.0901535074226558e-02 0
-3.6754135740920901e-02 -4.2867629206739366e-02 4.0901535074226558e-02 0
-3.6754135740920901e-02 -4.4363919645547867e-02 4.2350037489086390e-02 0
-3.6754135740920901e-02 -4.2867629206739366e-02 4.2350037489086390e-02 0
-3.6754135740920901e-02 -4.4363919645547867e-02 4.3798539903946221e-02 0
-3.6754135740920901e-02 -4.2867629206739366e-02 4.3798539903946221e-02 0
-3.6754135740920901e-02 -4.4363919645547867e-02 4.5247042318806052e-02 0
-3.6754135740920901e-02 -4.2867629206739366e-02 4.5247042318806052e-02 0
-3.6754135740920901e-02 -4.4363919645547867e-02 4.6695544733665884e-02 0
-3.6754135740920901e-02 -4.2867629206739366e-02 4.6695544733665884e-02 0
-3.6754135740920901e-02 -4.4363919645547867e-02 4.8144047148525715e-02 0
-3.6754135740920901e-02 -4.2867629206739366e-02 4.8144047148525715e-02 0
-3.6754135740920901e-02 -4.4363919645547867e-02 4.9592549563385546e-02 0
-3.6754135740920901e-02 -4.2867629206739366e-02 4.9592549563385546e-02 0
-3.6754135740920901e-02 -4.4363919645547867e-02 5.1041051978245378e-02 0
-3.6754135740920901e-02 -4.2867629206739366e-02 5.1041051978245378e-02 0
-3.6754135740920901e-02 -4.1371338767930865e-02 3.6556027829647064e-02 0
-3.6754135740920901e-02 -4.1371338767930865e-02 3.8004530244506896e-02 0
-3.6754135740920901e-02 -4.1371338767930865e-02 3.9453032659366727e-02 0
-3.6754135740920901e-02 -4.1371338767930865e-02 4.0901535074226558e-02 0
-3.6754135740920901e-02 -4.1371338767930865e-02 4.2350037489086390e-02 0
-3.6754135740920901e-02 -4.1371338767930865e-02 4.3798539903946221e-02 0
-3.6754135740920901e-02 -4.1371338767930865e-02 4.5247042318806052e-02 0
-3.6754135740920901e-02 -4.1371338767930865e-02 4.6695544733665884e-02 0
-3.6754135740920901e-02 -4.1371338767930865e-02 4.8144047148525715e-02 0
-3.6754135740920901e-02 -4.1371338767930865e-02 4.9592549563385546e-02 0
-3.6754135740920901e-02 -4.1371338767930865e-02 5.1041051978245378e-02 0
-3.6754135740920901e-02 -3.9875048329122365e-02 3.6556027829647064e-02 0
-3.6754135740920901e-02 -3.9875048329122365e-02 3.8004530244506896e-02 0
-3.6754135740920901e-02 -3.9875048329122365e-02 3.9453032659366727e-02 0
-3.6754135740920901e-02 -3.9875048329122365e-02 4.0901535074226558e-02 0
-3.6754135740920901e-02 -3.9875048329122365e-02 4.2350037489086390e-02 0
-3.6754135740920901e-02 -3.9875048329122365e-02 4.3798539903946221e-02 0
-3.6754135740920901e-02 -3.9875048329122365e-02 4.5247042318806052e-02 0
-3.6754135740920901e-02 -3.9875048329122365e-02 4.6695544733665884e-02 0
-3.6754135740920901e-02 -3.9875048329122365e-02 4.8144047148525715e-02 0
-3.6754135740920901e-02 -3.9875048329122365e-02 4.9592549563385546e-02 0
-3.6754135740920901e-02 -3.9875048329122365e-02 5.1041051978245378e-02 0
-3.6754135740920901e-02 -3.8378757890313864e-02 3.6556027829647064e-02 0
-3.6754135740920901e-02 -3.8378757890313864e-02 3.8004530244506896e-02 0
-3.6754135740920901e-02 -3.8378757890313864e-02 3.9453032659366727e-02 0
-3.6754135740920901e-02 -3.8378757890313864e-02 4.0901535074226558e-02 0
-3.6754135740920901e-02 -3.8378757890313864e-02 4.2350037489086390e-02 0
-3.6754135740920901e-02 -3.8378757890313864e-02 4.3798539903946221e-02 0
-3.6754135740920901e-02 -3.8378757890313864e-02 4.5247042318806052e-02 0
-3.6754135740920901e-02 -3.8378757890313864e-02 4.6695544733665884e-02 0
-3.6754135740920901e-02 -3.8378757890313864e-02 4.8144047148525715e-02 0
-3.6754135740920901e-02 -3.8378757890313864e-02 4.9592549563385546e-02 0
-3.6754135740920901e-02 -3.8378757890313864e-02 5.1041051978245378e-02 0
-3.6754135740920901e-02 -3.6882467451505363e-02 3.6556027829647064e-02 0
-3.6754135740920901e-02 -3.6882467451505363e-02 3.8004530244506896e-02 0
-3.6754135740920901e-02 -3.6882467451505363e-02 3.9453032659366727e-02 0
-3.6754135740920901e-02 -3.6882467451505363e-02 4.0901535074226558e-02 0
-3.6754135740920901e-02 -3.6882467451505363e-02 4.2350037489086390e-02 0
-3.6754135740920901e-02 -3.6882467451505363e-02 4.3798539903946221e-02 0
-3.6754135740920901e-02 -3.6882467451505363e-02 4.5247042318806052e-02 0
-3.6754135740920901e-02 -3.6882467451505363e-02 4.6695544733665884e-02 0
-3.6754135740920901e-02 -3.6882467451505363e-02 4.8144047148525715e-02 0
-3.6754135740920901e-02 -3.6882467451505363e-02 4.9592549563385546e-02 0
-3.6754135740920901e-02 -3.6882467451505363e-02 5.1041051978245378e-02 0
-3.6754135740920901e-02 -3.5386177012696862e-02 3.6556027829647064e-02 0
-3.6754135740920901e-02 -3.5386177012696862e-02 3.8004530244506896e-02 0
-3.6754135740920901e-02 -3.5386177012696862e-02 3.9453032659366727e-02 0
-3.6754135740920901e-02 -3.5386177012696862e-02 4.0901535074226558e-02 0
-3.6754135740920901e-02 -3.5386177012696862e-02 4.2350037489086390e-02 0
-3.6754135740920901e-02 -3.5386177012696862e-02 4.3798539903946221e-02 0
-3.6754135740920901e-02 -3.5386177012696862e-02 4.5247042318806052e-02 0
-3.6754135740920901e-02 -3.5386177012696862e-02 4.6695544733665884e-02 0
-3.6754135740920901e-02 -3.5386177012696862e-02 4.8144047148525715e-02 0
-3.6754135740920901e-02 -3.5386177012696862e-02 4.9592549563385546e-02 0
-3.6754135740920901e-02 -3.5386177012696862e-02 5.1041051978245378e-02 0
-3.6754135740920901e-02 -3.3889886573888361e-02 3.6556027829647064e-02 0
-3.6754135740920901e-02 -3.3889886573888361e-02 3.8004530244506896e-02 0
-3.6754135740920901e-02 -3.3889886573888361e-02 3.9453032659366727e-02 0
-3.6754135740920901e-02 -3.3889886573888361e-02 4.0901535074226558e-02 0
-3.6754135740920901e-02 -3.3889886573888361e-02 4.2350037489086390e-02 0
-3.6754135740920901e-02 -3.3889886573888361e-02 4.3798539903946221e-02 0
-3.6754135740920901e-02 -3.3889886573888361e-02 4.5247042318806052e-02 0
-3.6754135740920901e-02 -3.3889886573888361e-02 4.6695544733665884e-02 0
-3.6754135740920901e-02 -3.3889886573888361e-02 4.8144047148525715e-02 0
-3.6754135740920901e-02 -3.3889886573888361e-02 4.9592549563385546e-02 0
-3.6754135740920901e-02 -3.3889886573888361e-02 5.1041051978245378e-02 0
-3.6754135740920901e-02 -3.2393596135079861e-02 3.6556027829647064e-02 0
-3.6754135740920901e-02 -3.2393596135079861e-02 3.8004530244506896e-02 0
-3.6754135740920901e-02 -3.2393596135079861e-02 3.9453032659366727e-02 0
-3.6754135740920901e-02 -3.2393596135079861e-02 4.0901535074226558e-02 0
-3.6754135740920901e-02 -3.2393596135079861e-02 4.2350037489086390e-02 0
-3.6754135740920901e-02 -3.2393596135079861e-02 4.3798539903946221e-02 0
-3.6754135740920901e-02 -3.2393596135079861e-02 4.5247042318806052e-02 0
-3.6754135740920901e-02 -3.2393596135079861e-02 4.6695544733665884e-02 0
-3.6754135740920901e-02 -3.2393596135079861e-02 4.8144047148525715e-02 0
-3.6754135740920901e-02 -3.2393596135079861e-02 4.9592549563385546e-02 0
-3.6754135740920901e-02 -3.2393596135079861e-02 5.1041051978245378e-02 0
-3.6754135740920901e-02 -3.0897305696271360e-02 3.6556027829647064e-02 0
-3.6754135740920901e-02 -3.0897305696271360e-02 3.8004530244506896e-02 0
-3.6754135740920901e-02 -3.0897305696271360e-02 3.9453032659366727e-02 0
-3.6754135740920901e-02 -3.0897305696271360e-02 4.0901535074226558e-02 0
-3.6754135740920901e-02 -3.0897305696271360e-02 4.2350037489086390e-02 0
-3.6754135740920901e-02 -3.0897305696271360e-02 4.3798539903946221e-02 0
-3.6754135740920901e-02 -3.0897305696271360e-02 4.5247042318806052e-02 0
-3.6754135740920901e-02 -3.0897305696271360e-02 4.6695544733665884e-02 0
-3.6754135740920901e-02 -3.0897305696271360e-02 4.8144047148525715e-02 0
-3.6754135740920901e-02 -3.0897305696271360e-02 4.9592549563385546e-02 0
-3.6754135740920901e-02 -3.0897305696271360e-02 5.1041051978245378e-02 0
-3.6754135740920901e-02 -2.9401015257462859e-02 3.6556027829647064e-02 0
-3.6754135740920901e-02 -2.9401015257462859e-02 3.8004530244506896e-02 0
-3.6754135740920901e-02 -2.9401015257462859e-02 3.9453032659366727e-02 0
-3.6754135740920901e-02 -2.9401015257462859e-02 4.0901535074226558e-02 0
-3.6754135740920901e-02 -2.9401015257462859e-02 4.2350037489086390e-02 0
-3.6754135740920901e-02 -2.9401015257462859e-02 4.3798539903946221e-02 0
-3.6754135740920901e-02 -2.9401015257462859e-02 4.5247042318806052e-02 0
-3.6754135740920901e-02 -2.9401015257462859e-02 4.6695544733665884e-02 0
-3.6754135740920901e-02 -2.9401015257462859e-02 4.8144047148525715e-02 0
-3.6754135740920901e-02 -2.9401015257462859e-02 4.9592549563385546e-02 0
-3.6754135740920901e-02 -2.9401015257462859e-02 5.1041051978245378e-02 0
-3.6754135740920901e-02 -2.7904724818654358e-02 3.6556027829647064e-02 0
-3.6754135740920901e-02 -2.7904724818654358e-02 3.8004530244506896e-02 0
-3.6754135740920901e-02 -2.7904724818654358e-02 3.9453032659366727e-02 0
-3.6754135740920901e-02 -2.7904724818654358e-02 4.0901535074226558e-02 0
-3.6754135740920901e-02 -2.7904724818654358e-02 4.2350037489086390e-02 0
-3.6754135740920901e-02 -2.7904724818654358e-02 4.3798539903946221e-02 0
-3.6754135740920901e-02 -2.7904724818654358e-02 4.5247042318806052e-02 0
-3.6754135740920901e-02 -2.7904724818654358e-02 4.6695544733665884e-02 0
-3.6754135740920901e-02 -2.7904724818654358e-02 4.8144047148525715e-02 0
-3.6754135740920901e-02 -2.7904724818654358e-02 4.9592549563385546e-02 0
-3.6754135740920901e-02 -2.7904724818654358e-02 5.1041051978245378e-02 0
-3.6754135740920901e-02 -2.6408434379845858e-02 3.6556027829647064e-02 0
-3.6754135740920901e-02 -2.6408434379845858e-02 3.8004530244506896e-02 0
-3.6754135740920901e-02 -2.6408434379845858e-02 3.9453032659366727e-02 0
-3.6754135740920901e-02 -2.6408434379845858e-02 4.0901535074226558e-02 0
-3.6754135740920901e-02 -2.6408434379845858e-02 4.2350037489086390e-02 0
-3.6754135740920901e-02 -2.6408434379845858e-02 4.3798539903946221e-02 0
-3.6754135740920901e-02 -2.6408434379845858e-02 4.5247042318806052e-02 0
-3.6754135740920901e-02 -2.6408434379845858e-02 4.6695544733665884e-02 0
-3.6754135740920901e-02 -2.6408434379845858e-02 4.8144047148525715e-02 0
-3.6754135740920901e-02 -2.6408434379845858e-02 4.9592549563385546e-02 0
-3.6754135740920901e-02 -2.6408434379845858e-02 5.1041051978245378e-02 0
-3.6754135740920901e-02 -2.4912143941037357e-02 3.6556027829647064e-02 0
-3.6754135740920901e-02 -2.4912143941037357e-02 3.8004530244506896e-02 0
-3.6754135740920901e-02 -2.4912143941037357e-02 3.9453032659366727e-02 0
-3.6754135740920901e-02 -2.4912143941037357e-02 4.0901535074226558e-02 0
-3.6754135740920901e-02 -2.4912143941037357e-02 4.2350037489086390e-02 0
-3.6754135740920901e-02 -2.4912143941037357e-02 4.3798539903946221e-02 0
-3.6754135740920901e-02 -2.4912143941037357e-02 4.5247042318806052e-02 0
-3.6754135740920901e-02 -2.4912143941037357e-02 4.6695544733665884e-02 0
-3.6754135740920901e-02 -2.4912143941037357e-02 4.8144047148525715e-02 0
-3.6754135740920901e-02 -2.4912143941037357e-02 4.9592549563385546e-02 0
-3.6754135740920901e-02 -2.4912143941037357e-02 5.1041051978245378e-02 0
-3.6754135740920901e-02 -2.3415853502228856e-02 3.6556027829647064e-02 0
-3.6754135740920901e-02 -2.3415853502228856e-02 3.8004530244506896e-02 0
-3.6754135740920901e-02 -2.3415853502228856e-02 3.9453032659366727e-02 0
-3.6754135740920901e-02 -2.3415853502228856e-02 4.0901535074226558e-02 0
-3.6754135740920901e-02 -2.3415853502228856e-02 4.2350037489086390e-02 0
-3.6754135740920901e-02 -2.3415853502228856e-02 4.3798539903946221e-02 0
-3.6754135740920901e-02 -2.3415853502228856e-02 4.5247042318806052e-02 0
-3.6754135740920901e-02 -2.3415853502228856e-02 4.6695544733665884e-02 0
-3.6754135740920901e-02 -2.1919563063420355e-02 3.6556027829647064e-02 0
-3.6754135740920901e-02 -2.1919563063420355e-02 3.8004530244506896e-02 0
-3.6754135740920901e-02 -2.1919563063420355e-02 3.9453032659366727e-02 0
-3.6754135740920901e-02 -2.1919563063420355e-02 4.0901535074226558e-02 0
-3.6754135740920901e-02 -2.1919563063420355e-02 4.2350037489086390e-02 0
-3.6754135740920901e-02 -2.1919563063420355e-02 4.3798539903946221e-02 0
-3.6754135740920901e-02 -2.1919563063420355e-02 4.5247042318806052e-02 0
-3.6754135740920901e-02 -2.1919563063420355e-02 4.6695544733665884e-02 0
-3.6754135740920901e-02 -2.0423272624611855e-02 3.6556027829647064e-02 0
-3.6754135740920901e-02 -2.0423272624611855e-02 3.8004530244506896e-02 0
-3.6754135740920901e-02 -2.0423272624611855e-02 3.9453032659366727e-02 0
-3.6754135740920901e-02 -2.0423272624611855e-02 4.0901535074226558e-02 0
-3.6754135740920901e-02 -2.0423272624611855e-02 4.2350037489086390e-02 0
-3.6754135740920901e-02 -2.0423272624611855e-02 4.3798539903946221e-02 0
-3.6754135740920901e-02 -2.0423272624611855e-02 4.5247042318806052e-02 0
-3.6754135740920901e-02 -2.0423272624611855e-02 4.6695544733665884e-02 0
-3.6754135740920901e-02 -1.8926982185803354e-02 3.6556027829647064e-02 0
-3.6754135740920901e-02 -1.8926982185803354e-02 3.8004530244506896e-02 0
-3.6754135740920901e-02 -1.8926982185803354e-02 3.9453032659366727e-02 0
-3.6754135740920901e-02 -1.8926982185803354e-02 4.0901535074226558e-02 0
-3.6754135740920901e-02 -1.8926982185803354e-02 4.2350037489086390e-02 0
-3.6754135740920901e-02 -1.8926982185803354e-02 4.3798539903946221e-02 0
-3.6754135740920901e-02 -1.8926982185803354e-02 4.5247042318806052e-02 0
-3.6754135740920901e-02 -1.8926982185803354e-02 4.6695544733665884e-02 0
-3.6754135740920901e-02 -1.7430691746994853e-02 3.6556027829647064e-02 0
-3.6754135740920901e-02 -1.7430691746994853e-02 3.8004530244506896e-02 0
-3.6754135740920901e-02 -1.7430691746994853e-02 3.9453032659366727e-02 0
-3.6754135740920901e-02 -1.7430691746994853e-02 4.0901535074226558e-02 0
-3.6754135740920901e-02 -1.7430691746994853e-02 4.2350037489086390e-02 0
-3.6754135740920901e-02 -1.7430691746994853e-02 4.3798539903946221e-02 0
-3.6754135740920901e-02 -1.7430691746994853e-02 4.5247042318806052e-02 0
-3.6754135740920901e-02 -1.7430691746994853e-02 4.6695544733665884e-02 0
-3.6754135740920901e-02 -1.5934401308186352e-02 3.6556027829647064e-02 0
-3.6754135740920901e-02 -1.5934401308186352e-02 3.8004530244506896e-02 0
-3.6754135740920901e-02 -1.5934401308186352e-02 3.9453032659366727e-02 0
-3.6754135740920901e-02 -1.5934401308186352e-02 4.0901535074226558e-02 0
-3.6754135740920901e-02 -1.5934401308186352e-02 4.2350037489086390e-02 0
-3.6754135740920901e-02 -1.5934401308186352e-02 4.3798539903946221e-02 0
-3.6754135740920901e-02 -1.5934401308186352e-02 4.5247042318806052e-02 0
-3.6754135740920901e-02 -1.5934401308186352e-02 4.6695544733665884e-02 0
-3.6754135740920901e-02 -1.4438110869377851e-02 3.6556027829647064e-02 0
-3.6754135740920901e-02 -1.4438110869377851e-02 3.8004530244506896e-02 0
-3.6754135740920901e-02 -1.4438110869377851e-02 3.9453032659366727e-02 0
-3.6754135740920901e-02 -1.4438110869377851e-02 4.0901535074226558e-02 0
-3.6754135740920901e-02 -1.4438110869377851e-02 4.2350037489086390e-02 0
-3.6754135740920901e-02 -1.4438110869377851e-02 4.3798539903946221e-02 0
-3.6754135740920901e-02 -1.4438110869377851e-02 4.5247042318806052e-02 0
-3.6754135740920901e-02 -1.4438110869377851e-02 4.6695544733665884e-02 0
-3.6754135740920901e-02 -1.2941820430569351e-02 3.6556027829647064e-02 0
-3.6754135740920901e-02 -1.2941820430569351e-02 3.8004530244506896e-02 0
-3.6754135740920901e-02 -1.2941820430569351e-02 3.9453032659366727e-02 0
-3.6754135740920901e-02 -1.2941820430569351e-02 4.0901535074226558e-02 0
-3.6754135740920901e-02 -1.2941820430569351e-02 4.2350037489086390e-02 0
-3.6754135740920901e-02 -1.2941820430569351e-02 4.3798539903946221e-02 0
-3.6754135740920901e-02 -1.2941820430569351e-02 4.5247042318806052e-02 0
-3.6754135740920901e-02 -1.2941820430569351e-02 4.6695544733665884e-02 0
-3.6754135740920901e-02 -1.1445529991760850e-02 3.6556027829647064e-02 0
-3.6754135740920901e-02 -1.1445529991760850e-02 3.8004530244506896e-02 0
-3.6754135740920901e-02 -1.1445529991760850e-02 3.9453032659366727e-02 0
-3.6754135740920901e-02 -1.1445529991760850e-02 4.0901535074226558e-02 0
-3.6754135740920901e-02 -1.1445529991760850e-02 4.2350037489086390e-02 0
-3.6754135740920901e-02 -1.1445529991760850e-02 4.3798539903946221e-02 0
-3.6754135740920901e-02 -1.1445529991760850e-02 4.5247042318806052e-02 0
-3.6754135740920901e-02 -1.1445529991760850e-02 4.6695544733665884e-02 0
-3.6754135740920901e-02 -9.9492395529523492e-03 3.6556027829647064e-02 0
-3.6754135740920901e-02 -9.9492395529523492e-03 3.8004530244506896e-02 0
-3.6754135740920901e-02 -9.9492395529523492e-03 3.9453032659366727e-02 0
-3.6754135740920901e-02 -9.9492395529523492e-03 4.0901535074226558e-02 0
-3.6754135740920901e-02 -9.9492395529523492e-03 4.2350037489086390e-02 0
-3.6754135740920901e-02 -9.9492395529523492e-03 4.3798539903946221e-02 0
-3.6754135740920901e-02 -9.9492395529523492e-03 4.5247042318806052e-02 0
-3.6754135740920901e-02 -9.9492395529523492e-03 4.6695544733665884e-02 0
-3.6754135740920901e-02 -8.4529491141438484e-03 3.6556027829647064e-02 0
-3.6754135740920901e-02 -8.4529491141438484e-03 3.8004530244506896e-02 0
-3.6754135740920901e-02 -8.4529491141438484e-03 3.9453032659366727e-02 0
-3.6754135740920901e-02 -8.4529491141438484e-03 4.0901535074226558e-02 0
-3.6754135740920901e-02 -8.4529491141438484e-03 4.2350037489086390e-02 0
-3.6754135740920901e-02 -8.4529491141438484e-03 4.3798539903946221e-02 0
-3.6754135740920901e-02 -8.4529491141438484e-03 4.5247042318806052e-02 0
-3.6754135740920901e-02 -8.4529491141438484e-03 4.6695544733665884e-02 0
-3.6754135740920901e-02 -6.9566586753353477e-03 3.6556027829647064e-02 0
-3.6754135740920901e-02 -6.9566586753353477e-03 3.8004530244506896e-02 0
-3.6754135740920901e-02 -6.9566586753353477e-03 3.9453032659366727e-02 0
-3.6754135740920901e-02 -6.9566586753353477e-03 4.0901535074226558e-02 0
-3.6754135740920901e-02 -6.9566586753353477e-03 4.2350037489086390e-02 0
-3.6754135740920901e-02 -6.9566586753353477e-03 4.3798539903946221e-02 0
-3.6754135740920901e-02 -6.9566586753353477e-03 4.5247042318806052e-02 0
-3.6754135740920901e-02 -6.9566586753353477e-03 4.6695544733665884e-02 0
-3.6754135740920901e-02 -5.4603682365268469e-03 3.6556027829647064e-02 0
-3.6754135740920901e-02 -5.4603682365268469e-03 3.8004530244506896e-02 0
-3.6754135740920901e-02 -5.4603682365268469e-03 3.9453032659366727e-02 0
-3.6754135740920901e-02 -5.4603682365268469e-03 4.0901535074226558e-02 0
-3.6754135740920901e-02 -5.4603682365268469e-03 4.2350037489086390e-02 0
-3.6754135740920901e-02 -5.4603682365268469e-03 4.3798539903946221e-02 0
-3.6754135740920901e-02 -5.4603682365268469e-03 4.5247042318806052e-02 0
-3.6754135740920901e-02 -5.4603682365268469e-03 4.6695544733665884e-02 0
-3.6754135740920901e-02 -3.9640777977183461e-03 3.6556027829647064e-02 0
-3.6754135740920901e-02 -3.9640777977183461e-03 3.8004530244506896e-02 0
-3.6754135740920901e-02 -3.9640777977183461e-03 3.9453032659366727e-02 0
-3.6754135740920901e-02 -3.9640777977183461e-03 4.0901535074226558e-02 0
-3.6754135740920901e-02 -3.9640777977183461e-03 4.2350037489086390e-02 0
-3.6754135740920901e-02 -3.9640777977183461e-03 4.3798539903946221e-02 0
-3.6754135740920901e-02 -3.9640777977183461e-03 4.5247042318806052e-02 0
-3.6754135740920901e-02 -3.9640777977183461e-03 4.6695544733665884e-02 0
-3.6754135740920901e-02 -2.4677873589098454e-03 3.6556027829647064e-02 0
-3.6754135740920901e-02 -2.4677873589098454e-03 3.8004530244506896e-02 0
-3.6754135740920901e-02 -2.4677873589098454e-03 3.9453032659366727e-02 0
-3.6754135740920901e-02 -2.4677873589098454e-03 4.0901535074226558e-02 0
-3.6754135740920901e-02 -2.4677873589098454e-03 4.2350037489086390e-02 0
-3.6754135740920901e-02 -2.4677873589098454e-03 4.3798539903946221e-02 0
-3.6754135740920901e-02 -2.4677873589098454e-03 4.5247042318806052e-02 0
-3.6754135740920901e-02 -2.4677873589098454e-03 4.6695544733665884e-02 0
-3.6754135740920901e-02 -9.7149692010134459e-04 3.6556027829647064e-02 0
-3.6754135740920901e-02 -9.7149692010134459e-04 3.8004530244506896e-02 0
-3.6754135740920901e-02 -9.7149692010134459e-04 3.9453032659366727e-02 0
-3.6754135740920901e-02 -9.7149692010134459e-04 4.0901535074226558e-02 0
-3.6754135740920901e-02 -9.7149692010134459e-04 4.2350037489086390e-02 0
-3.6754135740920901e-02 -9.7149692010134459e-04 4.3798539903946221e-02 0
-3.6754135740920901e-02 -9.7149692010134459e-04 4.5247042318806052e-02 0
-3.6754135740920901e-02 -9.7149692010134459e-04 4.6695544733665884e-02 0
-3.6754135740920901e-02 5.2479351870715618e-04 3.6556027829647064e-02 0
-3.6754135740920901e-02 5.2479351870715618e-04 3.8004530244506896e-02 0
-3.6754135740920901e-02 5.2479351870715618e-04 3.9453032659366727e-02 0
-3.6754135740920901e-02 5.2479351870715618e-04 4.0901535074226558e-02 0
-3.6754135740920901e-02 5.2479351870715618e-04 4.2350037489086390e-02 0
-3.6754135740920901e-02 5.2479351870715618e-04 4.3798539903946221e-02 0
-3.6754135740920901e-02 5.2479351870715618e-04 4.5247042318806052e-02 0
-3.6754135740920901e-02 5.2479351870715618e-04 4.6695544733665884e-02 0
-3.6754135740920901e-02 2.0210839575156569e-03 3.6556027829647064e-02 0
-3.6754135740920901e-02 2.0210839575156569e-03 3.8004530244506896e-02 0
-3.6754135740920901e-02 2.0210839575156569e-03 3.9453032659366727e-02 0
-3.6754135740920901e-02 2.0210839575156569e-03 4.0901535074226558e-02 0
-3.6754135740920901e-02 2.0210839575156569e-03 4.2350037489086390e-02 0
-3.6754135740920901e-02 2.0210839575156569e-03 4.3798539903946221e-02 0
-3.6754135740920901e-02 2.0210839575156569e-03 4.5247042318806052e-02 0
-3.6754135740920901e-02 2.0210839575156569e-03 4.6695544733665884e-02 0
-3.6754135740920901e-02 3.5173743963241577e-03 3.6556027829647064e-02 0
-3.6754135740920901e-02 3.5173743963241577e-03 3.8004530244506896e-02 0
-3.6754135740920901e-02 3.5173743963241577e-03 3.9453032659366727e-02 0
-3.6754135740920901e-02 3.5173743963241577e-03 4.0901535074226558e-02 0
-3.6754135740920901e-02 3.5173743963241577e-03 4.2350037489086390e-02 0
-3.6754135740920901e-02 3.5173743963241577e-03 4.3798539903946221e-02 0
-3.6754135740920901e-02 3.5173743963241577e-03 4.5247042318806052e-02 0
-3.6754135740920901e-02 3.5173743963241577e-03 4.6695544733665884e-02 0
-3.6754135740920901e-02 5.0136648351326585e-03 3.6556027829647064e-02 0
-3.6754135740920901e-02 5.0136648351326585e-03 3.8004530244506896e-02 0
-3.6754135740920901e-02 5.0136648351326585e-03 3.9453032659366727e-02 0
-3.6754135740920901e-02 5.0136648351326585e-03 4.0901535074226558e-02 0
-3.6754135740920901e-02 5.0136648351326585e-03 4.2350037489086390e-02 0
-3.6754135740920901e-02 5.0136648351326585e-03 4.3798539903946221e-02 0
-3.6754135740920901e-02 5.0136648351326585e-03 4.5247042318806052e-02 0
-3.6754135740920901e-02 5.0136648351326585e-03 4.6695544733665884e-02 0
-3.6754135740920901e-02 6.5099552739411592e-03 3.6556027829647064e-02 0
-3.6754135740920901e-02 6.5099552739411592e-03 3.8004530244506896e-02 0
-3.6754135740920901e-02 6.5099552739411592e-03 3.9453032659366727e-02 0
-3.6754135740920901e-02 6.5099552739411592e-03 4.0901535074226558e-02 0
-3.6754135740920901e-02 6.5099552739411592e-03 4.2350037489086390e-02 0
-3.6754135740920901e-02 6.5099552739411592e-03 4.3798539903946221e-02 0
-3.6754135740920901e-02 6.5099552739411592e-03 4.5247042318806052e-02 0
-3.6754135740920901e-02 6.5099552739411592e-03 4.6695544733665884e-02 0
-3.6754135740920901e-02 8.0062457127496600e-03 3.6556027829647064e-02 0
-3.6754135740920901e-02 8.0062457127496600e-03 3.8004530244506896e-02 0
-3.6754135740920901e-02 8.0062457127496600e-03 3.9453032659366727e-02 0
-3.6754135740920901e-02 8.0062457127496600e-03 4.0901535074226558e-02 0
-3.6754135740920901e-02 8.0062457127496600e-03 4.2350037489086390e-02 0
-3.6754135740920901e-02 8.0062457127496600e-03 4.3798539903946221e-02 0
-3.6754135740920901e-02 8.0062457127496600e-03 4.5247042318806052e-02 0
-3.6754135740920901e-02 8.0062457127496600e-03 4.6695544733665884e-02 0
-3.6754135740920901e-02 9.5025361515581608e-03 3.6556027829647064e-02 0
-3.6754135740920901e-02 9.5025361515581608e-03 3.8004530244506896e-02 0
-3.6754135740920901e-02 9.5025361515581608e-03 3.9453032659366727e-02 0
-3.6754135740920901e-02 9.5025361515581608e-03 4.0901535074226558e-02 0
-3.6754135740920901e-02 9.5025361515581608e-03 4.2350037489086390e-02 0
-3.6754135740920901e-02 9.5025361515581608e-03 4.3798539903946221e-02 0
-3.6754135740920901e-02 9.5025361515581608e-03 4.5247042318806052e-02 0
-3.6754135740920901e-02 9.5025361515581608e-03 4.6695544733665884e-02 0
-3.6754135740920901e-02 1.0998826590366662e-02 3.6556027829647064e-02 0
-3.6754135740920901e-02 1.0998826590366662e-02 3.8004530244506896e-02 0
-3.6754135740920901e-02 1.0998826590366662e-02 3.9453032659366727e-02 0
-3.6754135740920901e-02 1.0998826590366662e-02 4.0901535074226558e-02 0
-3.6754135740920901e-02 1.0998826590366662e-02 4.2350037489086390e-02 0
-3.6754135740920901e-02 1.0998826590366662e-02 4.3798539903946221e-02 0
-3.6754135740920901e-02 1.0998826590366662e-02 4.5247042318806052e-02 0
-3.6754135740920901e-02 1.0998826590366662e-02 4.6695544733665884e-02 0
-3.6754135740920901e-02 1.2495117029175162e-02 3.6556027829647064e-02 0
-3.6754135740920901e-02 1.2495117029175162e-02 3.8004530244506896e-02 0
-3.6754135740920901e-02 1.2495117029175162e-02 3.9453032659366727e-02 0
-3.6754135740920901e-02 1.2495117029175162e-02 4.0901535074226558e-02 0
-3.6754135740920901e-02 1.2495117029175162e-02 4.2350037489086390e-02 0
-3.6754135740920901e-02 1.2495117029175162e-02 4.3798539903946221e-02 0
-3.6754135740920901e-02 1.2495117029175162e-02 4.5247042318806052e-02 0
-3.6754135740920901e-02 1.2495117029175162e-02 4.6695544733665884e-02 0
-3.6754135740920901e-02 1.3991407467983663e-02 3.6556027829647064e-02 0
-3.6754135740920901e-02 1.3991407467983663e-02 3.8004530244506896e-02 0
-3.6754135740920901e-02 1.3991407467983663e-02 3.9453032659366727e-02 0
-3.6754135740920901e-02 1.3991407467983663e-02 4.0901535074226558e-02 0
-3.6754135740920901e-02 1.3991407467983663e-02 4.2350037489086390e-02 0
-3.6754135740920901e-02 1.3991407467983663e-02 4.3798539903946221e-02 0
-3.6754135740920901e-02 1.3991407467983663e-02 4.5247042318806052e-02 0
-3.6754135740920901e-02 1.3991407467983663e-02 4.6695544733665884e-02 0
-3.6754135740920901e-02 1.5487697906792164e-02 3.6556027829647064e-02 0
-3.6754135740920901e-02 1.5487697906792164e-02 3.8004530244506896e-02 0
-3.6754135740920901e-02 1.5487697906792164e-02 3.9453032659366727e-02 0
-3.6754135740920901e-02 1.5487697906792164e-02 4.0901535074226558e-02 0
-3.6754135740920901e-02 1.5487697906792164e-02 4.2350037489086390e-02 0
-3.6754135740920901e-02 1.5487697906792164e-02 4.3798539903946221e-02 0
-3.6754135740920901e-02 1.5487697906792164e-02 4.5247042318806052e-02 0
-3.6754135740920901e-02 1.5487697906792164e-02 4.6695544733665884e-02 0
-3.6754135740920901e-02 1.6983988345600665e-02 3.6556027829647064e-02 0
-3.6754135740920901e-02 1.6983988345600665e-02 3.8004530244506896e-02 0
-3.6754135740920901e-02 1.6983988345600665e-02 3.9453032659366727e-02 0
-3.6754135740920901e-02 1.6983988345600665e-02 4.0901535074226558e-02 0
-3.6754135740920901e-02 1.6983988345600665e-02 4.2350037489086390e-02 0
-3.6754135740920901e-02 1.6983988345600665e-02 4.3798539903946221e-02 0
-3.6754135740920901e-02 1.6983988345600665e-02 4.5247042318806052e-02 0
-3.6754135740920901e-02 1.6983988345600665e-02 4.6695544733665884e-02 0
-3.6754135740920901e-02 1.8480278784409165e-02 3.6556027829647064e-02 0
-3.6754135740920901e-02 1.8480278784409165e-02 3.8004530244506896e-02 0
-3.6754135740920901e-02 1.8480278784409165e-02 3.9453032659366727e-02 0
-3.6754135740920901e-02 1.8480278784409165e-02 4.0901535074226558e-02 0
-3.6754135740920901e-02 1.8480278784409165e-02 4.2350037489086390e-02 0
-3.6754135740920901e-02 1.8480278784409165e-02 4.3798539903946221e-02 0
-3.6754135740920901e-02 1.8480278784409165e-02 4.5247042318806052e-02 0
-3.6754135740920901e-02 1.8480278784409165e-02 4.6695544733665884e-02 0
-3.6754135740920901e-02 1.9976569223217666e-02 3.6556027829647064e-02 0
-3.6754135740920901e-02 1.9976569223217666e-02 3.8004530244506896e-02 0
-3.6754135740920901e-02 1.9976569223217666e-02 3.9453032659366727e-02 0
-3.6754135740920901e-02 1.9976569223217666e-02 4.0901535074226558e-02 0
-3.6754135740920901e-02 1.9976569223217666e-02 4.2350037489086390e-02 0
-3.6754135740920901e-02 1.9976569223217666e-02 4.3798539903946221e-02 0
-3.6754135740920901e-02 1.9976569223217666e-02 4.5247042318806052e-02 0
-3.6754135740920901e-02 1.9976569223217666e-02 4.6695544733665884e-02 0
-3.6754135740920901e-02 2.1472859662026167e-02 3.6556027829647064e-02 0
-3.6754135740920901e-02 2.1472859662026167e-02 3.8004530244506896e-02 0
-3.6754135740920901e-02 2.1472859662026167e-02 3.9453032659366727e-02 0
-3.6754135740920901e-02 2.1472859662026167e-02 4.0901535074226558e-02 0
-3.6754135740920901e-02 2.1472859662026167e-02 4.2350037489086390e-02 0
-3.6754135740920901e-02 2.1472859662026167e-02 4.3798539903946221e-02 0
-3.6754135740920901e-02 2.1472859662026167e-02 4.5247042318806052e-02 0
-3.6754135740920901e-02 2.1472859662026167e-02 4.6695544733665884e-02 0
-3.5270487307570875e-02 -4.4363919645547867e-02 3.6556027829647064e-02 0
-3.5270487307570875e-02 -4.2867629206739366e-02 3.6556027829647064e-02 0
-3.5270487307570875e-02 -4.4363919645547867e-02 3.8004530244506896e-02 0
-3.5270487307570875e-02 -4.2867629206739366e-02 3.8004530244506896e-02 0
-3.5270487307570875e-02 -4.4363919645547867e-02 3.9453032659366727e-02 0
-3.5270487307570875e-02 -4.2867629206739366e-02 3.9453032659366727e-02 0
-3.5270487307570875e-02 -4.4363919645547867e-02 4.0901535074226558e-02 0
-3.5270487307570875e-02 -4.2867629206739366e-02 4.0901535074226558e-02 0
-3.5270487307570875e-02 -4.4363919645547867e-02 4.2350037489086390e-02 0
-3.5270487307570875e-02 -4.2867629206739366e-02 4.2350037489086390e-02 0
-3.5270487307570875e-02 -4.4363919645547867e-02 4.3798539903946221e-02 0
-3.5270487307570875e-02 -4.2867629206739366e-02 4.3798539903946221e-02 0
-3.5270487307570875e-02 -4.4363919645547867e-02 4.5247042318806052e-02 0
-3.5270487307570875e-02 -4.2867629206739366e-02 4.5247042318806052e-02 0
-3.5270487307570875e-02 -4.4363919645547867e-02 4.6695544733665884e-02 0
-3.5270487307570875e-02 -4.2867629206739366e-02 4.6695544733665884e-02 0
-3.5270487307570875e-02 -4.4363919645547867e-02 4.8144047148525715e-02 0
-3.5270487307570875e-02 -4.2867629206739366e-02 4.8144047148525715e-02 0
-3.5270487307570875e-02 -4.4363919645547867e-02 4.9592549563385546e-02 0
-3.5270487307570875e-02 -4.2867629206739366e-02 4.9592549563385546e-02 0
-3.5270487307570875e-02 -4.4363919645547867e-02 5.1041051978245378e-02 0
-3.5270487307570875e-02 -4.2867629206739366e-02 5.1041051978245378e-02 0
-3.5270487307570875e-02 -4.1371338767930865e-02 3.6556027829647064e-02 0
-3.5270487307570875e-02 -4.1371338767930865e-02 3.8004530244506896e-02 0
-3.5270487307570875e-02 -4.1371338767930865e-02 3.9453032659366727e-02 0
-3.5270487307570875e-02 -4.1371338767930865e-02 4.0901535074226558e-02 0
-3.5270487307570875e-02 -4.1371338767930865e-02 4.2350037489086390e-02 0
-3.5270487307570875e-02 -4.1371338767930865e-02 4.3798539903946221e-02 0
-3.5270487307570875e-02 -4.1371338767930865e-02 4.5247042318806052e-02 0
-3.5270487307570875e-02 -4.1371338767930865e-02 4.6695544733665884e-02 0
-3.5270487307570875e-02 -4.1371338767930865e-02 4.8144047148525715e-02 0
-3.5270487307570875e-02 -4.1371338767930865e-02 4.9592549563385546e-02 0
-3.5270487307570875e-02 -4.1371338767930865e-02 5.1041051978245378e-02 0
-3.5270487307570875e-02 -3.9875048329122365e-02 3.6556027829647064e-02 0
-3.5270487307570875e-02 -3.9875048329122365e-02 3.8004530244506896e-02 0
-3.5270487307570875e-02 -3.9875048329122365e-02 3.9453032659366727e-02 0
-3.5270487307570875e-02 -3.9875048329122365e-02 4.0901535074226558e-02 0
-3.5270487307570875e-02 -3.9875048329122365e-02 4.2350037489086390e-02 0
-3.5270487307570875e-02 -3.9875048329122365e-02 4.3798539903946221e-02 0
-3.5270487307570875e-02 -3.9875048329122365e-02 4.5247042318806052e-02 0
-3.5270487307570875e-02 -3.9875048329122365e-02 4.6695544733665884e-02 0
-3.5270487307570875e-02 -3.9875048329122365e-02 4.8144047148525715e-02 0
-3.5270487307570875e-02 -3.9875048329122365e-02 4.9592549563385546e-02 0
-3.5270487307570875e-02 -3.9875048329122365e-02 5.1041051978245378e-02 0
-3.5270487307570875e-02 -3.8378757890313864e-02 3.6556027829647064e-02 0
-3.5270487307570875e-02 -3.8378757890313864e-02 3.8004530244506896e-02 0
-3.5270487307570875e-02 -3.8378757890313864e-02 3.9453032659366727e-02 0
-3.5270487307570875e-02 -3.8378757890313864e-02 4.0901535074226558e-02 0
-3.5270487307570875e-02 -3.8378757890313864e-02 4.2350037489086390e-02 0
-3.5270487307570875e-02 -3.8378757890313864e-02 4.3798539903946221e-02 0
-3.5270487307570875e-02 -3.8378757890313864e-02 4.5247042318806052e-02 0
-3.5270487307570875e-02 -3.8378757890313864e-02 4.6695544733665884e-02 0
-3.5270487307570875e-02 -3.8378757890313864e-02 4.8144047148525715e-02 0
-3.5270487307570875e-02 -3.8378757890313864e-02 4.9592549563385546e-02 0
-3.5270487307570875e-02 -3.8378757890313864e-02 5.1041051978245378e-02 0
-3.5270487307570875e-02 -3.6882467451505363e-02 3.6556027829647064e-02 0
-3.5270487307570875e-02 -3.6882467451505363e-02 3.8004530244506896e-02 0
-3.5270487307570875e-02 -3.6882467451505363e-02 3.9453032659366727e-02 0
-3.5270487307570875e-02 -3.6882467451505363e-02 4.0901535074226558e-02 0
-3.5270487307570875e-02 -3.6882467451505363e-02 4.2350037489086390e-02 0
-3.5270487307570875e-02 -3.6882467451505363e-02 4.3798539903946221e-02 0
-3.5270487307570875e-02 -3.6882467451505363e-02 4.5247042318806052e-02 0
-3.5270487307570875e-02 -3.6882467451505363e-02 4.6695544733665884e-02 0
-3.5270487307570875e-02 -3.6882467451505363e-02 4.8144047148525715e-02 0
-3.5270487307570875e-02 -3.6882467451505363e-02 4.9592549563385546e-02 0
-3.5270487307570875e-02 -3.6882467451505363e-02 5.1041051978245378e-02 0
-3.5270487307570875e-02 -3.5386177012696862e-02 3.6556027829647064e-02 0
-3.5270487307570875e-02 -3.5386177012696862e-02 3.8004530244506896e-02 0
-3.5270487307570875e-02 -3.5386177012696862e-02 3.9453032659366727e-02 0
-3.5270487307570875e-02 -3.5386177012696862e-02 4.0901535074226558e-02 0
-3.5270487307570875e-02 -3.5386177012696862e-02 4.2350037489086390e-02 0
-3.5270487307570875e-02 -3.5386177012696862e-02 4.3798539903946221e-02 0
-3.5270487307570875e-02 -3.5386177012696862e-02 4.5247042318806052e-02 0
-3.5270487307570875e-02 -3.5386177012696862e-02 4.6695544733665884e-02 0
-3.5270487307570875e-02 -3.5386177012696862e-02 4.8144047148525715e-02 0
-3.5270487307570875e-02 -3.5386177012696862e-02 4.9592549563385546e-02 0
-3.5270487307570875e-02 -3.5386177012696862e-02 5.1041051978245378e-02 0
-3.5270487307570875e-02 -3.3889886573888361e-02 3.6556027829647064e-02 0
-3.5270487307570875e-02 -3.3889886573888361e-02 3.8004530244506896e-02 0
-3.5270487307570875e-02 -3.3889886573888361e-02 3.9453032659366727e-02 0
-3.5270487307570875e-02 -3.3889886573888361e-02 4.0901535074226558e-02 0
-3.5270487307570875e-02 -3.3889886573888361e-02 4.2350037489086390e-02 0
-3.5270487307570875e-02 -3.3889886573888361e-02 4.3798539903946221e-02 0
-3.5270487307570875e-02 -3.3889886573888361e-02 4.5247042318806052e-02 0
-3.5270487307570875e-02 -3.3889886573888361e-02 4.6695544733665884e-02 0
-3.5270487307570875e-02 -3.3889886573888361e-02 4.8144047148525715e-02 0
-3.5270487307570875e-02 -3.3889886573888361e-02 4.9592549563385546e-02 0
-3.5270487307570875e-02 -3.3889886573888361e-02 5.1041051978245378e-02 0
-3.5270487307570875e-02 -3.2393596135079861e-02 3.6556027829647064e-02 0
-3.5270487307570875e-02 -3.2393596135079861e-02 3.8004530244506896e-02 0
-3.5270487307570875e-02 -3.2393596135079861e-02 3.9453032659366727e-02 0
-3.5270487307570875e-02 -3.2393596135079861e-02 4.0901535074226558e-02 0
-3.5270487307570875e-02 -3.2393596135079861e-02 4.2350037489086390e-02 0
-3.5270487307570875e-02 -3.2393596135079861e-02 4.3798539903946221e-02 0
-3.5270487307570875e-02 -3.2393596135079861e-02 4.5247042318806052e-02 0
-3.5270487307570875e-02 -3.2393596135079861e-02 4.6695544733665884e-02 0
-3.5270487307570875e-02 -3.2393596135079861e-02 4.8144047148525715e-02 0
-3.5270487307570875e-02 -3.2393596135079861e-02 4.9592549563385546e-02 0
-3.5270487307570875e-02 -3.2393596135079861e-02 5.1041051978245378e-02 0
-3.5270487307570875e-02 -3.0897305696271360e-02 3.6556027829647064e-02 0
-3.5270487307570875e-02 -3.0897305696271360e-02 3.8004530244506896e-02 0
-3.5270487307570875e-02 -3.0897305696271360e-02 3.9453032659366727e-02 0
-3.5270487307570875e-02 -3.0897305696271360e-02 4.0901535074226558e-02 0
-3.5270487307570875e-02 -3.0897305696271360e-02 4.2350037489086390e-02 0
-3.5270487307570875e-02 -3.0897305696271360e-02 4.3798539903946221e-02 0
-3.5270487307570875e-02 -3.0897305696271360e-02 4.5247042318806052e-02 0
-3.5270487307570875e-02 -3.0897305696271360e-02 4.6695544733665884e-02 0
-3.5270487307570875e-02 -3.0897305696271360e-02 4.8144047148525715e-02 0
-3.5270487307570875e-02 -3.0897305696271360e-02 4.9592549563385546e-02 0
-3.5270487307570875e-02 -3.0897305696271360e-02 5.1041051978245378e-02 0
-3.5270487307570875e-02 -2.9401015257462859e-02 3.6556027829647064e-02 0
-3.5270487307570875e-02 -2.9401015257462859e-02 3.8004530244506896e-02 0
-3.5270487307570875e-02 -2.9401015257462859e-02 3.9453032659366727e-02 0
-3.5270487307570875e-02 -2.9401015257462859e-02 4.0901535074226558e-02 0
-3.5270487307570875e-02 -2.9401015257462859e-02 4.2350037489086390e-02 0
-3.5270487307570875e-02 -2.9401015257462859e-02 4.3798539903946221e-02 0
-3.5270487307570875e-02 -2.9401015257462859e-02 4.5247042318806052e-02 0
-3.5270487307570875e-02 -2.9401015257462859e-02 4.6695544733665884e-02 0
-3.5270487307570875e-02 -2.9401015257462859e-02 4.8144047148525715e-02 0
-3.5270487307570875e-02 -2.9401015257462859e-02 4.9592549563385546e-02 0
-3.5270487307570875e-02 -2.9401015257462859e-02 5.1041051978245378e-02 0
-3.5270487307570875e-02 -2.7904724818654358e-02 3.6556027829647064e-02 0
-3.5270487307570875e-02 -2.7904724818654358e-02 3.8004530244506896e-02 0
-3.5270487307570875e-02 -2.7904724818654358e-02 3.9453032659366727e-02 0
-3.5270487307570875e-02 -2.7904724818654358e-02 4.0901535074226558e-02 0
-3.5270487307570875e-02 -2.7904724818654358e-02 4.2350037489086390e-02 0
-3.5270487307570875e-02 -2.7904724818654358e-02 4.3798539903946221e-02 0
-3.5270487307570875e-02 -2.7904724818654358e-02 4.5247042318806052e-02 0
-3.5270487307570875e-02 -2.7904724818654358e-02 4.6695544733665884e-02 0
-3.5270487307570875e-02 -2.7904724818654358e-02 4.8144047148525715e-02 0
-3.5270487307570875e-02 -2.7904724818654358e-02 4.9592549563385546e-02 0
-3.5270487307570875e-02 -2.7904724818654358e-02 5.1041051978245378e-02 0
-3.5270487307570875e-02 -2.6408434379845858e-02 3.6556027829647064e-02 0
-3.5270487307570875e-02 -2.6408434379845858e-02 3.8004530244506896e-02 0
-3.5270487307570875e-02 -2.6408434379845858e-02 3.9453032659366727e-02 0
-3.5270487307570875e-02 -2.6408434379845858e-02 4.0901535074226558e-02 0
-3.5270487307570875e-02 -2.6408434379845858e-02 4.2350037489086390e-02 0
-3.5270487307570875e-02 -2.6408434379845858e-02 4.3798539903946221e-02 0
-3.5270487307570875e-02 -2.6408434379845858e-02 4.5247042318806052e-02 0
-3.5270487307570875e-02 -2.6408434379845858e-02 4.6695544733665884e-02 0
-3.5270487307570875e-02 -2.6408434379845858e-02 4.8144047148525715e-02 0
-3.5270487307570875e-02 -2.6408434379845858e-02 4.9592549563385546e-02 0
-3.5270487307570875e-02 -2.6408434379845858e-02 5.1041051978245378e-02 0
-3.5270487307570875e-02 -2.4912143941037357e-02 3.6556027829647064e-02 0
-3.5270487307570875e-02 -2.4912143941037357e-02 3.8004530244506896e-02 0
-3.5270487307570875e-02 -2.4912143941037357e-02 3.9453032659366727e-02 0
-3.5270487307570875e-02 -2.4912143941037357e-02 4.0901535074226558e-02 0
-3.5270487307570875e-02 -2.4912143941037357e-02 4.2350037489086390e-02 0
-3.5270487307570875e-02 -2.4912143941037357e-02 4.3798539903946221e-02 0
-3.5270487307570875e-02 -2.4912143941037357e-02 4.5247042318806052e-02 0
-3.5270487307570875e-02 -2.4912143941037357e-02 4.6695544733665884e-02 0
-3.5270487307570875e-02 -2.4912143941037357e-02 4.8144047148525715e-02 0
-3.5270487307570875e-02 -2.4912143941037357e-02 4.9592549563385546e-02 0
-3.5270487307570875e-02 -2.4912143941037357e-02 5.1041051978245378e-02 0
-3.5270487307570875e-02 -2.3415853502228856e-02 3.6556027829647064e-02 0
-3.5270487307570875e-02 -2.3415853502228856e-02 3.8004530244506896e-02 0
-3.5270487307570875e-02 -2.3415853502228856e-02 3.9453032659366727e-02 0
-3.5270487307570875e-02 -2.3415853502228856e-02 4.0901535074226558e-02 0
-3.5270487307570875e-02 -2.3415853502228856e-02 4.2350037489086390e-02 0
-3.5270487307570875e-02 -2.3415853502228856e-02 4.3798539903946221e-02 0
-3.5270487307570875e-02 -2.3415853502228856e-02 4.5247042318806052e-02 0
-3.5270487307570875e-02 -2.3415853502228856e-02 4.6695544733665884e-02 0
-3.5270487307570875e-02 -2.1919563063420355e-02 3.6556027829647064e-02 0
-3.5270487307570875e-02 -2.1919563063420355e-02 3.8004530244506896e-02 0
-3.5270487307570875e-02 -2.1919563063420355e-02 3.9453032659366727e-02 0
-3.5270487307570875e-02 -2.1919563063420355e-02 4.0901535074226558e-02 0
-3.5270487307570875e-02 -2.1919563063420355e-02 4.2350037489086390e-02 0
-3.5270487307570875e-02 -2.1919563063420355e-02 4.3798539903946221e-02 0
-3.5270487307570875e-02 -2.1919563063420355e-02 4.5247042318806052e-02 0
-3.5270487307570875e-02 -2.1919563063420355e-02 4.6695544733665884e-02 0
-3.5270487307570875e-02 -2.0423272624611855e-02 3.6556027829647064e-02 0
-3.5270487307570875e-02 -2.0423272624611855e-02 3.8004530244506896e-02 0
-3.5270487307570875e-02 -2.0423272624611855e-02 3.9453032659366727e-02 0
-3.5270487307570875e-02 -2.0423272624611855e-02 4.0901535074226558e-02 0
-3.5270487307570875e-02 -2.0423272624611855e-02 4.2350037489086390e-02 0
-3.5270487307570875e-02 -2.0423272624611855e-02 4.3798539903946221e-02 0
-3.5270487307570875e-02 -2.0423272624611855e-02 4.5247042318806052e-02 0
-3.5270487307570875e-02 -2.0423272624611855e-02 4.6695544733665884e-02 0
-3.5270487307570875e-02 -1.8926982185803354e-02 3.6556027829647064e-02 0
-3.5270487307570875e-02 -1.8926982185803354e-02 3.8004530244506896e-02 0
-3.5270487307570875e-02 -1.8926982185803354e-02 3.9453032659366727e-02 0
-3.5270487307570875e-02 -1.8926982185803354e-02 4.0901535074226558e-02 0
-3.5270487307570875e-02 -1.8926982185803354e-02 4.2350037489086390e-02 0
-3.5270487307570875e-02 -1.8926982185803354e-02 4.3798539903946221e-02 0
-3.5270487307570875e-02 -1.8926982185803354e-02 4.5247042318806052e-02 0
-3.5270487307570875e-02 -1.8926982185803354e-02 4.6695544733665884e-02 0
-3.5270487307570875e-02 -1.7430691746994853e-02 3.6556027829647064e-02 0
-3.5270487307570875e-02 -1.7430691746994853e-02 3.8004530244506896e-02 0
-3.5270487307570875e-02 -1.7430691746994853e-02 3.9453032659366727e-02 0
-3.5270487307570875e-02 -1.7430691746994853e-02 4.0901535074226558e-02 0
-3.5270487307570875e-02 -1.7430691746994853e-02 4.2350037489086390e-02 0
-3.5270487307570875e-02 -1.7430691746994853e-02 4.3798539903946221e-02 0
-3.5270487307570875e-02 -1.7430691746994853e-02 4.5247042318806052e-02 0
-3.5270487307570875e-02 -1.7430691746994853e-02 4.6695544733665884e-02 0
-3.5270487307570875e-02 -1.5934401308186352e-02 3.6556027829647064e-02 0
-3.5270487307570875e-02 -1.5934401308186352e-02 3.8004530244506896e-02 0
-3.5270487307570875e-02 -1.5934401308186352e-02 3.9453032659366727e-02 0
-3.5270487307570875e-02 -1.5934401308186352e-02 4.0901535074226558e-02 0
-3.5270487307570875e-02 -1.5934401308186352e-02 4.2350037489086390e-02 0
-3.5270487307570875e-02 -1.5934401308186352e-02 4.3798539903946221e-02 0
-3.5270487307570875e-02 -1.5934401308186352e-02 4.5247042318806052e-02 0
-3.5270487307570875e-02 -1.5934401308186352e-02 4.6695544733665884e-02 0
-3.5270487307570875e-02 -1.4438110869377851e-02 3.6556027829647064e-02 0
-3.5270487307570875e-02 -1.4438110869377851e-02 3.8004530244506896e-02 0
-3.5270487307570875e-02 -1.4438110869377851e-02 3.9453032659366727e-02 0
-3.5270487307570875e-02 -1.4438110869377851e-02 4.0901535074226558e-02 0
-3.5270487307570875e-02 -1.4438110869377851e-02 4.2350037489086390e-02 0
-3.5270487307570875e-02 -1.4438110869377851e-02 4.3798539903946221e-02 0
-3.5270487307570875e-02 -1.4438110869377851e-02 4.5247042318806052e-02 0
-3.5270487307570875e-02 -1.4438110869377851e-02 4.6695544733665884e-02 0
-3.5270487307570875e-02 -1.2941820430569351e-02 3.6556027829647064e-02 0
-3.5270487307570875e-02 -1.2941820430569351e-02 3.8004530244506896e-02 0
-3.5270487307570875e-02 -1.2941820430569351e-02 3.9453032659366727e-02 0
-3.5270487307570875e-02 -1.2941820430569351e-02 4.0901535074226558e-02 0
-3.5270487307570875e-02 -1.2941820430569351e-02 4.2350037489086390e-02 0
-3.5270487307570875e-02 -1.2941820430569351e-02 4.3798539903946221e-02 0
-3.5270487307570875e-02 -1.2941820430569351e-02 4.5247042318806052e-02 0
-3.5270487307570875e-02 -1.2941820430569351e-02 4.6695544733665884e-02 0
-3.5270487307570875e-02 -1.1445529991760850e-02 3.6556027829647064e-02 0
-3.5270487307570875e-02 -1.1445529991760850e-02 3.8004530244506896e-02 0
-3.5270487307570875e-02 -1.1445529991760850e-02 3.9453032659366727e-02 0
-3.5270487307570875e-02 -1.1445529991760850e-02 4.0901535074226558e-02 0
-3.5270487307570875e-02 -1.1445529991760850e-02 4.2350037489086390e-02 0
-3.5270487307570875e-02 -1.1445529991760850e-02 4.3798539903946221e-02 0
-3.5270487307570875e-02 -1.1445529991760850e-02 4.5247042318806052e-02 0
-3.5270487307570875e-02 -1.1445529991760850e-02 4.6695544733665884e-02 0
-3.5270487307570875e-02 -9.9492395529523492e-03 3.6556027829647064e-02 0
-3.5270487307570875e-02 -9.9492395529523492e-03 3.8004530244506896e-02 0
-3.5270487307570875e-02 -9.9492395529523492e-03 3.9453032659366727e-02 0
-3.5270487307570875e-02 -9.9492395529523492e-03 4.0901535074226558e-02 0
-3.5270487307570875e-02 -9.9492395529523492e-03 4.2350037489086390e-02 0
-3.5270487307570875e-02 -9.9492395529523492e-03 4.3798539903946221e-02 0
-3.5270487307570875e-02 -9.9492395529523492e-03 4.5247042318806052e-02 0
-3.5270487307570875e-02 -9.9492395529523492e-03 4.6695544733665884e-02 0
-3.5270487307570875e-02 -8.4529491141438484e-03 3.6556027829647064e-02 0
-3.5270487307570875e-02 -8.4529491141438484e-03 3.8004530244506896e-02 0
-3.5270487307570875e-02 -8.4529491141438484e-03 3.9453032659366727e-02 0
-3.5270487307570875e-02 -8.4529491141438484e-03 4.0901535074226558e-02 0
-3.5270487307570875e-02 -8.4529491141438484e-03 4.2350037489086390e-02 0
-3.5270487307570875e-02 -8.4529491141438484e-03 4.3798539903946221e-02 0
-3.5270487307570875e-02 -8.4529491141438484e-03 4.5247042318806052e-02 0
-3.5270487307570875e-02 -8.4529491141438484e-03 4.6695544733665884e-02 0
-3.5270487307570875e-02 -6.9566586753353477e-03 3.6556027829647064e-02 0
-3.5270487307570875e-02 -6.9566586753353477e-03 3.8004530244506896e-02 0
-3.5270487307570875e-02 -6.9566586753353477e-03 3.9453032659366727e-02 0
-3.5270487307570875e-02 -6.9566586753353477e-03 4.0901535074226558e-02 0
-3.5270487307570875e-02 -6.9566586753353477e-03 4.2350037489086390e-02 0
-3.5270487307570875e-02 -6.9566586753353477e-03 4.3798539903946221e-02 0
-3.5270487307570875e-02 -6.9566586753353477e-03 4.5247042318806052e-02 0
-3.5270487307570875e-02 -6.9566586753353477e-03 4.6695544733665884e-02 0
-3.5270487307570875e-02 -5.4603682365268469e-03 3.6556027829647064e-02 0
-3.5270487307570875e-02 -5.4603682365268469e-03 3.8004530244506896e-02 0
-3.5270487307570875e-02 -5.4603682365268469e-03 3.9453032659366727e-02 0
-3.5270487307570875e-02 -5.4603682365268469e-03 4.0901535074226558e-02 0
-3.5270487307570875e-02 -5.4603682365268469e-03 4.2350037489086390e-02 0
-3.5270487307570875e-02 -5.4603682365268469e-03 4.3798539903946221e-02 0
-3.5270487307570875e-02 -5.4603682365268469e-03 4.5247042318806052e-02 0
-3.5270487307570875e-02 -5.4603682365268469e-03 4.6695544733665884e-02 0
-3.5270487307570875e-02 -3.9640777977183461e-03 3.6556027829647064e-02 0
-3.5270487307570875e-02 -3.9640777977183461e-03 3.8004530244506896e-02 0
-3.5270487307570875e-02 -3.9640777977183461e-03 3.9453032659366727e-02 0
-3.5270487307570875e-02 -3.9640777977183461e-03 4.0901535074226558e-02 0
-3.5270487307570875e-02 -3.9640777977183461e-03 4.2350037489086390e-02 0
-3.5270487307570875e-02 -3.9640777977183461e-03 4.3798539903946221e-02 0
-3.5270487307570875e-02 -3.9640777977183461e-03 4.5247042318806052e-02 0
-3.5270487307570875e-02 -3.9640777977183461e-03 4.6695544733665884e-02 0
-3.5270487307570875e-02 -2.4677873589098454e-03 3.6556027829647064e-02 0
-3.5270487307570875e-02 -2.4677873589098454e-03 3.8004530244506896e-02 0
-3.5270487307570875e-02 -2.4677873589098454e-03 3.9453032659366727e-02 0
-3.5270487307570875e-02 -2.4677873589098454e-03 4.0901535074226558e-02 0
-3.5270487307570875e-02 -2.4677873589098454e-03 4.2350037489086390e-02 0
-3.5270487307570875e-02 -2.4677873589098454e-03 4.3798539903946221e-02 0
-3.5270487307570875e-02 -2.4677873589098454e-03 4.5247042318806052e-02 0
-3.5270487307570875e-02 -2.4677873589098454e-03 4.6695544733665884e-02 0
-3.5270487307570875e-02 -9.7149692010134459e-04 3.6556027829647064e-02 0
-3.5270487307570875e-02 -9.7149692010134459e-04 3.8004530244506896e-02 0
-3.5270487307570875e-02 -9.7149692010134459e-04 3.9453032659366727e-02 0
-3.5270487307570875e-02 -9.7149692010134459e-04 4.0901535074226558e-02 0
-3.5270487307570875e-02 -9.7149692010134459e-04 4.2350037489086390e-02 0
-3.5270487307570875e-02 -9.7149692010134459e-04 4.3798539903946221e-02 0
-3.5270487307570875e-02 -9.7149692010134459e-04 4.5247042318806052e-02 0
-3.5270487307570875e-02 -9.7149692010134459e-04 4.6695544733665884e-02 0
-3.5270487307570875e-02 5.2479351870715618e-04 3.6556027829647064e-02 0
-3.5270487307570875e-02 5.2479351870715618e-04 3.8004530244506896e-02 0
-3.5270487307570875e-02 5.2479351870715618e-04 3.9453032659366727e-02 0
-3.5270487307570875e-02 5.2479351870715618e-04 4.0901535074226558e-02 0
-3.5270487307570875e-02 5.2479351870715618e-04 4.2350037489086390e-02 0
-3.5270487307570875e-02 5.2479351870715618e-04 4.3798539903946221e-02 0
-3.5270487307570875e-02 5.2479351870715618e-04 4.5247042318806052e-02 0
-3.5270487307570875e-02 5.2479351870715618e-04 4.6695544733665884e-02 0
-3.5270487307570875e-02 2.0210839575156569e-03 3.6556027829647064e-02 0
-3.5270487307570875e-02 2.0210839575156569e-03 3.8004530244506896e-02 0
-3.5270487307570875e-02 2.0210839575156569e-03 3.9453032659366727e-02 0
-3.5270487307570875e-02 2.0210839575156569e-03 4.0901535074226558e-02 0
-3.5270487307570875e-02 2.0210839575156569e-03 4.2350037489086390e-02 0
-3.5270487307570875e-02 2.0210839575156569e-03 4.3798539903946221e-02 0
-3.5270487307570875e-02 2.0210839575156569e-03 4.5247042318806052e-02 0
-3.5270487307570875e-02 2.0210839575156569e-03 4.6695544733665884e-02 0
-3.5270487307570875e-02 3.5173743963241577e-03 3.6556027829647064e-02 0
-3.5270487307570875e-02 3.5173743963241577e-03 3.8004530244506896e-02 0
-3.5270487307570875e-02 3.5173743963241577e-03 3.9453032659366727e-02 0
-3.5270487307570875e-02 3.5173743963241577e-03 4.0901535074226558e-02 0
-3.5270487307570875e-02 3.5173743963241577e-03 4.2350037489086390e-02 0
-3.5270487307570875e-02 3.5173743963241577e-03 4.3798539903946221e-02 0
-3.5270487307570875e-02 3.5173743963241577e-03 4.5247042318806052e-02 0
-3.5270487307570875e-02 3.5173743963241577e-03 4.6695544733665884e-02 0
-3.5270487307570875e-02 5.0136648351326585e-03 3.6556027829647064e-02 0
-3.5270487307570875e-02 5.0136648351326585e-03 3.8004530244506896e-02 0
-3.5270487307570875e-02 5.0136648351326585e-03 3.9453032659366727e-02 0
-3.5270487307570875e-02 5.0136648351326585e-03 4.0901535074226558e-02 0
-3.5270487307570875e-02 5.0136648351326585e-03 4.2350037489086390e-02 0
-3.5270487307570875e-02 5.0136648351326585e-03 4.3798539903946221e-02 0
-3.5270487307570875e-02 5.0136648351326585e-03 4.5247042318806052e-02 0
-3.5270487307570875e-02 5.0136648351326585e-03 4.6695544733665884e-02 0
-3.5270487307570875e-02 6.5099552739411592e-03 3.6556027829647064e-02 0
-3.5270487307570875e-02 6.5099552739411592e-03 3.8004530244506896e-02 0
-3.5270487307570875e-02 6.5099552739411592e-03 3.9453032659366727e-02 0
-3.5270487307570875e-02 6.5099552739411592e-03 4.0901535074226558e-02 0
-3.5270487307570875e-02 6.5099552739411592e-03 4.2350037489086390e-02 0
-3.5270487307570875e-02 6.5099552739411592e-03 4.3798539903946221e-02 0
-3.5270487307570875e-02 6.5099552739411592e-03 4.5247042318806052e-02 0
-3.5270487307570875e-02 6.5099552739411592e-03 4.6695544733665884e-02 0
-3.5270487307570875e-02 8.0062457127496600e-03 3.6556027829647064e-02 0
-3.5270487307570875e-02 8.0062457127496600e-03 3.8004530244506896e-02 0
-3.5270487307570875e-02 8.0062457127496600e-03 3.9453032659366727e-02 0
-3.5270487307570875e-02 8.0062457127496600e-03 4.0901535074226558e-02 0
-3.5270487307570875e-02 8.0062457127496600e-03 4.2350037489086390e-02 0
-3.5270487307570875e-02 8.0062457127496600e-03 4.3798539903946221e-02 0
-3.5270487307570875e-02 8.0062457127496600e-03 4.5247042318806052e-02 0
-3.5270487307570875e-02 8.0062457127496600e-03 4.6695544733665884e-02 0
-3.5270487307570875e-02 9.5025361515581608e-03 3.6556027829647064e-02 0
-3.5270487307570875e-02 9.5025361515581608e-03 3.8004530244506896e-02 0
-3.5270487307570875e-02 9.5025361515581608e-03 3.9453032659366727e-02 0
-3.5270487307570875e-02 9.5025361515581608e-03 4.0901535074226558e-02 0
-3.5270487307570875e-02 9.5025361515581608e-03 4.2350037489086390e-02 0
-3.5270487307570875e-02 9.5025361515581608e-03 4.3798539903946221e-02 0
-3.5270487307570875e-02 9.5025361515581608e-03 4.5247042318806052e-02 0
-3.5270487307570875e-02 9.5025361515581608e-03 4.6695544733665884e-02 0
-3.5270487307570875e-02 1.0998826590366662e-02 3.6556027829647064e-02 0
-3.5270487307570875e-02 1.0998826590366662e-02 3.8004530244506896e-02 0
-3.5270487307570875e-02 1.0998826590366662e-02 3.9453032659366727e-02 0
-3.5270487307570875e-02 1.0998826590366662e-02 4.0901535074226558e-02 0
-3.5270487307570875e-02 1.0998826590366662e-02 4.2350037489086390e-02 0
-3.5270487307570875e-02 1.0998826590366662e-02 4.3798539903946221e-02 0
-3.5270487307570875e-02 1.0998826590366662e-02 4.5247042318806052e-02 0
-3.5270487307570875e-02 1.0998826590366662e-02 4.6695544733665884e-02 0
-3.5270487307570875e-02 1.2495117029175162e-02 3.6556027829647064e-02 0
-3.5270487307570875e-02 1.2495117029175162e-02 3.8004530244506896e-02 0
-3.5270487307570875e-02 1.2495117029175162e-02 3.9453032659366727e-02 0
-3.5270487307570875e-02 1.2495117029175162e-02 4.0901535074226558e-02 0
-3.5270487307570875e-02 1.2495117029175162e-02 4.2350037489086390e-02 0
-3.5270487307570875e-02 1.2495117029175162e-02 4.3798539903946221e-02 0
-3.5270487307570875e-02 1.2495117029175162e-02 4.5247042318806052e-02 0
-3.5270487307570875e-02 1.2495117029175162e-02 4.6695544733665884e-02 0
-3.5270487307570875e-02 1.3991407467983663e-02 3.6556027829647064e-02 0
-3.5270487307570875e-02 1.3991407467983663e-02 3.8004530244506896e-02 0
-3.5270487307570875e-02 1.3991407467983663e-02 3.9453032659366727e-02 0
-3.5270487307570875e-02 1.3991407467983663e-02 4.0901535074226558e-02 0
-3.5270487307570875e-02 1.3991407467983663e-02 4.2350037489086390e-02 0
-3.5270487307570875e-02 1.3991407467983663e-02 4.3798539903946221e-02 0
-3.5270487307570875e-02 1.3991407467983663e-02 4.5247042318806052e-02 0
-3.5270487307570875e-02 1.3991407467983663e-02 4.6695544733665884e-02 0
-3.5270487307570875e-02 1.5487697906792164e-02 3.6556027829647064e-02 0
-3.5270487307570875e-02 1.5487697906792164e-02 3.8004530244506896e-02 0
-3.5270487307570875e-02 1.5487697906792164e-02 3.9453032659366727e-02 0
-3.5270487307570875e-02 1.5487697906792164e-02 4.0901535074226558e-02 0
-3.5270487307570875e-02 1.5487697906792164e-02 4.2350037489086390e-02 0
-3.5270487307570875e-02 1.5487697906792164e-02 4.3798539903946221e-02 0
-3.5270487307570875e-02 1.5487697906792164e-02 4.5247042318806052e-02 0
-3.5270487307570875e-02 1.5487697906792164e-02 4.6695544733665884e-02 0
-3.5270487307570875e-02 1.6983988345600665e-02 3.6556027829647064e-02 0
-3.5270487307570875e-02 1.6983988345600665e-02 3.8004530244506896e-02 0
-3.5270487307570875e-02 1.6983988345600665e-02 3.9453032659366727e-02 0
-3.5270487307570875e-02 1.6983988345600665e-02 4.0901535074226558e-02 0
-3.5270487307570875e-02 1.6983988345600665e-02 4.2350037489086390e-02 0
-3.5270487307570875e-02 1.6983988345600665e-02 4.3798539903946221e-02 0
-3.5270487307570875e-02 1.6983988345600665e-02 4.5247042318806052e-02 0
-3.5270487307570875e-02 1.6983988345600665e-02 4.6695544733665884e-02 0
-3.5270487307570875e-02 1.8480278784409165e-02 3.6556027829647064e-02 0
-3.5270487307570875e-02 1.8480278784409165e-02 3.8004530244506896e-02 0
-3.5270487307570875e-02 1.8480278784409165e-02 3.9453032659366727e-02 0
-3.5270487307570875e-02 1.8480278784409165e-02 4.0901535074226558e-02 0
-3.5270487307570875e-02 1.8480278784409165e-02 4.2350037489086390e-02 0
-3.5270487307570875e-02 1.8480278784409165e-02 4.3798539903946221e-02 0
-3.5270487307570875e-02 1.8480278784409165e-02 4.5247042318806052e-02 0
-3.5270487307570875e-02 1.8480278784409165e-02 4.6695544733665884e-02 0
-3.5270487307570875e-02 1.9976569223217666e-02 3.6556027829647064e-02 0
-3.5270487307570875e-02 1.9976569223217666e-02 3.8004530244506896e-02 0
-3.5270487307570875e-02 1.9976569223217666e-02 3.9453032659366727e-02 0
-3.5270487307570875e-02 1.9976569223217666e-02 4.0901535074226558e-02 0
-3.5270487307570875e-02 1.9976569223217666e-02 4.2350037489086390e-02 0
-3.5270487307570875e-02 1.9976569223217666e-02 4.3798539903946221e-02 0
-3.5270487307570875e-02 1.9976569223217666e-02 4.5247042318806052e-02 0
-3.5270487307570875e-02 1.9976569223217666e-02 4.6695544733665884e-02 0
-3.5270487307570875e-02 2.1472859662026167e-02 3.6556027829647064e-02 0
-3.5270487307570875e-02 2.1472859662026167e-02 3.8004530244506896e-02 0
-3.5270487307570875e-02 2.1472859662026167e-02 3.9453032659366727e-02 0
-3.5270487307570875e-02 2.1472859662026167e-02 4.0901535074226558e-02 0
-3.5270487307570875e-02 2.1472859662026167e-02 4.2350037489086390e-02 0
-3.5270487307570875e-02 2.1472859662026167e-02 4.3798539903946221e-02 0
-3.5270487307570875e-02 2.1472859662026167e-02 4.5247042318806052e-02 0
-3.5270487307570875e-02 2.1472859662026167e-02 4.6695544733665884e-02 0
-3.3786838874220848e-02 -4.4363919645547867e-02 3.6556027829647064e-02 0
-3.3786838874220848e-02 -4.2867629206739366e-02 3.6556027829647064e-02 0
-3.3786838874220848e-02 -4.4363919645547867e-02 3.8004530244506896e-02 0
-3.3786838874220848e-02 -4.2867629206739366e-02 3.8004530244506896e-02 0
-3.3786838874220848e-02 -4.4363919645547867e-02 3.9453032659366727e-02 0
-3.3786838874220848e-02 -4.2867629206739366e-02 3.9453032659366727e-02 0
-3.3786838874220848e-02 -4.4363919645547867e-02 4.0901535074226558e-02 0
-3.3786838874220848e-02 -4.2867629206739366e-02 4.0901535074226558e-02 0
-3.3786838874220848e-02 -4.4363919645547867e-02 4.2350037489086390e-02 0
-3.3786838874220848e-02 -4.2867629206739366e-02 4.2350037489086390e-02 0
-3.3786838874220848e-02 -4.4363919645547867e-02 4.3798539903946221e-02 0
-3.3786838874220848e-02 -4.2867629206739366e-02 4.3798539903946221e-02 0
-3.3786838874220848e-02 -4.4363919645547867e-02 4.5247042318806052e-02 0
-3.3786838874220848e-02 -4.2867629206739366e-02 4.5247042318806052e-02 0
-3.3786838874220848e-02 -4.4363919645547867e-02 4.6695544733665884e-02 0
-3.3786838874220848e-02 -4.2867629206739366e-02 4.6695544733665884e-02 0
-3.3786838874220848e-02 -4.4363919645547867e-02 4.8144047148525715e-02 0
-3.3786838874220848e-02 -4.2867629206739366e-02 4.8144047148525715e-02 0
-3.3786838874220848e-02 -4.4363919645547867e-02 4.9592549563385546e-02 0
-3.3786838874220848e-02 -4.2867629206739366e-02 4.9592549563385546e-02 0
-3.3786838874220848e-02 -4.4363919645547867e-02 5.1041051978245378e-02 0
-3.3786838874220848e-02 -4.2867629206739366e-02 5.1041051978245378e-02 0
-3.3786838874220848e-02 -4.1371338767930865e-02 3.6556027829647064e-02 0
-3.3786838874220848e-02 -4.1371338767930865e-02 3.8004530244506896e-02 0
-3.3786838874220848e-02 -4.1371338767930865e-02 3.9453032659366727e-02 0
-3.3786838874220848e-02 -4.1371338767930865e-02 4.0901535074226558e-02 0
-3.3786838874220848e-02 -4.1371338767930865e-02 4.2350037489086390e-02 0
-3.3786838874220848e-02 -4.1371338767930865e-02 4.3798539903946221e-02 0
-3.3786838874220848e-02 -4.1371338767930865e-02 4.5247042318806052e-02 0
-3.3786838874220848e-02 -4.1371338767930865e-02 4.6695544733665884e-02 0
-3.3786838874220848e-02 -4.1371338767930865e-02 4.8144047148525715e-02 0
-3.3786838874220848e-02 -4.1371338767930865e-02 4.9592549563385546e-02 0
-3.3786838874220848e-02 -4.1371338767930865e-02 5.1041051978245378e-02 0
-3.3786838874220848e-02 -3.9875048329122365e-02 3.6556027829647064e-02 0
-3.3786838874220848e-02 -3.9875048329122365e-02 3.8004530244506896e-02 0
-3.3786838874220848e-02 -3.9875048329122365e-02 3.9453032659366727e-02 0
-3.3786838874220848e-02 -3.9875048329122365e-02 4.0901535074226558e-02 0
-3.3786838874220848e-02 -3.9875048329122365e-02 4.2350037489086390e-02 0
-3.3786838874220848e-02 -3.9875048329122365e-02 4.3798539903946221e-02 0
-3.3786838874220848e-02 -3.9875048329122365e-02 4.5247042318806052e-02 0
-3.3786838874220848e-02 -3.9875048329122365e-02 4.6695544733665884e-02 0
-3.3786838874220848e-02 -3.9875048329122365e-02 4.8144047148525715e-02 0
-3.3786838874220848e-02 -3.9875048329122365e-02 4.9592549563385546e-02 0
-3.3786838874220848e-02 -3.9875048329122365e-02 5.1041051978245378e-02 0
-3.3786838874220848e-02 -3.8378757890313864e-02 3.6556027829647064e-02 0
-3.3786838874220848e-02 -3.8378757890313864e-02 3.8004530244506896e-02 0
-3.3786838874220848e-02 -3.8378757890313864e-02 3.9453032659366727e-02 0
-3.3786838874220848e-02 -3.8378757890313864e-02 4.0901535074226558e-02 0
-3.3786838874220848e-02 -3.8378757890313864e-02 4.2350037489086390e-02 0
-3.3786838874220848e-02 -3.8378757890313864e-02 4.3798539903946221e-02 0
-3.3786838874220848e-02 -3.8378757890313864e-02 4.5247042318806052e-02 0
-3.3786838874220848e-02 -3.8378757890313864e-02 4.6695544733665884e-02 0
-3.3786838874220848e-02 -3.8378757890313864e-02 4.8144047148525715e-02 0
-3.3786838874220848e-02 -3.8378757890313864e-02 4.9592549563385546e-02 0
-3.3786838874220848e-02 -3.8378757890313864e-02 5.1041051978245378e-02 0
-3.3786838874220848e-02 -3.6882467451505363e-02 3.6556027829647064e-02 0
-3.3786838874220848e-02 -3.6882467451505363e-02 3.8004530244506896e-02 0
-3.3786838874220848e-02 -3.6882467451505363e-02 3.9453032659366727e-02 0
-3.3786838874220848e-02 -3.6882467451505363e-02 4.0901535074226558e-02 0
-3.3786838874220848e-02 -3.6882467451505363e-02 4.2350037489086390e-02 0
-3.3786838874220848e-02 -3.6882467451505363e-02 4.3798539903946221e-02 0
-3.3786838874220848e-02 -3.6882467451505363e-02 4.5247042318806052e-02 0
-3.3786838874220848e-02 -3.6882467451505363e-02 4.6695544733665884e-02 0
-3.3786838874220848e-02 -3.6882467451505363e-02 4.8144047148525715e-02 0
-3.3786838874220848e-02 -3.6882467451505363e-02 4.9592549563385546e-02 0
-3.3786838874220848e-02 -3.6882467451505363e-02 5.1041051978245378e-02 0
-3.3786838874220848e-02 -3.5386177012696862e-02 3.6556027829647064e-02 0
-3.3786838874220848e-02 -3.5386177012696862e-02 3.8004530244506896e-02 0
-3.3786838874220848e-02 -3.5386177012696862e-02 3.9453032659366727e-02 0
-3.3786838874220848e-02 -3.5386177012696862e-02 4.0901535074226558e-02 0
-3.3786838874220848e-02 -3.5386177012696862e-02 4.2350037489086390e-02 0
-3.3786838874220848e-02 -3.5386177012696862e-02 4.3798539903946221e-02 0
-3.3786838874220848e-02 -3.5386177012696862e-02 4.5247042318806052e-02 0
-3.3786838874220848e-02 -3.5386177012696862e-02 4.6695544733665884e-02 0
-3.3786838874220848e-02 -3.5386177012696862e-02 4.8144047148525715e-02 0
-3.3786838874220848e-02 -3.5386177012696862e-02 4.9592549563385546e-02 0
-3.3786838874220848e-02 -3.5386177012696862e-02 5.1041051978245378e-02 0
-3.3786838874220848e-02 -3.3889886573888361e-02 3.6556027829647064e-02 0
-3.3786838874220848e-02 -3.3889886573888361e-02 3.8004530244506896e-02 0
-3.3786838874220848e-02 -3.3889886573888361e-02 3.9453032659366727e-02 0
-3.3786838874220848e-02 -3.3889886573888361e-02 4.0901535074226558e-02 0
-3.3786838874220848e-02 -3.3889886573888361e-02 4.2350037489086390e-02 0
-3.3786838874220848e-02 -3.3889886573888361e-02 4.3798539903946221e-02 0
-3.3786838874220848e-02 -3.3889886573888361e-02 4.5247042318806052e-02 0
-3.3786838874220848e-02 -3.3889886573888361e-02 4.6695544733665884e-02 0
-3.3786838874220848e-02 -3.3889886573888361e-02 4.8144047148525715e-02 0
-3.3786838874220848e-02 -3.3889886573888361e-02 4.9592549563385546e-02 0
-3.3786838874220848e-02 -3.3889886573888361e-02 5.1041051978245378e-02 0
-3.3786838874220848e-02 -3.2393596135079861e-02 3.6556027829647064e-02 0
-3.3786838874220848e-02 -3.2393596135079861e-02 3.8004530244506896e-02 0
-3.3786838874220848e-02 -3.2393596135079861e-02 3.9453032659366727e-02 0
-3.3786838874220848e-02 -3.2393596135079861e-02 4.0901535074226558e-02 0
-3.3786838874220848e-02 -3.2393596135079861e-02 4.2350037489086390e-02 0
-3.3786838874220848e-02 -3.2393596135079861e-02 4.3798539903946221e-02 0
-3.3786838874220848e-02 -3.2393596135079861e-02 4.5247042318806052e-02 0
-3.3786838874220848e-02 -3.2393596135079861e-02 4.6695544733665884e-02 0
-3.3786838874220848e-02 -3.2393596135079861e-02 4.8144047148525715e-02 0
-3.3786838874220848e-02 -3.2393596135079861e-02 4.9592549563385546e-02 0
-3.3786838874220848e-02 -3.2393596135079861e-02 5.1041051978245378e-02 0
-3.3786838874220848e-02 -3.0897305696271360e-02 3.6556027829647064e-02 0
-3.3786838874220848e-02 -3.0897305696271360e-02 3.8004530244506896e-02 0
-3.3786838874220848e-02 -3.0897305696271360e-02 3.9453032659366727e-02 0
-3.3786838874220848e-02 -3.0897305696271360e-02 4.0901535074226558e-02 0
-3.3786838874220848e-02 -3.0897305696271360e-02 4.2350037489086390e-02 0
-3.3786838874220848e-02 -3.0897305696271360e-02 4.3798539903946221e-02 0
-3.3786838874220848e-02 -3.0897305696271360e-02 4.5247042318806052e-02 0
-3.3786838874220848e-02 -3.0897305696271360e-02 4.6695544733665884e-02 0
-3.3786838874220848e-02 -3.0897305696271360e-02 4.8144047148525715e-02 0
-3.3786838874220848e-02 -3.0897305696271360e-02 4.9592549563385546e-02 0
-3.3786838874220848e-02 -3.0897305696271360e-02 5.1041051978245378e-02 0
-3.3786838874220848e-02 -2.9401015257462859e-02 3.6556027829647064e-02 0
-3.3786838874220848e-02 -2.9401015257462859e-02 3.8004530244506896e-02 0
-3.3786838874220848e-02 -2.9401015257462859e-02 3.9453032659366727e-02 0
-3.3786838874220848e-02 -2.9401015257462859e-02 4.0901535074226558e-02 0
-3.3786838874220848e-02 -2.9401015257462859e-02 4.2350037489086390e-02 0
-3.3786838874220848e-02 -2.9401015257462859e-02 4.3798539903946221e-02 0
-3.3786838874220848e-02 -2.9401015257462859e-02 4.5247042318806052e-02 0
-3.3786838874220848e-02 -2.9401015257462859e-02 4.6695544733665884e-02 0
-3.3786838874220848e-02 -2.9401015257462859e-02 4.8144047148525715e-02 0
-3.3786838874220848e-02 -2.9401015257462859e-02 4.9592549563385546e-02 0
-3.3786838874220848e-02 -2.9401015257462859e-02 5.1041051978245378e-02 0
-3.3786838874220848e-02 -2.7904724818654358e-02 3.6556027829647064e-02 0
-3.3786838874220848e-02 -2.7904724818654358e-02 3.8004530244506896e-02 0
-3.3786838874220848e-02 -2.7904724818654358e-02 3.9453032659366727e-02 0
-3.3786838874220848e-02 -2.7904724818654358e-02 4.0901535074226558e-02 0
-3.3786838874220848e-02 -2.7904724818654358e-02 4.2350037489086390e-02 0
-3.3786838874220848e-02 -2.7904724818654358e-02 4.3798539903946221e-02 0
-3.3786838874220848e-02 -2.7904724818654358e-02 4.5247042318806052e-02 0
-3.3786838874220848e-02 -2.7904724818654358e-02 4.6695544733665884e-02 0
-3.3786838874220848e-02 -2.7904724818654358e-02 4.8144047148525715e-02 0
-3.3786838874220848e-02 -2.7904724818654358e-02 4.9592549563385546e-02 0
-3.3786838874220848e-02 -2.7904724818654358e-02 5.1041051978245378e-02 0
-3.3786838874220848e-02 -2.6408434379845858e-02 3.6556027829647064e-02 0
-3.3786838874220848e-02 -2.6408434379845858e-02 3.8004530244506896e-02 0
-3.3786838874220848e-02 -2.6408434379845858e-02 3.9453032659366727e-02 0
-3.3786838874220848e-02 -2.6408434379845858e-02 4.0901535074226558e-02 0
-3.3786838874220848e-02 -2.6408434379845858e-02 4.2350037489086390e-02 0
-3.3786838874220848e-02 -2.6408434379845858e-02 4.3798539903946221e-02 0
-3.3786838874220848e-02 -2.6408434379845858e-02 4.5247042318806052e-02 0
-3.3786838874220848e-02 -2.6408434379845858e-02 4.6695544733665884e-02 0
-3.3786838874220848e-02 -2.6408434379845858e-02 4.8144047148525715e-02 0
-3.3786838874220848e-02 -2.6408434379845858e-02 4.9592549563385546e-02 0
-3.3786838874220848e-02 -2.6408434379845858e-02 5.1041051978245378e-02 0
-3.3786838874220848e-02 -2.4912143941037357e-02 3.6556027829647064e-02 0
-3.3786838874220848e-02 -2.4912143941037357e-02 3.8004530244506896e-02 0
-3.3786838874220848e-02 -2.4912143941037357e-02 3.9453032659366727e-02 0
-3.3786838874220848e-02 -2.4912143941037357e-02 4.0901535074226558e-02 0
-3.3786838874220848e-02 -2.4912143941037357e-02 4.2350037489086390e-02 0
-3.3786838874220848e-02 -2.4912143941037357e-02 4.3798539903946221e-02 0
-3.3786838874220848e-02 -2.4912143941037357e-02 4.5247042318806052e-02 0
-3.3786838874220848e-02 -2.4912143941037357e-02 4.6695544733665884e-02 0
-3.3786838874220848e-02 -2.4912143941037357e-02 4.8144047148525715e-02 0
-3.3786838874220848e-02 -2.4912143941037357e-02 4.9592549563385546e-02 0
-3.3786838874220848e-02 -2.4912143941037357e-02 5.1041051978245378e-02 0
-3.3786838874220848e-02 -2.3415853502228856e-02 3.6556027829647064e-02 0
-3.3786838874220848e-02 -2.3415853502228856e-02 3.8004530244506896e-02 0
-3.3786838874220848e-02 -2.3415853502228856e-02 3.9453032659366727e-02 0
-3.3786838874220848e-02 -2.3415853502228856e-02 4.0901535074226558e-02 0
-3.3786838874220848e-02 -2.3415853502228856e-02 4.2350037489086390e-02 0
-3.3786838874220848e-02 -2.3415853502228856e-02 4.3798539903946221e-02 0
-3.3786838874220848e-02 -2.3415853502228856e-02 4.5247042318806052e-02 0
-3.3786838874220848e-02 -2.3415853502228856e-02 4.6695544733665884e-02 0
-3.3786838874220848e-02 -2.1919563063420355e-02 3.6556027829647064e-02 0
-3.3786838874220848e-02 -2.1919563063420355e-02 3.8004530244506896e-02 0
-3.3786838874220848e-02 -2.1919563063420355e-02 3.9453032659366727e-02 0
-3.3786838874220848e-02 -2.1919563063420355e-02 4.0901535074226558e-02 0
-3.3786838874220848e-02 -2.1919563063420355e-02 4.2350037489086390e-02 0
-3.3786838874220848e-02 -2.1919563063420355e-02 4.3798539903946221e-02 0
-3.3786838874220848e-02 -2.1919563063420355e-02 4.5247042318806052e-02 0
-3.3786838874220848e-02 -2.1919563063420355e-02 4.6695544733665884e-02 0
-3.3786838874220848e-02 -2.0423272624611855e-02 3.6556027829647064e-02 0
-3.3786838874220848e-02 -2.0423272624611855e-02 3.8004530244506896e-02 0
-3.3786838874220848e-02 -2.0423272624611855e-02 3.9453032659366727e-02 0
-3.3786838874220848e-02 -2.0423272624611855e-02 4.0901535074226558e-02 0
-3.3786838874220848e-02 -2.0423272624611855e-02 4.2350037489086390e-02 0
-3.3786838874220848e-02 -2.0423272624611855e-02 4.3798539903946221e-02 0
-3.3786838874220848e-02 -2.0423272624611855e-02 4.5247042318806052e-02 0
-3.3786838874220848e-02 -2.0423272624611855e-02 4.6695544733665884e-02 0
-3.3786838874220848e-02 -1.8926982185803354e-02 3.6556027829647064e-02 0
-3.3786838874220848e-02 -1.8926982185803354e-02 3.8004530244506896e-02 0
-3.3786838874220848e-02 -1.8926982185803354e-02 3.9453032659366727e-02 0
-3.3786838874220848e-02 -1.8926982185803354e-02 4.0901535074226558e-02 0
-3.3786838874220848e-02 -1.8926982185803354e-02 4.2350037489086390e-02 0
-3.3786838874220848e-02 -1.8926982185803354e-02 4.3798539903946221e-02 0
-3.3786838874220848e-02 -1.8926982185803354e-02 4.5247042318806052e-02 0
-3.3786838874220848e-02 -1.8926982185803354e-02 4.6695544733665884e-02 0
-3.3786838874220848e-02 -1.7430691746994853e-02 3.6556027829647064e-02 0
-3.3786838874220848e-02 -1.7430691746994853e-02 3.8004530244506896e-02 0
-3.3786838874220848e-02 -1.7430691746994853e-02 3.9453032659366727e-02 0
-3.3786838874220848e-02 -1.7430691746994853e-02 4.0901535074226558e-02 0
-3.3786838874220848e-02 -1.7430691746994853e-02 4.2350037489086390e-02 0
-3.3786838874220848e-02 -1.7430691746994853e-02 4.3798539903946221e-02 0
-3.3786838874220848e-02 -1.7430691746994853e-02 4.5247042318806052e-02 0
-3.3786838874220848e-02 -1.7430691746994853e-02 4.6695544733665884e-02 0
-3.3786838874220848e-02 -1.5934401308186352e-02 3.6556027829647064e-02 0
-3.3786838874220848e-02 -1.5934401308186352e-02 3.8004530244506896e-02 0
-3.3786838874220848e-02 -1.5934401308186352e-02 3.9453032659366727e-02 0
-3.3786838874220848e-02 -1.5934401308186352e-02 4.0901535074226558e-02 0
-3.3786838874220848e-02 -1.5934401308186352e-02 4.2350037489086390e-02 0
-3.3786838874220848e-02 -1.5934401308186352e-02 4.3798539903946221e-02 0
-3.3786838874220848e-02 -1.5934401308186352e-02 4.5247042318806052e-02 0
-3.3786838874220848e-02 -1.5934401308186352e-02 4.6695544733665884e-02 0
-3.3786838874220848e-02 -1.4438110869377851e-02 3.6556027829647064e-02 0
-3.3786838874220848e-02 -1.4438110869377851e-02 3.8004530244506896e-02 0
-3.3786838874220848e-02 -1.4438110869377851e-02 3.9453032659366727e-02 0
-3.3786838874220848e-02 -1.4438110869377851e-02 4.0901535074226558e-02 0
-3.3786838874220848e-02 -1.4438110869377851e-02 4.2350037489086390e-02 0
-3.3786838874220848e-02 -1.4438110869377851e-02 4.3798539903946221e-02 0
-3.3786838874220848e-02 -1.4438110869377851e-02 4.5247042318806052e-02 0
-3.3786838874220848e-02 -1.4438110869377851e-02 4.6695544733665884e-02 0
-3.3786838874220848e-02 -1.2941820430569351e-02 3.6556027829647064e-02 0
-3.3786838874220848e-02 -1.2941820430569351e-02 3.8004530244506896e-02 0
-3.3786838874220848e-02 -1.2941820430569351e-02 3.9453032659366727e-02 0
-3.3786838874220848e-02 -1.2941820430569351e-02 4.0901535074226558e-02 0
-3.3786838874220848e-02 -1.2941820430569351e-02 4.2350037489086390e-02 0
-3.3786838874220848e-02 -1.2941820430569351e-02 4.3798539903946221e-02 0
-3.3786838874220848e-02 -1.2941820430569351e-02 4.5247042318806052e-02 0
-3.3786838874220848e-02 -1.2941820430569351e-02 4.6695544733665884e-02 0
-3.3786838874220848e-02 -1.1445529991760850e-02 3.6556027829647064e-02 0
-3.3786838874220848e-02 -1.1445529991760850e-02 3.8004530244506896e-02 0
-3.3786838874220848e-02 -1.1445529991760850e-02 3.9453032659366727e-02 0
-3.3786838874220848e-02 -1.1445529991760850e-02 4.0901535074226558e-02 0
-3.3786838874220848e-02 -1.1445529991760850e-02 4.2350037489086390e-02 0
-3.3786838874220848e-02 -1.1445529991760850e-02 4.3798539903946221e-02 0
-3.3786838874220848e-02 -1.1445529991760850e-02 4.5247042318806052e-02 0
-3.3786838874220848e-02 -1.1445529991760850e-02 4.6695544733665884e-02 0
-3.3786838874220848e-02 -9.9492395529523492e-03 3.6556027829647064e-02 0
-3.3786838874220848e-02 -9.9492395529523492e-03 3.8004530244506896e-02 0
-3.3786838874220848e-02 -9.9492395529523492e-03 3.9453032659366727e-02 0
-3.3786838874220848e-02 -9.9492395529523492e-03 4.0901535074226558e-02 0
-3.3786838874220848e-02 -9.9492395529523492e-03 4.2350037489086390e-02 0
-3.3786838874220848e-02 -9.9492395529523492e-03 4.3798539903946221e-02 0
-3.3786838874220848e-02 -9.9492395529523492e-03 4.5247042318806052e-02 0
-3.3786838874220848e-02 -9.9492395529523492e-03 4.6695544733665884e-02 0
-3.3786838874220848e-02 -8.4529491141438484e-03 3.6556027829647064e-02 0
-3.3786838874220848e-02 -8.4529491141438484e-03 3.8004530244506896e-02 0
-3.3786838874220848e-02 -8.4529491141438484e-03 3.9453032659366727e-02 0
-3.3786838874220848e-02 -8.4529491141438484e-03 4.0901535074226558e-02 0
-3.3786838874220848e-02 -8.4529491141438484e-03 4.2350037489086390e-02 0
-3.3786838874220848e-02 -8.4529491141438484e-03 4.3798539903946221e-02 0
-3.3786838874220848e-02 -8.4529491141438484e-03 4.5247042318806052e-02 0
-3.3786838874220848e-02 -8.4529491141438484e-03 4.6695544733665884e-02 0
-3.3786838874220848e-02 -6.9566586753353477e-03 3.6556027829647064e-02 0
-3.3786838874220848e-02 -6.9566586753353477e-03 3.8004530244506896e-02 0
-3.3786838874220848e-02 -6.9566586753353477e-03 3.9453032659366727e-02 0
-3.3786838874220848e-02 -6.9566586753353477e-03 4.0901535074226558e-02 0
-3.3786838874220848e-02 -6.9566586753353477e-03 4.2350037489086390e-02 0
-3.3786838874220848e-02 -6.9566586753353477e-03 4.3798539903946221e-02 0
-3.3786838874220848e-02 -6.9566586753353477e-03 4.5247042318806052e-02 0
-3.3786838874220848e-02 -6.9566586753353477e-03 4.6695544733665884e-02 0
-3.3786838874220848e-02 -5.4603682365268469e-03 3.6556027829647064e-02 0
-3.3786838874220848e-02 -5.4603682365268469e-03 3.8004530244506896e-02 0
-3.3786838874220848e-02 -5.4603682365268469e-03 3.9453032659366727e-02 0
-3.3786838874220848e-02 -5.4603682365268469e-03 4.0901535074226558e-02 0
-3.3786838874220848e-02 -5.4603682365268469e-03 4.2350037489086390e-02 0
-3.3786838874220848e-02 -5.4603682365268469e-03 4.3798539903946221e-02 0
-3.3786838874220848e-02 -5.4603682365268469e-03 4.5247042318806052e-02 0
-3.3786838874220848e-02 -5.4603682365268469e-03 4.6695544733665884e-02 0
-3.3786838874220848e-02 -3.9640777977183461e-03 3.6556027829647064e-02 0
-3.3786838874220848e-02 -3.9640777977183461e-03 3.8004530244506896e-02 0
-3.3786838874220848e-02 -3.9640777977183461e-03 3.9453032659366727e-02 0
-3.3786838874220848e-02 -3.9640777977183461e-03 4.0901535074226558e-02 0
-3.3786838874220848e-02 -3.9640777977183461e-03 4.2350037489086390e-02 0
-3.3786838874220848e-02 -3.9640777977183461e-03 4.3798539903946221e-02 0
-3.3786838874220848e-02 -3.9640777977183461e-03 4.5247042318806052e-02 0
-3.3786838874220848e-02 -3.9640777977183461e-03 4.6695544733665884e-02 0
-3.3786838874220848e-02 -2.4677873589098454e-03 3.6556027829647064e-02 0
-3.3786838874220848e-02 -2.4677873589098454e-03 3.8004530244506896e-02 0
-3.3786838874220848e-02 -2.4677873589098454e-03 3.9453032659366727e-02 0
-3.3786838874220848e-02 -2.4677873589098454e-03 4.0901535074226558e-02 0
-3.3786838874220848e-02 -2.4677873589098454e-03 4.2350037489086390e-02 0
-3.3786838874220848e-02 -2.4677873589098454e-03 4.3798539903946221e-02 0
-3.3786838874220848e-02 -2.4677873589098454e-03 4.5247042318806052e-02 0
-3.3786838874220848e-02 -2.4677873589098454e-03 4.6695544733665884e-02 0
-3.3786838874220848e-02 -9.7149692010134459e-04 3.6556027829647064e-02 0
-3.3786838874220848e-02 -9.7149692010134459e-04 3.8004530244506896e-02 0
-3.3786838874220848e-02 -9.7149692010134459e-04 3.9453032659366727e-02 0
-3.3786838874220848e-02 -9.7149692010134459e-04 4.0901535074226558e-02 0
-3.3786838874220848e-02 -9.7149692010134459e-04 4.2350037489086390e-02 0
-3.3786838874220848e-02 -9.7149692010134459e-04 4.3798539903946221e-02 0
-3.3786838874220848e-02 -9.7149692010134459e-04 4.5247042318806052e-02 0
-3.3786838874220848e-02 -9.7149692010134459e-04 4.6695544733665884e-02 0
-3.3786838874220848e-02 5.2479351870715618e-04 3.6556027829647064e-02 0
-3.3786838874220848e-02 5.2479351870715618e-04 3.8004530244506896e-02 0
-3.3786838874220848e-02 5.2479351870715618e-04 3.9453032659366727e-02 0
-3.3786838874220848e-02 5.2479351870715618e-04 4.0901535074226558e-02 0
-3.3786838874220848e-02 5.2479351870715618e-04 4.2350037489086390e-02 0
-3.3786838874220848e-02 5.2479351870715618e-04 4.3798539903946221e-02 0
-3.3786838874220848e-02 5.2479351870715618e-04 4.5247042318806052e-02 0
-3.3786838874220848e-02 5.2479351870715618e-04 4.6695544733665884e-02 0
-3.3786838874220848e-02 2.0210839575156569e-03 3.6556027829647064e-02 0
-3.3786838874220848e-02 2.0210839575156569e-03 3.8004530244506896e-02 0
-3.3786838874220848e-02 2.0210839575156569e-03 3.9453032659366727e-02 0
-3.3786838874220848e-02 2.0210839575156569e-03 4.0901535074226558e-02 0
-3.3786838874220848e-02 2.0210839575156569e-03 4.2350037489086390e-02 0
-3.3786838874220848e-02 2.0210839575156569e-03 4.3798539903946221e-02 0
-3.3786838874220848e-02 2.0210839575156569e-03 4.5247042318806052e-02 0
-3.3786838874220848e-02 2.0210839575156569e-03 4.6695544733665884e-02 0
-3.3786838874220848e-02 3.5173743963241577e-03 3.6556027829647064e-02 0
-3.3786838874220848e-02 3.5173743963241577e-03 3.8004530244506896e-02 0
-3.3786838874220848e-02 3.5173743963241577e-03 3.9453032659366727e-02 0
-3.3786838874220848e-02 3.5173743963241577e-03 4.0901535074226558e-02 0
-3.3786838874220848e-02 3.5173743963241577e-03 4.2350037489086390e-02 0
-3.3786838874220848e-02 3.5173743963241577e-03 4.3798539903946221e-02 0
-3.3786838874220848e-02 3.5173743963241577e-03 4.5247042318806052e-02 0
-3.3786838874220848e-02 3.5173743963241577e-03 4.6695544733665884e-02 0
-3.3786838874220848e-02 5.0136648351326585e-03 3.6556027829647064e-02 0
-3.3786838874220848e-02 5.0136648351326585e-03 3.8004530244506896e-02 0
-3.3786838874220848e-02 5.0136648351326585e-03 3.9453032659366727e-02 0
-3.3786838874220848e-02 5.0136648351326585e-03 4.0901535074226558e-02 0
-3.3786838874220848e-02 5.0136648351326585e-03 4.2350037489086390e-02 0
-3.3786838874220848e-02 5.0136648351326585e-03 4.3798539903946221e-02 0
-3.3786838874220848e-02 5.0136648351326585e-03 4.5247042318806052e-02 0
-3.3786838874220848e-02 5.0136648351326585e-03 4.6695544733665884e-02 0
-3.3786838874220848e-02 6.5099552739411592e-03 3.6556027829647064e-02 0
-3.3786838874220848e-02 6.5099552739411592e-03 3.8004530244506896e-02 0
-3.3786838874220848e-02 6.5099552739411592e-03 3.9453032659366727e-02 0
-3.3786838874220848e-02 6.5099552739411592e-03 4.0901535074226558e-02 0
-3.3786838874220848e-02 6.5099552739411592e-03 4.2350037489086390e-02 0
-3.3786838874220848e-02 6.5099552739411592e-03 4.3798539903946221e-02 0
-3.3786838874220848e-02 6.5099552739411592e-03 4.5247042318806052e-02 0
-3.3786838874220848e-02 6.5099552739411592e-03 4.6695544733665884e-02 0
-3.3786838874220848e-02 8.0062457127496600e-03 3.6556027829647064e-02 0
-3.3786838874220848e-02 8.0062457127496600e-03 3.8004530244506896e-02 0
-3.3786838874220848e-02 8.0062457127496600e-03 3.9453032659366727e-02 0
-3.3786838874220848e-02 8.0062457127496600e-03 4.0901535074226558e-02 0
-3.3786838874220848e-02 8.0062457127496600e-03 4.2350037489086390e-02 0
-3.3786838874220848e-02 8.0062457127496600e-03 4.3798539903946221e-02 0
-3.3786838874220848e-02 8.0062457127496600e-03 4.5247042318806052e-02 0
-3.3786838874220848e-02 8.0062457127496600e-03 4.6695544733665884e-02 0
-3.3786838874220848e-02 9.5025361515581608e-03 3.6556027829647064e-02 0
-3.3786838874220848e-02 9.5025361515581608e-03 3.8004530244506896e-02 0
-3.3786838874220848e-02 9.5025361515581608e-03 3.9453032659366727e-02 0
-3.3786838874220848e-02 9.5025361515581608e-03 4.0901535074226558e-02 0
-3.3786838874220848e-02 9.5025361515581608e-03 4.2350037489086390e-02 0
-3.3786838874220848e-02 9.5025361515581608e-03 4.3798539903946221e-02 0
-3.3786838874220848e-02 9.5025361515581608e-03 4.5247042318806052e-02 0
-3.3786838874220848e-02 9.5025361515581608e-03 4.6695544733665884e-02 0
-3.3786838874220848e-02 1.0998826590366662e-02 3.6556027829647064e-02 0
-3.3786838874220848e-02 1.0998826590366662e-02 3.8004530244506896e-02 0
-3.3786838874220848e-02 1.0998826590366662e-02 3.9453032659366727e-02 0
-3.3786838874220848e-02 1.0998826590366662e-02 4.0901535074226558e-02 0
-3.3786838874220848e-02 1.0998826590366662e-02 4.2350037489086390e-02 0
-3.3786838874220848e-02 1.0998826590366662e-02 4.3798539903946221e-02 0
-3.3786838874220848e-02 1.0998826590366662e-02 4.5247042318806052e-02 0
-3.3786838874220848e-02 1.0998826590366662e-02 4.6695544733665884e-02 0
-3.3786838874220848e-02 1.2495117029175162e-02 3.6556027829647064e-02 0
-3.3786838874220848e-02 1.2495117029175162e-02 3.8004530244506896e-02 0
-3.3786838874220848e-02 1.2495117029175162e-02 3.9453032659366727e-02 0
-3.3786838874220848e-02 1.2495117029175162e-02 4.0901535074226558e-02 0
-3.3786838874220848e-02 1.2495117029175162e-02 4.2350037489086390e-02 0
-3.3786838874220848e-02 1.2495117029175162e-02 4.3798539903946221e-02 0
-3.3786838874220848e-02 1.2495117029175162e-02 4.5247042318806052e-02 0
-3.3786838874220848e-02 1.2495117029175162e-02 4.6695544733665884e-02 0
-3.3786838874220848e-02 1.3991407467983663e-02 3.6556027829647064e-02 0
-3.3786838874220848e-02 1.3991407467983663e-02 3.8004530244506896e-02 0
-3.3786838874220848e-02 1.3991407467983663e-02 3.9453032659366727e-02 0
-3.3786838874220848e-02 1.3991407467983663e-02 4.0901535074226558e-02 0
-3.3786838874220848e-02 1.3991407467983663e-02 4.2350037489086390e-02 0
-3.3786838874220848e-02 1.3991407467983663e-02 4.3798539903946221e-02 0
-3.3786838874220848e-02 1.3991407467983663e-02 4.5247042318806052e-02 0
-3.3786838874220848e-02 1.3991407467983663e-02 4.6695544733665884e-02 0
-3.3786838874220848e-02 1.5487697906792164e-02 3.6556027829647064e-02 0
-3.3786838874220848e-02 1.5487697906792164e-02 3.8004530244506896e-02 0
-3.3786838874220848e-02 1.5487697906792164e-02 3.9453032659366727e-02 0
-3.3786838874220848e-02 1.5487697906792164e-02 4.0901535074226558e-02 0
-3.3786838874220848e-02 1.5487697906792164e-02 4.2350037489086390e-02 0
-3.3786838874220848e-02 1.5487697906792164e-02 4.3798539903946221e-02 0
-3.3786838874220848e-02 1.5487697906792164e-02 4.5247042318806052e-02 0
-3.3786838874220848e-02 1.5487697906792164e-02 4.6695544733665884e-02 0
-3.3786838874220848e-02 1.6983988345600665e-02 3.6556027829647064e-02 0
-3.3786838874220848e-02 1.6983988345600665e-02 3.8004530244506896e-02 0
-3.3786838874220848e-02 1.6983988345600665e-02 3.9453032659366727e-02 0
-3.3786838874220848e-02 1.6983988345600665e-02 4.0901535074226558e-02 0
-3.3786838874220848e-02 1.6983988345600665e-02 4.2350037489086390e-02 0
-3.3786838874220848e-02 1.6983988345600665e-02 4.3798539903946221e-02 0
-3.3786838874220848e-02 1.6983988345600665e-02 4.5247042318806052e-02 0
-3.3786838874220848e-02 1.6983988345600665e-02 4.6695544733665884e-02 0
-3.3786838874220848e-02 1.8480278784409165e-02 3.6556027829647064e-02 0
-3.3786838874220848e-02 1.8480278784409165e-02 3.8004530244506896e-02 0
-3.3786838874220848e-02 1.8480278784409165e-02 3.9453032659366727e-02 0
-3.3786838874220848e-02 1.8480278784409165e-02 4.0901535074226558e-02 0
-3.3786838874220848e-02 1.8480278784409165e-02 4.2350037489086390e-02 0
-3.3786838874220848e-02 1.8480278784409165e-02 4.3798539903946221e-02 0
-3.3786838874220848e-02 1.8480278784409165e-02 4.5247042318806052e-02 0
-3.3786838874220848e-02 1.8480278784409165e-02 4.6695544733665884e-02 0
-3.3786838874220848e-02 1.9976569223217666e-02 3.6556027829647064e-02 0
-3.3786838874220848e-02 1.9976569223217666e-02 3.8004530244506896e-02 0
-3.3786838874220848e-02 1.9976569223217666e-02 3.9453032659366727e-02 0
-3.3786838874220848e-02 1.9976569223217666e-02 4.0901535074226558e-02 0
-3.3786838874220848e-02 1.9976569223217666e-02 4.2350037489086390e-02 0
-3.3786838874220848e-02 1.9976569223217666e-02 4.3798539903946221e-02 0
-3.3786838874220848e-02 1.9976569223217666e-02 4.5247042318806052e-02 0
-3.3786838874220848e-02 1.9976569223217666e-02 4.6695544733665884e-02 0
-3.3786838874220848e-02 2.1472859662026167e-02 3.6556027829647064e-02 0
-3.3786838874220848e-02 2.1472859662026167e-02 3.8004530244506896e-02 0
-3.3786838874220848e-02 2.1472859662026167e-02 3.9453032659366727e-02 0
-3.3786838874220848e-02 2.1472859662026167e-02 4.0901535074226558e-02 0
-3.3786838874220848e-02 2.1472859662026167e-02 4.2350037489086390e-02 0
-3.3786838874220848e-02 2.1472859662026167e-02 4.3798539903946221e-02 0
-3.3786838874220848e-02 2.1472859662026167e-02 4.5247042318806052e-02 0
-3.3786838874220848e-02 2.1472859662026167e-02 4.6695544733665884e-02 0
-3.2303190440870821e-02 -4.4363919645547867e-02 3.6556027829647064e-02 0
-3.2303190440870821e-02 -4.2867629206739366e-02 3.6556027829647064e-02 0
-3.2303190440870821e-02 -4.4363919645547867e-02 3.8004530244506896e-02 0
-3.2303190440870821e-02 -4.2867629206739366e-02 3.8004530244506896e-02 0
-3.2303190440870821e-02 -4.4363919645547867e-02 3.9453032659366727e-02 0
-3.2303190440870821e-02 -4.2867629206739366e-02 3.9453032659366727e-02 0
-3.2303190440870821e-02 -4.4363919645547867e-02 4.0901535074226558e-02 0
-3.2303190440870821e-02 -4.2867629206739366e-02 4.0901535074226558e-02 0
-3.2303190440870821e-02 -4.4363919645547867e-02 4.2350037489086390e-02 0
-3.2303190440870821e-02 -4.2867629206739366e-02 4.2350037489086390e-02 0
-3.2303190440870821e-02 -4.4363919645547867e-02 4.3798539903946221e-02 0
-3.2303190440870821e-02 -4.2867629206739366e-02 4.3798539903946221e-02 0
-3.2303190440870821e-02 -4.4363919645547867e-02 4.5247042318806052e-02 0
-3.2303190440870821e-02 -4.2867629206739366e-02 4.5247042318806052e-02 0
-3.2303190440870821e-02 -4.4363919645547867e-02 4.6695544733665884e-02 0
-3.2303190440870821e-02 -4.2867629206739366e-02 4.6695544733665884e-02 0
-3.2303190440870821e-02 -4.4363919645547867e-02 4.8144047148525715e-02 0
-3.2303190440870821e-02 -4.2867629206739366e-02 4.8144047148525715e-02 0
-3.2303190440870821e-02 -4.4363919645547867e-02 4.9592549563385546e-02 0
-3.2303190440870821e-02 -4.2867629206739366e-02 4.9592549563385546e-02 0
-3.2303190440870821e-02 -4.4363919645547867e-02 5.1041051978245378e-02 0
-3.2303190440870821e-02 -4.2867629206739366e-02 5.1041051978245378e-02 0
-3.2303190440870821e-02 -4.1371338767930865e-02 3.6556027829647064e-02 0
-3.2303190440870821e-02 -4.1371338767930865e-02 3.8004530244506896e-02 0
-3.2303190440870821e-02 -4.1371338767930865e-02 3.9453032659366727e-02 0
-3.2303190440870821e-02 -4.1371338767930865e-02 4.0901535074226558e-02 0
-3.2303190440870821e-02 -4.1371338767930865e-02 4.2350037489086390e-02 0
-3.2303190440870821e-02 -4.1371338767930865e-02 4.3798539903946221e-02 0
-3.2303190440870821e-02 -4.1371338767930865e-02 4.5247042318806052e-02 0
-3.2303190440870821e-02 -4.1371338767930865e-02 4.6695544733665884e-02 0
-3.2303190440870821e-02 -4.1371338767930865e-02 4.8144047148525715e-02 0
-3.2303190440870821e-02 -4.1371338767930865e-02 4.9592549563385546e-02 0
-3.2303190440870821e-02 -4.1371338767930865e-02 5.1041051978245378e-02 0
-3.2303190440870821e-02 -3.9875048329122365e-02 3.6556027829647064e-02 0
-3.2303190440870821e-02 -3.9875048329122365e-02 3.8004530244506896e-02 0
-3.2303190440870821e-02 -3.9875048329122365e-02 3.9453032659366727e-02 0
-3.2303190440870821e-02 -3.9875048329122365e-02 4.0901535074226558e-02 0
-3.2303190440870821e-02 -3.9875048329122365e-02 4.2350037489086390e-02 0
-3.2303190440870821e-02 -3.9875048329122365e-02 4.3798539903946221e-02 0
-3.2303190440870821e-02 -3.9875048329122365e-02 4.5247042318806052e-02 0
-3.2303190440870821e-02 -3.9875048329122365e-02 4.6695544733665884e-02 0
-3.2303190440870821e-02 -3.9875048329122365e-02 4.8144047148525715e-02 0
-3.2303190440870821e-02 -3.9875048329122365e-02 4.9592549563385546e-02 0
-3.2303190440870821e-02 -3.9875048329122365e-02 5.1041051978245378e-02 0
-3.2303190440870821e-02 -3.8378757890313864e-02 3.6556027829647064e-02 0
-3.2303190440870821e-02 -3.8378757890313864e-02 3.8004530244506896e-02 0
-3.2303190440870821e-02 -3.8378757890313864e-02 3.9453032659366727e-02 0
-3.2303190440870821e-02 -3.8378757890313864e-02 4.0901535074226558e-02 0
-3.2303190440870821e-02 -3.8378757890313864e-02 4.2350037489086390e-02 0
-3.2303190440870821e-02 -3.8378757890313864e-02 4.3798539903946221e-02 0
-3.2303190440870821e-02 -3.8378757890313864e-02 4.5247042318806052e-02 0
-3.2303190440870821e-02 -3.8378757890313864e-02 4.6695544733665884e-02 0
-3.2303190440870821e-02 -3.8378757890313864e-02 4.8144047148525715e-02 0
-3.2303190440870821e-02 -3.8378757890313864e-02 4.9592549563385546e-02 0
-3.2303190440870821e-02 -3.8378757890313864e-02 5.1041051978245378e-02 0
-3.2303190440870821e-02 -3.6882467451505363e-02 3.6556027829647064e-02 0
-3.2303190440870821e-02 -3.6882467451505363e-02 3.8004530244506896e-02 0
-3.2303190440870821e-02 -3.6882467451505363e-02 3.9453032659366727e-02 0
-3.2303190440870821e-02 -3.6882467451505363e-02 4.0901535074226558e-02 0
-3.2303190440870821e-02 -3.6882467451505363e-02 4.2350037489086390e-02 0
-3.2303190440870821e-02 -3.6882467451505363e-02 4.3798539903946221e-02 0
-3.2303190440870821e-02 -3.6882467451505363e-02 4.5247042318806052e-02 0
-3.2303190440870821e-02 -3.6882467451505363e-02 4.6695544733665884e-02 0
-3.2303190440870821e-02 -3.6882467451505363e-02 4.8144047148525715e-02 0
-3.2303190440870821e-02 -3.6882467451505363e-02 4.9592549563385546e-02 0
-3.2303190440870821e-02 -3.6882467451505363e-02 5.1041051978245378e-02 0
-3.2303190440870821e-02 -3.5386177012696862e-02 3.6556027829647064e-02 0
-3.2303190440870821e-02 -3.5386177012696862e-02 3.8004530244506896e-02 0
-3.2303190440870821e-02 -3.5386177012696862e-02 3.9453032659366727e-02 0
-3.2303190440870821e-02 -3.5386177012696862e-02 4.0901535074226558e-02 0
-3.2303190440870821e-02 -3.5386177012696862e-02 4.2350037489086390e-02 0
-3.2303190440870821e-02 -3.5386177012696862e-02 4.3798539903946221e-02 0
-3.2303190440870821e-02 -3.5386177012696862e-02 4.5247042318806052e-02 0
-3.2303190440870821e-02 -3.5386177012696862e-02 4.6695544733665884e-02 0
-3.2303190440870821e-02 -3.5386177012696862e-02 4.8144047148525715e-02 0
-3.2303190440870821e-02 -3.5386177012696862e-02 4.9592549563385546e-02 0
-3.2303190440870821e-02 -3.5386177012696862e-02 5.1041051978245378e-02 0
-3.2303190440870821e-02 -3.3889886573888361e-02 3.6556027829647064e-02 0
-3.2303190440870821e-02 -3.3889886573888361e-02 3.8004530244506896e-02 0
-3.2303190440870821e-02 -3.3889886573888361e-02 3.9453032659366727e-02 0
-3.2303190440870821e-02 -3.3889886573888361e-02 4.0901535074226558e-02 0
-3.2303190440870821e-02 -3.3889886573888361e-02 4.2350037489086390e-02 0
-3.2303190440870821e-02 -3.3889886573888361e-02 4.3798539903946221e-02 0
-3.2303190440870821e-02 -3.3889886573888361e-02 4.5247042318806052e-02 0
-3.2303190440870821e-02 -3.3889886573888361e-02 4.6695544733665884e-02 0
-3.2303190440870821e-02 -3.3889886573888361e-02 4.8144047148525715e-02 0
-3.2303190440870821e-02 -3.3889886573888361e-02 4.9592549563385546e-02 0
-3.2303190440870821e-02 -3.3889886573888361e-02 5.1041051978245378e-02 0
-3.2303190440870821e-02 -3.2393596135079861e-02 3.6556027829647064e-02 0
-3.2303190440870821e-02 -3.2393596135079861e-02 3.8004530244506896e-02 0
-3.2303190440870821e-02 -3.2393596135079861e-02 3.9453032659366727e-02 0
-3.2303190440870821e-02 -3.2393596135079861e-02 4.0901535074226558e-02 0
-3.2303190440870821e-02 -3.2393596135079861e-02 4.2350037489086390e-02 0
-3.2303190440870821e-02 -3.2393596135079861e-02 4.3798539903946221e-02 0
-3.2303190440870821e-02 -3.2393596135079861e-02 4.5247042318806052e-02 0
-3.2303190440870821e-02 -3.2393596135079861e-02 4.6695544733665884e-02 0
-3.2303190440870821e-02 -3.2393596135079861e-02 4.8144047148525715e-02 0
-3.2303190440870821e-02 -3.2393596135079861e-02 4.9592549563385546e-02 0
-3.2303190440870821e-02 -3.2393596135079861e-02 5.1041051978245378e-02 0
-3.2303190440870821e-02 -3.0897305696271360e-02 3.6556027829647064e-02 0
-3.2303190440870821e-02 -3.0897305696271360e-02 3.8004530244506896e-02 0
-3.2303190440870821e-02 -3.0897305696271360e-02 3.9453032659366727e-02 0
-3.2303190440870821e-02 -3.0897305696271360e-02 4.0901535074226558e-02 0
-3.2303190440870821e-02 -3.0897305696271360e-02 4.2350037489086390e-02 0
-3.2303190440870821e-02 -3.0897305696271360e-02 4.3798539903946221e-02 0
-3.2303190440870821e-02 -3.0897305696271360e-02 4.5247042318806052e-02 0
-3.2303190440870821e-02 -3.0897305696271360e-02 4.6695544733665884e-02 0
-3.2303190440870821e-02 -3.0897305696271360e-02 4.8144047148525715e-02 0
-3.2303190440870821e-02 -3.0897305696271360e-02 4.9592549563385546e-02 0
-3.2303190440870821e-02 -3.0897305696271360e-02 5.1041051978245378e-02 0
-3.2303190440870821e-02 -2.9401015257462859e-02 3.6556027829647064e-02 0
-3.2303190440870821e-02 -2.9401015257462859e-02 3.8004530244506896e-02 0
-3.2303190440870821e-02 -2.9401015257462859e-02 3.9453032659366727e-02 0
-3.2303190440870821e-02 -2.9401015257462859e-02 4.0901535074226558e-02 0
-3.2303190440870821e-02 -2.9401015257462859e-02 4.2350037489086390e-02 0
-3.2303190440870821e-02 -2.9401015257462859e-02 4.3798539903946221e-02 0
-3.2303190440870821e-02 -2.9401015257462859e-02 4.5247042318806052e-02 0
-3.2303190440870821e-02 -2.9401015257462859e-02 4.6695544733665884e-02 0
-3.2303190440870821e-02 -2.9401015257462859e-02 4.8144047148525715e-02 0
-3.2303190440870821e-02 -2.9401015257462859e-02 4.9592549563385546e-02 0
-3.2303190440870821e-02 -2.9401015257462859e-02 5.1041051978245378e-02 0
-3.2303190440870821e-02 -2.7904724818654358e-02 3.6556027829647064e-02 0
-3.2303190440870821e-02 -2.7904724818654358e-02 3.8004530244506896e-02 0
-3.2303190440870821e-02 -2.7904724818654358e-02 3.9453032659366727e-02 0
-3.2303190440870821e-02 -2.7904724818654358e-02 4.0901535074226558e-02 0
-3.2303190440870821e-02 -2.7904724818654358e-02 4.2350037489086390e-02 0
-3.2303190440870821e-02 -2.7904724818654358e-02 4.3798539903946221e-02 0
-3.2303190440870821e-02 -2.7904724818654358e-02 4.5247042318806052e-02 0
-3.2303190440870821e-02 -2.7904724818654358e-02 4.6695544733665884e-02 0
-3.2303190440870821e-02 -2.7904724818654358e-02 4.8144047148525715e-02 0
-3.2303190440870821e-02 -2.7904724818654358e-02 4.9592549563385546e-02 0
-3.2303190440870821e-02 -2.7904724818654358e-02 5.1041051978245378e-02 0
-3.2303190440870821e-02 -2.6408434379845858e-02 3.6556027829647064e-02 0
-3.2303190440870821e-02 -2.6408434379845858e-02 3.8004530244506896e-02 0
-3.2303190440870821e-02 -2.6408434379845858e-02 3.9453032659366727e-02 0
-3.2303190440870821e-02 -2.6408434379845858e-02 4.0901535074226558e-02 0
-3.2303190440870821e-02 -2.6408434379845858e-02 4.2350037489086390e-02 0
-3.2303190440870821e-02 -2.6408434379845858e-02 4.3798539903946221e-02 0
-3.2303190440870821e-02 -2.6408434379845858e-02 4.5247042318806052e-02 0
-3.2303190440870821e-02 -2.6408434379845858e-02 4.6695544733665884e-02 0
-3.2303190440870821e-02 -2.6408434379845858e-02 4.8144047148525715e-02 0
-3.2303190440870821e-02 -2.6408434379845858e-02 4.9592549563385546e-02 0
-3.2303190440870821e-02 -2.6408434379845858e-02 5.1041051978245378e-02 0
-3.2303190440870821e-02 -2.4912143941037357e-02 3.6556027829647064e-02 0
-3.2303190440870821e-02 -2.4912143941037357e-02 3.8004530244506896e-02 0
-3.2303190440870821e-02 -2.4912143941037357e-02 3.9453032659366727e-02 0
-3.2303190440870821e-02 -2.4912143941037357e-02 4.0901535074226558e-02 0
-3.2303190440870821e-02 -2.4912143941037357e-02 4.2350037489086390e-02 0
-3.2303190440870821e-02 -2.4912143941037357e-02 4.3798539903946221e-02 0
-3.2303190440870821e-02 -2.4912143941037357e-02 4.5247042318806052e-02 0
-3.2303190440870821e-02 -2.4912143941037357e-02 4.6695544733665884e-02 0
-3.2303190440870821e-02 -2.4912143941037357e-02 4.8144047148525715e-02 0
-3.2303190440870821e-02 -2.4912143941037357e-02 4.9592549563385546e-02 0
-3.2303190440870821e-02 -2.4912143941037357e-02 5.1041051978245378e-02 0
-3.2303190440870821e-02 -2.3415853502228856e-02 3.6556027829647064e-02 0
-3.2303190440870821e-02 -2.3415853502228856e-02 3.8004530244506896e-02 0
-3.2303190440870821e-02 -2.3415853502228856e-02 3.9453032659366727e-02 0
-3.2303190440870821e-02 -2.3415853502228856e-02 4.0901535074226558e-02 0
-3.2303190440870821e-02 -2.3415853502228856e-02 4.2350037489086390e-02 0
-3.2303190440870821e-02 -2.3415853502228856e-02 4.3798539903946221e-02 0
-3.2303190440870821e-02 -2.3415853502228856e-02 4.5247042318806052e-02 0
-3.2303190440870821e-02 -2.3415853502228856e-02 4.6695544733665884e-02 0
-3.2303190440870821e-02 -2.1919563063420355e-02 3.6556027829647064e-02 0
-3.2303190440870821e-02 -2.1919563063420355e-02 3.8004530244506896e-02 0
-3.2303190440870821e-02 -2.1919563063420355e-02 3.9453032659366727e-02 0
-3.2303190440870821e-02 -2.1919563063420355e-02 4.0901535074226558e-02 0
-3.2303190440870821e-02 -2.1919563063420355e-02 4.2350037489086390e-02 0
-3.2303190440870821e-02 -2.1919563063420355e-02 4.3798539903946221e-02 0
-3.2303190440870821e-02 -2.1919563063420355e-02 4.5247042318806052e-02 0
-3.2303190440870821e-02 -2.1919563063420355e-02 4.6695544733665884e-02 0
-3.2303190440870821e-02 -2.0423272624611855e-02 3.6556027829647064e-02 0
-3.2303190440870821e-02 -2.0423272624611855e-02 3.8004530244506896e-02 0
-3.2303190440870821e-02 -2.0423272624611855e-02 3.9453032659366727e-02 0
-3.2303190440870821e-02 -2.0423272624611855e-02 4.0901535074226558e-02 0
-3.2303190440870821e-02 -2.0423272624611855e-02 4.2350037489086390e-02 0
-3.2303190440870821e-02 -2.0423272624611855e-02 4.3798539903946221e-02 0
-3.2303190440870821e-02 -2.0423272624611855e-02 4.5247042318806052e-02 0
-3.2303190440870821e-02 -2.0423272624611855e-02 4.6695544733665884e-02 0
-3.2303190440870821e-02 -1.8926982185803354e-02 3.6556027829647064e-02 0
-3.2303190440870821e-02 -1.8926982185803354e-02 3.8004530244506896e-02 0
-3.2303190440870821e-02 -1.8926982185803354e-02 3.9453032659366727e-02 0
-3.2303190440870821e-02 -1.8926982185803354e-02 4.0901535074226558e-02 0
-3.2303190440870821e-02 -1.8926982185803354e-02 4.2350037489086390e-02 0
-3.2303190440870821e-02 -1.8926982185803354e-02 4.3798539903946221e-02 0
-3.2303190440870821e-02 -1.8926982185803354e-02 4.5247042318806052e-02 0
-3.2303190440870821e-02 -1.8926982185803354e-02 4.6695544733665884e-02 0
-3.2303190440870821e-02 -1.7430691746994853e-02 3.6556027829647064e-02 0
-3.2303190440870821e-02 -1.7430691746994853e-02 3.8004530244506896e-02 0
-3.2303190440870821e-02 -1.7430691746994853e-02 3.9453032659366727e-02 0
-3.2303190440870821e-02 -1.7430691746994853e-02 4.0901535074226558e-02 0
-3.2303190440870821e-02 -1.7430691746994853e-02 4.2350037489086390e-02 0
-3.2303190440870821e-02 -1.7430691746994853e-02 4.3798539903946221e-02 0
-3.2303190440870821e-02 -1.7430691746994853e-02 4.5247042318806052e-02 0
-3.2303190440870821e-02 -1.7430691746994853e-02 4.6695544733665884e-02 0
-3.2303190440870821e-02 -1.5934401308186352e-02 3.6556027829647064e-02 0
-3.2303190440870821e-02 -1.5934401308186352e-02 3.8004530244506896e-02 0
-3.2303190440870821e-02 -1.5934401308186352e-02 3.9453032659366727e-02 0
-3.2303190440870821e-02 -1.5934401308186352e-02 4.0901535074226558e-02 0
-3.2303190440870821e-02 -1.5934401308186352e-02 4.2350037489086390e-02 0
-3.2303190440870821e-02 -1.5934401308186352e-02 4.3798539903946221e-02 0
-3.2303190440870821e-02 -1.5934401308186352e-02 4.5247042318806052e-02 0
-3.2303190440870821e-02 -1.5934401308186352e-02 4.6695544733665884e-02 0
-3.2303190440870821e-02 -1.4438110869377851e-02 3.6556027829647064e-02 0
-3.2303190440870821e-02 -1.4438110869377851e-02 3.8004530244506896e-02 0
-3.2303190440870821e-02 -1.4438110869377851e-02 3.9453032659366727e-02 0
-3.2303190440870821e-02 -1.4438110869377851e-02 4.0901535074226558e-02 0
-3.2303190440870821e-02 -1.4438110869377851e-02 4.2350037489086390e-02 0
-3.2303190440870821e-02 -1.4438110869377851e-02 4.3798539903946221e-02 0
-3.2303190440870821e-02 -1.4438110869377851e-02 4.5247042318806052e-02 0
-3.2303190440870821e-02 -1.4438110869377851e-02 4.6695544733665884e-02 0
-3.2303190440870821e-02 -1.2941820430569351e-02 3.6556027829647064e-02 0
-3.2303190440870821e-02 -1.2941820430569351e-02 3.8004530244506896e-02 0
-3.2303190440870821e-02 -1.2941820430569351e-02 3.9453032659366727e-02 0
-3.2303190440870821e-02 -1.2941820430569351e-02 4.0901535074226558e-02 0
-3.2303190440870821e-02 -1.2941820430569351e-02 4.2350037489086390e-02 0
-3.2303190440870821e-02 -1.2941820430569351e-02 4.3798539903946221e-02 0
-3.2303190440870821e-02 -1.2941820430569351e-02 4.5247042318806052e-02 0
-3.2303190440870821e-02 -1.2941820430569351e-02 4.6695544733665884e-02 0
-3.2303190440870821e-02 -1.1445529991760850e-02 3.6556027829647064e-02 0
-3.2303190440870821e-02 -1.1445529991760850e-02 3.8004530244506896e-02 0
-3.2303190440870821e-02 -1.1445529991760850e-02 3.9453032659366727e-02 0
-3.2303190440870821e-02 -1.1445529991760850e-02 4.0901535074226558e-02 0
-3.2303190440870821e-02 -1.1445529991760850e-02 4.2350037489086390e-02 0
-3.2303190440870821e-02 -1.1445529991760850e-02 4.3798539903946221e-02 0
-3.2303190440870821e-02 -1.1445529991760850e-02 4.5247042318806052e-02 0
-3.2303190440870821e-02 -1.1445529991760850e-02 4.6695544733665884e-02 0
-3.2303190440870821e-02 -9.9492395529523492e-03 3.6556027829647064e-02 0
-3.2303190440870821e-02 -9.9492395529523492e-03 3.8004530244506896e-02 0
-3.2303190440870821e-02 -9.9492395529523492e-03 3.9453032659366727e-02 0
-3.2303190440870821e-02 -9.9492395529523492e-03 4.0901535074226558e-02 0
-3.2303190440870821e-02 -9.9492395529523492e-03 4.2350037489086390e-02 0
-3.2303190440870821e-02 -9.9492395529523492e-03 4.3798539903946221e-02 0
-3.2303190440870821e-02 -9.9492395529523492e-03 4.5247042318806052e-02 0
-3.2303190440870821e-02 -9.9492395529523492e-03 4.6695544733665884e-02 0
-3.2303190440870821e-02 -8.4529491141438484e-03 3.6556027829647064e-02 0
-3.2303190440870821e-02 -8.4529491141438484e-03 3.8004530244506896e-02 0
-3.2303190440870821e-02 -8.4529491141438484e-03 3.9453032659366727e-02 0
-3.2303190440870821e-02 -8.4529491141438484e-03 4.0901535074226558e-02 0
-3.2303190440870821e-02 -8.4529491141438484e-03 4.2350037489086390e-02 0
-3.2303190440870821e-02 -8.4529491141438484e-03 4.3798539903946221e-02 0
-3.2303190440870821e-02 -8.4529491141438484e-03 4.5247042318806052e-02 0
-3.2303190440870821e-02 -8.4529491141438484e-03 4.6695544733665884e-02 0
-3.2303190440870821e-02 -6.9566586753353477e-03 3.6556027829647064e-02 0
-3.2303190440870821e-02 -6.9566586753353477e-03 3.8004530244506896e-02 0
-3.2303190440870821e-02 -6.9566586753353477e-03 3.9453032659366727e-02 0
-3.2303190440870821e-02 -6.9566586753353477e-03 4.0901535074226558e-02 0
-3.2303190440870821e-02 -6.9566586753353477e-03 4.2350037489086390e-02 0
-3.2303190440870821e-02 -6.9566586753353477e-03 4.3798539903946221e-02 0
-3.2303190440870821e-02 -6.9566586753353477e-03 4.5247042318806052e-02 0
-3.2303190440870821e-02 -6.9566586753353477e-03 4.6695544733665884e-02 0
-3.2303190440870821e-02 -5.4603682365268469e-03 3.6556027829647064e-02 0
-3.2303190440870821e-02 -5.4603682365268469e-03 3.8004530244506896e-02 0
-3.2303190440870821e-02 -5.4603682365268469e-03 3.9453032659366727e-02 0
-3.2303190440870821e-02 -5.4603682365268469e-03 4.0901535074226558e-02 0
-3.2303190440870821e-02 -5.4603682365268469e-03 4.2350037489086390e-02 0
-3.2303190440870821e-02 -5.4603682365268469e-03 4.3798539903946221e-02 0
-3.2303190440870821e-02 -5.4603682365268469e-03 4.5247042318806052e-02 0
-3.2303190440870821e-02 -5.4603682365268469e-03 4.6695544733665884e-02 0
-3.2303190440870821e-02 -3.9640777977183461e-03 3.6556027829647064e-02 0
-3.2303190440870821e-02 -3.9640777977183461e-03 3.8004530244506896e-02 0
-3.2303190440870821e-02 -3.9640777977183461e-03 3.9453032659366727e-02 0
-3.2303190440870821e-02 -3.9640777977183461e-03 4.0901535074226558e-02 0
-3.2303190440870821e-02 -3.9640777977183461e-03 4.2350037489086390e-02 0
-3.2303190440870821e-02 -3.9640777977183461e-03 4.3798539903946221e-02 0
-3.2303190440870821e-02 -3.9640777977183461e-03 4.5247042318806052e-02 0
-3.2303190440870821e-02 -3.9640777977183461e-03 4.6695544733665884e-02 0
-3.2303190440870821e-02 -2.4677873589098454e-03 3.6556027829647064e-02 0
-3.2303190440870821e-02 -2.4677873589098454e-03 3.8004530244506896e-02 0
-3.2303190440870821e-02 -2.4677873589098454e-03 3.9453032659366727e-02 0
-3.2303190440870821e-02 -2.4677873589098454e-03 4.0901535074226558e-02 0
-3.2303190440870821e-02 -2.4677873589098454e-03 4.2350037489086390e-02 0
-3.2303190440870821e-02 -2.4677873589098454e-03 4.3798539903946221e-02 0
-3.2303190440870821e-02 -2.4677873589098454e-03 4.5247042318806052e-02 0
-3.2303190440870821e-02 -2.4677873589098454e-03 4.6695544733665884e-02 0
-3.2303190440870821e-02 -9.7149692010134459e-04 3.6556027829647064e-02 0
-3.2303190440870821e-02 -9.7149692010134459e-04 3.8004530244506896e-02 0
-3.2303190440870821e-02 -9.7149692010134459e-04 3.9453032659366727e-02 0
-3.2303190440870821e-02 -9.7149692010134459e-04 4.0901535074226558e-02 0
-3.2303190440870821e-02 -9.7149692010134459e-04 4.2350037489086390e-02 0
-3.2303190440870821e-02 -9.7149692010134459e-04 4.3798539903946221e-02 0
-3.2303190440870821e-02 -9.7149692010134459e-04 4.5247042318806052e-02 0
-3.2303190440870821e-02 -9.7149692010134459e-04 4.6695544733665884e-02 0
-3.2303190440870821e-02 5.2479351870715618e-04 3.6556027829647064e-02 0
-3.2303190440870821e-02 5.2479351870715618e-04 3.8004530244506896e-02 0
-3.2303190440870821e-02 5.2479351870715618e-04 3.9453032659366727e-02 0
-3.2303190440870821e-02 5.2479351870715618e-04 4.0901535074226558e-02 0
-3.2303190440870821e-02 5.2479351870715618e-04 4.2350037489086390e-02 0
-3.2303190440870821e-02 5.2479351870715618e-04 4.3798539903946221e-02 0
-3.2303190440870821e-02 5.2479351870715618e-04 4.5247042318806052e-02 0
-3.2303190440870821e-02 5.2479351870715618e-04 4.6695544733665884e-02 0
-3.2303190440870821e-02 2.0210839575156569e-03 3.6556027829647064e-02 0
-3.2303190440870821e-02 2.0210839575156569e-03 3.8004530244506896e-02 0
-3.2303190440870821e-02 2.0210839575156569e-03 3.9453032659366727e-02 0
-3.2303190440870821e-02 2.0210839575156569e-03 4.0901535074226558e-02 0
-3.2303190440870821e-02 2.0210839575156569e-03 4.2350037489086390e-02 0
-3.2303190440870821e-02 2.0210839575156569e-03 4.3798539903946221e-02 0
-3.2303190440870821e-02 2.0210839575156569e-03 4.5247042318806052e-02 0
-3.2303190440870821e-02 2.0210839575156569e-03 4.6695544733665884e-02 0
-3.2303190440870821e-02 3.5173743963241577e-03 3.6556027829647064e-02 0
-3.2303190440870821e-02 3.5173743963241577e-03 3.8004530244506896e-02 0
-3.2303190440870821e-02 3.5173743963241577e-03 3.9453032659366727e-02 0
-3.2303190440870821e-02 3.5173743963241577e-03 4.0901535074226558e-02 0
-3.2303190440870821e-02 3.5173743963241577e-03 4.2350037489086390e-02 0
-3.2303190440870821e-02 3.5173743963241577e-03 4.3798539903946221e-02 0
-3.2303190440870821e-02 3.5173743963241577e-03 4.5247042318806052e-02 0
-3.2303190440870821e-02 3.5173743963241577e-03 4.6695544733665884e-02 0
-3.2303190440870821e-02 5.0136648351326585e-03 3.6556027829647064e-02 0
-3.2303190440870821e-02 5.0136648351326585e-03 3.8004530244506896e-02 0
-3.2303190440870821e-02 5.0136648351326585e-03 3.9453032659366727e-02 0
-3.2303190440870821e-02 5.0136648351326585e-03 4.0901535074226558e-02 0
-3.2303190440870821e-02 5.0136648351326585e-03 4.2350037489086390e-02 0
-3.2303190440870821e-02 5.0136648351326585e-03 4.3798539903946221e-02 0
-3.2303190440870821e-02 5.0136648351326585e-03 4.5247042318806052e-02 0
-3.2303190440870821e-02 5.0136648351326585e-03 4.6695544733665884e-02 0
-3.2303190440870821e-02 6.5099552739411592e-03 3.6556027829647064e-02 0
-3.2303190440870821e-02 6.5099552739411592e-03 3.8004530244506896e-02 0
-3.2303190440870821e-02 6.5099552739411592e-03 3.9453032659366727e-02 0
-3.2303190440870821e-02 6.5099552739411592e-03 4.0901535074226558e-02 0
-3.2303190440870821e-02 6.5099552739411592e-03 4.2350037489086390e-02 0
-3.2303190440870821e-02 6.5099552739411592e-03 4.3798539903946221e-02 0
-3.2303190440870821e-02 6.5099552739411592e-03 4.5247042318806052e-02 0
-3.2303190440870821e-02 6.5099552739411592e-03 4.6695544733665884e-02 0
-3.2303190440870821e-02 8.0062457127496600e-03 3.6556027829647064e-02 0
-3.2303190440870821e-02 8.0062457127496600e-03 3.8004530244506896e-02 0
-3.2303190440870821e-02 8.0062457127496600e-03 3.9453032659366727e-02 0
-3.2303190440870821e-02 8.0062457127496600e-03 4.0901535074226558e-02 0
-3.2303190440870821e-02 8.0062457127496600e-03 4.2350037489086390e-02 0
-3.2303190440870821e-02 8.0062457127496600e-03 4.3798539903946221e-02 0
-3.2303190440870821e-02 8.0062457127496600e-03 4.5247042318806052e-02 0
-3.2303190440870821e-02 8.0062457127496600e-03 4.6695544733665884e-02 0
-3.2303190440870821e-02 9.5025361515581608e-03 3.6556027829647064e-02 0
-3.2303190440870821e-02 9.5025361515581608e-03 3.8004530244506896e-02 0
-3.2303190440870821e-02 9.5025361515581608e-03 3.9453032659366727e-02 0
-3.2303190440870821e-02 9.5025361515581608e-03 4.0901535074226558e-02 0
-3.2303190440870821e-02 9.5025361515581608e-03 4.2350037489086390e-02 0
-3.2303190440870821e-02 9.5025361515581608e-03 4.3798539903946221e-02 0
-3.2303190440870821e-02 9.5025361515581608e-03 4.5247042318806052e-02 0
-3.2303190440870821e-02 9.5025361515581608e-03 4.6695544733665884e-02 0
-3.2303190440870821e-02 1.0998826590366662e-02 3.6556027829647064e-02 0
-3.2303190440870821e-02 1.0998826590366662e-02 3.8004530244506896e-02 0
-3.2303190440870821e-02 1.0998826590366662e-02 3.9453032659366727e-02 0
-3.2303190440870821e-02 1.0998826590366662e-02 4.0901535074226558e-02 0
-3.2303190440870821e-02 1.0998826590366662e-02 4.2350037489086390e-02 0
-3.2303190440870821e-02 1.0998826590366662e-02 4.3798539903946221e-02 0
-3.2303190440870821e-02 1.0998826590366662e-02 4.5247042318806052e-02 0
-3.2303190440870821e-02 1.0998826590366662e-02 4.6695544733665884e-02 0
-3.2303190440870821e-02 1.2495117029175162e-02 3.6556027829647064e-02 0
-3.2303190440870821e-02 1.2495117029175162e-02 3.8004530244506896e-02 0
-3.2303190440870821e-02 1.2495117029175162e-02 3.9453032659366727e-02 0
-3.2303190440870821e-02 1.2495117029175162e-02 4.0901535074226558e-02 0
-3.2303190440870821e-02 1.2495117029175162e-02 4.2350037489086390e-02 0
-3.2303190440870821e-02 1.2495117029175162e-02 4.3798539903946221e-02 0
-3.2303190440870821e-02 1.2495117029175162e-02 4.5247042318806052e-02 0
-3.2303190440870821e-02 1.2495117029175162e-02 4.6695544733665884e-02 0
-3.2303190440870821e-02 1.3991407467983663e-02 3.6556027829647064e-02 0
-3.2303190440870821e-02 1.3991407467983663e-02 3.8004530244506896e-02 0
-3.2303190440870821e-02 1.3991407467983663e-02 3.9453032659366727e-02 0
-3.2303190440870821e-02 1.3991407467983663e-02 4.0901535074226558e-02 0
-3.2303190440870821e-02 1.3991407467983663e-02 4.2350037489086390e-02 0
-3.2303190440870821e-02 1.3991407467983663e-02 4.3798539903946221e-02 0
-3.2303190440870821e-02 1.3991407467983663e-02 4.5247042318806052e-02 0
-3.2303190440870821e-02 1.3991407467983663e-02 4.6695544733665884e-02 0
-3.2303190440870821e-02 1.5487697906792164e-02 3.6556027829647064e-02 0
-3.2303190440870821e-02 1.5487697906792164e-02 3.8004530244506896e-02 0
-3.2303190440870821e-02 1.5487697906792164e-02 3.9453032659366727e-02 0
-3.2303190440870821e-02 1.5487697906792164e-02 4.0901535074226558e-02 0
-3.2303190440870821e-02 1.5487697906792164e-02 4.2350037489086390e-02 0
-3.2303190440870821e-02 1.5487697906792164e-02 4.3798539903946221e-02 0
-3.2303190440870821e-02 1.5487697906792164e-02 4.5247042318806052e-02 0
-3.2303190440870821e-02 1.5487697906792164e-02 4.6695544733665884e-02 0
-3.2303190440870821e-02 1.6983988345600665e-02 3.6556027829647064e-02 0
-3.2303190440870821e-02 1.6983988345600665e-02 3.8004530244506896e-02 0
-3.2303190440870821e-02 1.6983988345600665e-02 3.9453032659366727e-02 0
-3.2303190440870821e-02 1.6983988345600665e-02 4.0901535074226558e-02 0
-3.2303190440870821e-02 1.6983988345600665e-02 4.2350037489086390e-02 0
-3.2303190440870821e-02 1.6983988345600665e-02 4.3798539903946221e-02 0
-3.2303190440870821e-02 1.6983988345600665e-02 4.5247042318806052e-02 0
-3.2303190440870821e-02 1.6983988345600665e-02 4.6695544733665884e-02 0
-3.2303190440870821e-02 1.8480278784409165e-02 3.6556027829647064e-02 0
-3.2303190440870821e-02 1.8480278784409165e-02 3.8004530244506896e-02 0
-3.2303190440870821e-02 1.8480278784409165e-02 3.9453032659366727e-02 0
-3.2303190440870821e-02 1.8480278784409165e-02 4.0901535074226558e-02 0
-3.2303190440870821e-02 1.8480278784409165e-02 4.2350037489086390e-02 0
-3.2303190440870821e-02 1.8480278784409165e-02 4.3798539903946221e-02 0
-3.2303190440870821e-02 1.8480278784409165e-02 4.5247042318806052e-02 0
-3.2303190440870821e-02 1.8480278784409165e-02 4.6695544733665884e-02 0
-3.2303190440870821e-02 1.9976569223217666e-02 3.6556027829647064e-02 0
-3.2303190440870821e-02 1.9976569223217666e-02 3.8004530244506896e-02 0
-3.2303190440870821e-02 1.9976569223217666e-02 3.9453032659366727e-02 0
-3.2303190440870821e-02 1.9976569223217666e-02 4.0901535074226558e-02 0
-3.2303190440870821e-02 1.9976569223217666e-02 4.2350037489086390e-02 0
-3.2303190440870821e-02 1.9976569223217666e-02 4.3798539903946221e-02 0
-3.2303190440870821e-02 1.9976569223217666e-02 4.5247042318806052e-02 0
-3.2303190440870821e-02 1.9976569223217666e-02 4.6695544733665884e-02 0
-3.2303190440870821e-02 2.1472859662026167e-02 3.6556027829647064e-02 0
-3.2303190440870821e-02 2.1472859662026167e-02 3.8004530244506896e-02 0
-3.2303190440870821e-02 2.1472859662026167e-02 3.9453032659366727e-02 0
-3.2303190440870821e-02 2.1472859662026167e-02 4.0901535074226558e-02 0
-3.2303190440870821e-02 2.1472859662026167e-02 4.2350037489086390e-02 0
-3.2303190440870821e-02 2.1472859662026167e-02 4.3798539903946221e-02 0
-3.2303190440870821e-02 2.1472859662026167e-02 4.5247042318806052e-02 0
-3.2303190440870821e-02 2.1472859662026167e-02 4.6695544733665884e-02 0
-3.0819542007520795e-02 -4.4363919645547867e-02 3.6556027829647064e-02 0
-3.0819542007520795e-02 -4.2867629206739366e-02 3.6556027829647064e-02 0
-3.0819542007520795e-02 -4.4363919645547867e-02 3.8004530244506896e-02 0
-3.0819542007520795e-02 -4.2867629206739366e-02 3.8004530244506896e-02 0
-3.0819542007520795e-02 -4.4363919645547867e-02 3.9453032659366727e-02 0
-3.0819542007520795e-02 -4.2867629206739366e-02 3.9453032659366727e-02 0
-3.0819542007520795e-02 -4.4363919645547867e-02 4.0901535074226558e-02 0
-3.0819542007520795e-02 -4.2867629206739366e-02 4.0901535074226558e-02 0
-3.0819542007520795e-02 -4.4363919645547867e-02 4.2350037489086390e-02 0
-3.0819542007520795e-02 -4.2867629206739366e-02 4.2350037489086390e-02 0
-3.0819542007520795e-02 -4.4363919645547867e-02 4.3798539903946221e-02 0
-3.0819542007520795e-02 -4.2867629206739366e-02 4.3798539903946221e-02 0
-3.0819542007520795e-02 -4.4363919645547867e-02 4.5247042318806052e-02 0
-3.0819542007520795e-02 -4.2867629206739366e-02 4.5247042318806052e-02 0
-3.0819542007520795e-02 -4.4363919645547867e-02 4.6695544733665884e-02 0
-3.0819542007520795e-02 -4.2867629206739366e-02 4.6695544733665884e-02 0
-3.0819542007520795e-02 -4.4363919645547867e-02 4.8144047148525715e-02 0
-3.0819542007520795e-02 -4.2867629206739366e-02 4.8144047148525715e-02 0
-3.0819542007520795e-02 -4.4363919645547867e-02 4.9592549563385546e-02 0
-3.0819542007520795e-02 -4.2867629206739366e-02 4.9592549563385546e-02 0
-3.0819542007520795e-02 -4.4363919645547867e-02 5.1041051978245378e-02 0
-3.0819542007520795e-02 -4.2867629206739366e-02 5.1041051978245378e-02 0
-3.0819542007520795e-02 -4.1371338767930865e-02 3.6556027829647064e-02 0
-3.0819542007520795e-02 -4.1371338767930865e-02 3.8004530244506896e-02 0
-3.0819542007520795e-02 -4.1371338767930865e-02 3.9453032659366727e-02 0
-3.0819542007520795e-02 -4.1371338767930865e-02 4.0901535074226558e-02 0
-3.0819542007520795e-02 -4.1371338767930865e-02 4.2350037489086390e-02 0
-3.0819542007520795e-02 -4.1371338767930865e-02 4.3798539903946221e-02 0
-3.0819542007520795e-02 -4.1371338767930865e-02 4.5247042318806052e-02 0
-3.0819542007520795e-02 -4.1371338767930865e-02 4.6695544733665884e-02 0
-3.0819542007520795e-02 -4.1371338767930865e-02 4.8144047148525715e-02 0
-3.0819542007520795e-02 -4.1371338767930865e-02 4.9592549563385546e-02 0
-3.0819542007520795e-02 -4.1371338767930865e-02 5.1041051978245378e-02 0
-3.0819542007520795e-02 -3.9875048329122365e-02 3.6556027829647064e-02 0
-3.0819542007520795e-02 -3.9875048329122365e-02 3.8004530244506896e-02 0
-3.0819542007520795e-02 -3.9875048329122365e-02 3.9453032659366727e-02 0
-3.0819542007520795e-02 -3.9875048329122365e-02 4.0901535074226558e-02 0
-3.0819542007520795e-02 -3.9875048329122365e-02 4.2350037489086390e-02 0
-3.0819542007520795e-02 -3.9875048329122365e-02 4.3798539903946221e-02 0
-3.0819542007520795e-02 -3.9875048329122365e-02 4.5247042318806052e-02 0
-3.0819542007520795e-02 -3.9875048329122365e-02 4.6695544733665884e-02 0
-3.0819542007520795e-02 -3.9875048329122365e-02 4.8144047148525715e-02 0
-3.0819542007520795e-02 -3.9875048329122365e-02 4.9592549563385546e-02 0
-3.0819542007520795e-02 -3.9875048329122365e-02 5.1041051978245378e-02 0
-3.0819542007520795e-02 -3.8378757890313864e-02 3.6556027829647064e-02 0
-3.0819542007520795e-02 -3.8378757890313864e-02 3.8004530244506896e-02 0
-3.0819542007520795e-02 -3.8378757890313864e-02 3.9453032659366727e-02 0
-3.0819542007520795e-02 -3.8378757890313864e-02 4.0901535074226558e-02 0
-3.0819542007520795e-02 -3.8378757890313864e-02 4.2350037489086390e-02 0
-3.0819542007520795e-02 -3.8378757890313864e-02 4.3798539903946221e-02 0
-3.0819542007520795e-02 -3.8378757890313864e-02 4.5247042318806052e-02 0
-3.0819542007520795e-02 -3.8378757890313864e-02 4.6695544733665884e-02 0
-3.0819542007520795e-02 -3.8378757890313864e-02 4.8144047148525715e-02 0
-3.0819542007520795e-02 -3.8378757890313864e-02 4.9592549563385546e-02 0
-3.0819542007520795e-02 -3.8378757890313864e-02 5.1041051978245378e-02 0
-3.0819542007520795e-02 -3.6882467451505363e-02 3.6556027829647064e-02 0
-3.0819542007520795e-02 -3.6882467451505363e-02 3.8004530244506896e-02 0
-3.0819542007520795e-02 -3.6882467451505363e-02 3.9453032659366727e-02 0
-3.0819542007520795e-02 -3.6882467451505363e-02 4.0901535074226558e-02 0
-3.0819542007520795e-02 -3.6882467451505363e-02 4.2350037489086390e-02 0
-3.0819542007520795e-02 -3.6882467451505363e-02 4.3798539903946221e-02 0
-3.0819542007520795e-02 -3.6882467451505363e-02 4.5247042318806052e-02 0
-3.0819542007520795e-02 -3.6882467451505363e-02 4.6695544733665884e-02 0
-3.0819542007520795e-02 -3.6882467451505363e-02 4.8144047148525715e-02 0
-3.0819542007520795e-02 -3.6882467451505363e-02 4.9592549563385546e-02 0
-3.0819542007520795e-02 -3.6882467451505363e-02 5.1041051978245378e-02 0
-3.0819542007520795e-02 -3.5386177012696862e-02 3.6556027829647064e-02 0
-3.0819542007520795e-02 -3.5386177012696862e-02 3.8004530244506896e-02 0
-3.0819542007520795e-02 -3.5386177012696862e-02 3.9453032659366727e-02 0
-3.0819542007520795e-02 -3.5386177012696862e-02 4.0901535074226558e-02 0
-3.0819542007520795e-02 -3.5386177012696862e-02 4.2350037489086390e-02 0
-3.0819542007520795e-02 -3.5386177012696862e-02 4.3798539903946221e-02 0
-3.0819542007520795e-02 -3.5386177012696862e-02 4.5247042318806052e-02 0
-3.0819542007520795e-02 -3.5386177012696862e-02 4.6695544733665884e-02 0
-3.0819542007520795e-02 -3.5386177012696862e-02 4.8144047148525715e-02 0
-3.0819542007520795e-02 -3.5386177012696862e-02 4.9592549563385546e-02 0
-3.0819542007520795e-02 -3.5386177012696862e-02 5.1041051978245378e-02 0
-3.0819542007520795e-02 -3.3889886573888361e-02 3.6556027829647064e-02 0
-3.0819542007520795e-02 -3.3889886573888361e-02 3.8004530244506896e-02 0
-3.0819542007520795e-02 -3.3889886573888361e-02 3.9453032659366727e-02 0
-3.0819542007520795e-02 -3.3889886573888361e-02 4.0901535074226558e-02 0
-3.0819542007520795e-02 -3.3889886573888361e-02 4.2350037489086390e-02 0
-3.0819542007520795e-02 -3.3889886573888361e-02 4.3798539903946221e-02 0
-3.0819542007520795e-02 -3.3889886573888361e-02 4.5247042318806052e-02 0
-3.0819542007520795e-02 -3.3889886573888361e-02 4.6695544733665884e-02 0
-3.0819542007520795e-02 -3.3889886573888361e-02 4.8144047148525715e-02 0
-3.0819542007520795e-02 -3.3889886573888361e-02 4.9592549563385546e-02 0
-3.0819542007520795e-02 -3.3889886573888361e-02 5.1041051978245378e-02 0
-3.0819542007520795e-02 -3.2393596135079861e-02 3.6556027829647064e-02 0
-3.0819542007520795e-02 -3.2393596135079861e-02 3.8004530244506896e-02 0
-3.0819542007520795e-02 -3.2393596135079861e-02 3.9453032659366727e-02 0
-3.0819542007520795e-02 -3.2393596135079861e-02 4.0901535074226558e-02 0
-3.0819542007520795e-02 -3.2393596135079861e-02 4.2350037489086390e-02 0
-3.0819542007520795e-02 -3.2393596135079861e-02 4.3798539903946221e-02 0
-3.0819542007520795e-02 -3.2393596135079861e-02 4.5247042318806052e-02 0
-3.0819542007520795e-02 -3.2393596135079861e-02 4.6695544733665884e-02 0
-3.0819542007520795e-02 -3.2393596135079861e-02 4.8144047148525715e-02 0
-3.0819542007520795e-02 -3.2393596135079861e-02 4.9592549563385546e-02 0
-3.0819542007520795e-02 -3.2393596135079861e-02 5.1041051978245378e-02 0
-3.0819542007520795e-02 -3.0897305696271360e-02 3.6556027829647064e-02 0
-3.0819542007520795e-02 -3.0897305696271360e-02 3.8004530244506896e-02 0
-3.0819542007520795e-02 -3.0897305696271360e-02 3.9453032659366727e-02 0
-3.0819542007520795e-02 -3.0897305696271360e-02 4.0901535074226558e-02 0
-3.0819542007520795e-02 -3.0897305696271360e-02 4.2350037489086390e-02 0
-3.0819542007520795e-02 -3.0897305696271360e-02 4.3798539903946221e-02 0
-3.0819542007520795e-02 -3.0897305696271360e-02 4.5247042318806052e-02 0
-3.0819542007520795e-02 -3.0897305696271360e-02 4.6695544733665884e-02 0
-3.0819542007520795e-02 -3.0897305696271360e-02 4.8144047148525715e-02 0
-3.0819542007520795e-02 -3.0897305696271360e-02 4.9592549563385546e-02 0
-3.0819542007520795e-02 -3.0897305696271360e-02 5.1041051978245378e-02 0
-3.0819542007520795e-02 -2.9401015257462859e-02 3.6556027829647064e-02 0
-3.0819542007520795e-02 -2.9401015257462859e-02 3.8004530244506896e-02 0
-3.0819542007520795e-02 -2.9401015257462859e-02 3.9453032659366727e-02 0
-3.0819542007520795e-02 -2.9401015257462859e-02 4.0901535074226558e-02 0
-3.0819542007520795e-02 -2.9401015257462859e-02 4.2350037489086390e-02 0
-3.0819542007520795e-02 -2.9401015257462859e-02 4.3798539903946221e-02 0
-3.0819542007520795e-02 -2.9401015257462859e-02 4.5247042318806052e-02 0
-3.0819542007520795e-02 -2.9401015257462859e-02 4.6695544733665884e-02 0
-3.0819542007520795e-02 -2.9401015257462859e-02 4.8144047148525715e-02 0
-3.0819542007520795e-02 -2.9401015257462859e-02 4.9592549563385546e-02 0
-3.0819542007520795e-02 -2.9401015257462859e-02 5.1041051978245378e-02 0
-3.0819542007520795e-02 -2.7904724818654358e-02 3.6556027829647064e-02 0
-3.0819542007520795e-02 -2.7904724818654358e-02 3.8004530244506896e-02 0
-3.0819542007520795e-02 -2.7904724818654358e-02 3.9453032659366727e-02 0
-3.0819542007520795e-02 -2.7904724818654358e-02 4.0901535074226558e-02 0
-3.0819542007520795e-02 -2.7904724818654358e-02 4.2350037489086390e-02 0
-3.0819542007520795e-02 -2.7904724818654358e-02 4.3798539903946221e-02 0
-3.0819542007520795e-02 -2.7904724818654358e-02 4.5247042318806052e-02 0
-3.0819542007520795e-02 -2.7904724818654358e-02 4.6695544733665884e-02 0
-3.0819542007520795e-02 -2.7904724818654358e-02 4.8144047148525715e-02 0
-3.0819542007520795e-02 -2.7904724818654358e-02 4.9592549563385546e-02 0
-3.0819542007520795e-02 -2.7904724818654358e-02 5.1041051978245378e-02 0
-3.0819542007520795e-02 -2.6408434379845858e-02 3.6556027829647064e-02 0
-3.0819542007520795e-02 -2.6408434379845858e-02 3.8004530244506896e-02 0
-3.0819542007520795e-02 -2.6408434379845858e-02 3.9453032659366727e-02 0
-3.0819542007520795e-02 -2.6408434379845858e-02 4.0901535074226558e-02 0
-3.0819542007520795e-02 -2.6408434379845858e-02 4.2350037489086390e-02 0
-3.0819542007520795e-02 -2.6408434379845858e-02 4.3798539903946221e-02 0
-3.0819542007520795e-02 -2.6408434379845858e-02 4.5247042318806052e-02 0
-3.0819542007520795e-02 -2.6408434379845858e-02 4.6695544733665884e-02 0
-3.0819542007520795e-02 -2.6408434379845858e-02 4.8144047148525715e-02 0
-3.0819542007520795e-02 -2.6408434379845858e-02 4.9592549563385546e-02 0
-3.0819542007520795e-02 -2.6408434379845858e-02 5.1041051978245378e-02 0
-3.0819542007520795e-02 -2.4912143941037357e-02 3.6556027829647064e-02 0
-3.0819542007520795e-02 -2.4912143941037357e-02 3.8004530244506896e-02 0
-3.0819542007520795e-02 -2.4912143941037357e-02 3.9453032659366727e-02 0
-3.0819542007520795e-02 -2.4912143941037357e-02 4.0901535074226558e-02 0
-3.0819542007520795e-02 -2.4912143941037357e-02 4.2350037489086390e-02 0
-3.0819542007520795e-02 -2.4912143941037357e-02 4.3798539903946221e-02 0
-3.0819542007520795e-02 -2.4912143941037357e-02 4.5247042318806052e-02 0
-3.0819542007520795e-02 -2.4912143941037357e-02 4.6695544733665884e-02 0
-3.0819542007520795e-02 -2.4912143941037357e-02 4.8144047148525715e-02 0
-3.0819542007520795e-02 -2.4912143941037357e-02 4.9592549563385546e-02 0
-3.0819542007520795e-02 -2.4912143941037357e-02 5.1041051978245378e-02 0
-3.0819542007520795e-02 -2.3415853502228856e-02 3.6556027829647064e-02 0
-3.0819542007520795e-02 -2.3415853502228856e-02 3.8004530244506896e-02 0
-3.0819542007520795e-02 -2.3415853502228856e-02 3.9453032659366727e-02 0
-3.0819542007520795e-02 -2.3415853502228856e-02 4.0901535074226558e-02 0
-3.0819542007520795e-02 -2.3415853502228856e-02 4.2350037489086390e-02 0
-3.0819542007520795e-02 -2.3415853502228856e-02 4.3798539903946221e-02 0
-3.0819542007520795e-02 -2.3415853502228856e-02 4.5247042318806052e-02 0
-3.0819542007520795e-02 -2.3415853502228856e-02 4.6695544733665884e-02 0
-3.0819542007520795e-02 -2.1919563063420355e-02 3.6556027829647064e-02 0
-3.0819542007520795e-02 -2.1919563063420355e-02 3.8004530244506896e-02 0
-3.0819542007520795e-02 -2.1919563063420355e-02 3.9453032659366727e-02 0
-3.0819542007520795e-02 -2.1919563063420355e-02 4.0901535074226558e-02 0
-3.0819542007520795e-02 -2.1919563063420355e-02 4.2350037489086390e-02 0
-3.0819542007520795e-02 -2.1919563063420355e-02 4.3798539903946221e-02 0
-3.0819542007520795e-02 -2.1919563063420355e-02 4.5247042318806052e-02 0
-3.0819542007520795e-02 -2.1919563063420355e-02 4.6695544733665884e-02 0
-3.0819542007520795e-02 -2.0423272624611855e-02 3.6556027829647064e-02 0
-3.0819542007520795e-02 -2.0423272624611855e-02 3.8004530244506896e-02 0
-3.0819542007520795e-02 -2.0423272624611855e-02 3.9453032659366727e-02 0
-3.0819542007520795e-02 -2.0423272624611855e-02 4.0901535074226558e-02 0
-3.0819542007520795e-02 -2.0423272624611855e-02 4.2350037489086390e-02 0
-3.0819542007520795e-02 -2.0423272624611855e-02 4.3798539903946221e-02 0
-3.0819542007520795e-02 -2.0423272624611855e-02 4.5247042318806052e-02 0
-3.0819542007520795e-02 -2.0423272624611855e-02 4.6695544733665884e-02 0
-3.0819542007520795e-02 -1.8926982185803354e-02 3.6556027829647064e-02 0
-3.0819542007520795e-02 -1.8926982185803354e-02 3.8004530244506896e-02 0
-3.0819542007520795e-02 -1.8926982185803354e-02 3.9453032659366727e-02 0
-3.0819542007520795e-02 -1.8926982185803354e-02 4.0901535074226558e-02 0
-3.0819542007520795e-02 -1.8926982185803354e-02 4.2350037489086390e-02 0
-3.0819542007520795e-02 -1.8926982185803354e-02 4.3798539903946221e-02 0
-3.0819542007520795e-02 -1.8926982185803354e-02 4.5247042318806052e-02 0
-3.0819542007520795e-02 -1.8926982185803354e-02 4.6695544733665884e-02 0
-3.0819542007520795e-02 -1.7430691746994853e-02 3.6556027829647064e-02 0
-3.0819542007520795e-02 -1.7430691746994853e-02 3.8004530244506896e-02 0
-3.0819542007520795e-02 -1.7430691746994853e-02 3.9453032659366727e-02 0
-3.0819542007520795e-02 -1.7430691746994853e-02 4.0901535074226558e-02 0
-3.0819542007520795e-02 -1.7430691746994853e-02 4.2350037489086390e-02 0
-3.0819542007520795e-02 -1.7430691746994853e-02 4.3798539903946221e-02 0
-3.0819542007520795e-02 -1.7430691746994853e-02 4.5247042318806052e-02 0
-3.0819542007520795e-02 -1.7430691746994853e-02 4.6695544733665884e-02 0
-3.0819542007520795e-02 -1.5934401308186352e-02 3.6556027829647064e-02 0
-3.0819542007520795e-02 -1.5934401308186352e-02 3.8004530244506896e-02 0
-3.0819542007520795e-02 -1.5934401308186352e-02 3.9453032659366727e-02 0
-3.0819542007520795e-02 -1.5934401308186352e-02 4.0901535074226558e-02 0
-3.0819542007520795e-02 -1.5934401308186352e-02 4.2350037489086390e-02 0
-3.0819542007520795e-02 -1.5934401308186352e-02 4.3798539903946221e-02 0
-3.0819542007520795e-02 -1.5934401308186352e-02 4.5247042318806052e-02 0
-3.0819542007520795e-02 -1.5934401308186352e-02 4.6695544733665884e-02 0
-3.0819542007520795e-02 -1.4438110869377851e-02 3.6556027829647064e-02 0
-3.0819542007520795e-02 -1.4438110869377851e-02 3.8004530244506896e-02 0
-3.0819542007520795e-02 -1.4438110869377851e-02 3.9453032659366727e-02 0
-3.0819542007520795e-02 -1.4438110869377851e-02 4.0901535074226558e-02 0
-3.0819542007520795e-02 -1.4438110869377851e-02 4.2350037489086390e-02 0
-3.0819542007520795e-02 -1.4438110869377851e-02 4.3798539903946221e-02 0
-3.0819542007520795e-02 -1.4438110869377851e-02 4.5247042318806052e-02 0
-3.0819542007520795e-02 -1.4438110869377851e-02 4.6695544733665884e-02 0
-3.0819542007520795e-02 -1.2941820430569351e-02 3.6556027829647064e-02 0
-3.0819542007520795e-02 -1.2941820430569351e-02 3.8004530244506896e-02 0
-3.0819542007520795e-02 -1.2941820430569351e-02 3.9453032659366727e-02 0
-3.0819542007520795e-02 -1.2941820430569351e-02 4.0901535074226558e-02 0
-3.0819542007520795e-02 -1.2941820430569351e-02 4.2350037489086390e-02 0
-3.0819542007520795e-02 -1.2941820430569351e-02 4.3798539903946221e-02 0
-3.0819542007520795e-02 -1.2941820430569351e-02 4.5247042318806052e-02 0
-3.0819542007520795e-02 -1.2941820430569351e-02 4.6695544733665884e-02 0
-3.0819542007520795e-02 -1.1445529991760850e-02 3.6556027829647064e-02 0
-3.0819542007520795e-02 -1.1445529991760850e-02 3.8004530244506896e-02 0
-3.0819542007520795e-02 -1.1445529991760850e-02 3.9453032659366727e-02 0
-3.0819542007520795e-02 -1.1445529991760850e-02 4.0901535074226558e-02 0
-3.0819542007520795e-02 -1.1445529991760850e-02 4.2350037489086390e-02 0
-3.0819542007520795e-02 -1.1445529991760850e-02 4.3798539903946221e-02 0
-3.0819542007520795e-02 -1.1445529991760850e-02 4.5247042318806052e-02 0
-3.0819542007520795e-02 -1.1445529991760850e-02 4.6695544733665884e-02 0
-3.0819542007520795e-02 -9.9492395529523492e-03 3.6556027829647064e-02 0
-3.0819542007520795e-02 -9.9492395529523492e-03 3.8004530244506896e-02 0
-3.0819542007520795e-02 -9.9492395529523492e-03 3.9453032659366727e-02 0
-3.0819542007520795e-02 -9.9492395529523492e-03 4.0901535074226558e-02 0
-3.0819542007520795e-02 -9.9492395529523492e-03 4.2350037489086390e-02 0
-3.0819542007520795e-02 -9.9492395529523492e-03 4.3798539903946221e-02 0
-3.0819542007520795e-02 -9.9492395529523492e-03 4.5247042318806052e-02 0
-3.0819542007520795e-02 -9.9492395529523492e-03 4.6695544733665884e-02 0
-3.0819542007520795e-02 -8.4529491141438484e-03 3.6556027829647064e-02 0
-3.0819542007520795e-02 -8.4529491141438484e-03 3.8004530244506896e-02 0
-3.0819542007520795e-02 -8.4529491141438484e-03 3.9453032659366727e-02 0
-3.0819542007520795e-02 -8.4529491141438484e-03 4.0901535074226558e-02 0
-3.0819542007520795e-02 -8.4529491141438484e-03 4.2350037489086390e-02 0
-3.0819542007520795e-02 -8.4529491141438484e-03 4.3798539903946221e-02 0
-3.0819542007520795e-02 -8.4529491141438484e-03 4.5247042318806052e-02 0
-3.0819542007520795e-02 -8.4529491141438484e-03 4.6695544733665884e-02 0
-3.0819542007520795e-02 -6.9566586753353477e-03 3.6556027829647064e-02 0
-3.0819542007520795e-02 -6.9566586753353477e-03 3.8004530244506896e-02 0
-3.0819542007520795e-02 -6.9566586753353477e-03 3.9453032659366727e-02 0
-3.0819542007520795e-02 -6.9566586753353477e-03 4.0901535074226558e-02 0
-3.0819542007520795e-02 -6.9566586753353477e-03 4.2350037489086390e-02 0
-3.0819542007520795e-02 -6.9566586753353477e-03 4.3798539903946221e-02 0
-3.0819542007520795e-02 -6.9566586753353477e-03 4.5247042318806052e-02 0
-3.0819542007520795e-02 -6.9566586753353477e-03 4.6695544733665884e-02 0
-3.0819542007520795e-02 -5.4603682365268469e-03 3.6556027829647064e-02 0
-3.0819542007520795e-02 -5.4603682365268469e-03 3.8004530244506896e-02 0
-3.0819542007520795e-02 -5.4603682365268469e-03 3.9453032659366727e-02 0
-3.0819542007520795e-02 -5.4603682365268469e-03 4.0901535074226558e-02 0
-3.0819542007520795e-02 -5.4603682365268469e-03 4.2350037489086390e-02 0
-3.0819542007520795e-02 -5.4603682365268469e-03 4.3798539903946221e-02 0
-3.0819542007520795e-02 -5.4603682365268469e-03 4.5247042318806052e-02 0
-3.0819542007520795e-02 -5.4603682365268469e-03 4.6695544733665884e-02 0
-3.0819542007520795e-02 -3.9640777977183461e-03 3.6556027829647064e-02 0
-3.0819542007520795e-02 -3.9640777977183461e-03 3.8004530244506896e-02 0
-3.0819542007520795e-02 -3.9640777977183461e-03 3.9453032659366727e-02 0
-3.0819542007520795e-02 -3.9640777977183461e-03 4.0901535074226558e-02 0
-3.0819542007520795e-02 -3.9640777977183461e-03 4.2350037489086390e-02 0
-3.0819542007520795e-02 -3.9640777977183461e-03 4.3798539903946221e-02 0
-3.0819542007520795e-02 -3.9640777977183461e-03 4.5247042318806052e-02 0
-3.0819542007520795e-02 -3.9640777977183461e-03 4.6695544733665884e-02 0
-3.0819542007520795e-02 -2.4677873589098454e-03 3.6556027829647064e-02 0
-3.0819542007520795e-02 -2.4677873589098454e-03 3.8004530244506896e-02 0
-3.0819542007520795e-02 -2.4677873589098454e-03 3.9453032659366727e-02 0
-3.0819542007520795e-02 -2.4677873589098454e-03 4.0901535074226558e-02 0
-3.0819542007520795e-02 -2.4677873589098454e-03 4.2350037489086390e-02 0
-3.0819542007520795e-02 -2.4677873589098454e-03 4.3798539903946221e-02 0
-3.0819542007520795e-02 -2.4677873589098454e-03 4.5247042318806052e-02 0
-3.0819542007520795e-02 -2.4677873589098454e-03 4.6695544733665884e-02 0
-3.0819542007520795e-02 -9.7149692010134459e-04 3.6556027829647064e-02 0
-3.0819542007520795e-02 -9.7149692010134459e-04 3.8004530244506896e-02 0
-3.0819542007520795e-02 -9.7149692010134459e-04 3.9453032659366727e-02 0
-3.0819542007520795e-02 -9.7149692010134459e-04 4.0901535074226558e-02 0
-3.0819542007520795e-02 -9.7149692010134459e-04 4.2350037489086390e-02 0
-3.0819542007520795e-02 -9.7149692010134459e-04 4.3798539903946221e-02 0
-3.0819542007520795e-02 -9.7149692010134459e-04 4.5247042318806052e-02 0
-3.0819542007520795e-02 -9.7149692010134459e-04 4.6695544733665884e-02 0
-3.0819542007520795e-02 5.2479351870715618e-04 3.6556027829647064e-02 0
-3.0819542007520795e-02 5.2479351870715618e-04 3.8004530244506896e-02 0
-3.0819542007520795e-02 5.2479351870715618e-04 3.9453032659366727e-02 0
-3.0819542007520795e-02 5.2479351870715618e-04 4.0901535074226558e-02 0
-3.0819542007520795e-02 5.2479351870715618e-04 4.2350037489086390e-02 0
-3.0819542007520795e-02 5.2479351870715618e-04 4.3798539903946221e-02 0
-3.0819542007520795e-02 5.2479351870715618e-04 4.5247042318806052e-02 0
-3.0819542007520795e-02 5.2479351870715618e-04 4.6695544733665884e-02 0
-3.0819542007520795e-02 2.0210839575156569e-03 3.6556027829647064e-02 0
-3.0819542007520795e-02 2.0210839575156569e-03 3.8004530244506896e-02 0
-3.0819542007520795e-02 2.0210839575156569e-03 3.9453032659366727e-02 0
-3.0819542007520795e-02 2.0210839575156569e-03 4.0901535074226558e-02 0
-3.0819542007520795e-02 2.0210839575156569e-03 4.2350037489086390e-02 0
-3.0819542007520795e-02 2.0210839575156569e-03 4.3798539903946221e-02 0
-3.0819542007520795e-02 2.0210839575156569e-03 4.5247042318806052e-02 0
-3.0819542007520795e-02 2.0210839575156569e-03 4.6695544733665884e-02 0
-3.0819542007520795e-02 3.5173743963241577e-03 3.6556027829647064e-02 0
-3.0819542007520795e-02 3.5173743963241577e-03 3.8004530244506896e-02 0
-3.0819542007520795e-02 3.5173743963241577e-03 3.9453032659366727e-02 0
-3.0819542007520795e-02 3.5173743963241577e-03 4.0901535074226558e-02 0
-3.0819542007520795e-02 3.5173743963241577e-03 4.2350037489086390e-02 0
-3.0819542007520795e-02 3.5173743963241577e-03 4.3798539903946221e-02 0
-3.0819542007520795e-02 3.5173743963241577e-03 4.5247042318806052e-02 0
-3.0819542007520795e-02 3.5173743963241577e-03 4.6695544733665884e-02 0
-3.0819542007520795e-02 5.0136648351326585e-03 3.6556027829647064e-02 0
-3.0819542007520795e-02 5.0136648351326585e-03 3.8004530244506896e-02 0
-3.0819542007520795e-02 5.0136648351326585e-03 3.9453032659366727e-02 0
-3.0819542007520795e-02 5.0136648351326585e-03 4.0901535074226558e-02 0
-3.0819542007520795e-02 5.0136648351326585e-03 4.2350037489086390e-02 0
-3.0819542007520795e-02 5.0136648351326585e-03 4.3798539903946221e-02 0
-3.0819542007520795e-02 5.0136648351326585e-03 4.5247042318806052e-02 0
-3.0819542007520795e-02 5.0136648351326585e-03 4.6695544733665884e-02 0
-3.0819542007520795e-02 6.5099552739411592e-03 3.6556027829647064e-02 0
-3.0819542007520795e-02 6.5099552739411592e-03 3.8004530244506896e-02 0
-3.0819542007520795e-02 6.5099552739411592e-03 3.9453032659366727e-02 0
-3.0819542007520795e-02 6.5099552739411592e-03 4.0901535074226558e-02 0
-3.0819542007520795e-02 6.5099552739411592e-03 4.2350037489086390e-02 0
-3.0819542007520795e-02 6.5099552739411592e-03 4.3798539903946221e-02 0
-3.0819542007520795e-02 6.5099552739411592e-03 4.5247042318806052e-02 0
-3.0819542007520795e-02 6.5099552739411592e-03 4.6695544733665884e-02 0
-3.0819542007520795e-02 8.0062457127496600e-03 3.6556027829647064e-02 0
-3.0819542007520795e-02 8.0062457127496600e-03 3.8004530244506896e-02 0
-3.0819542007520795e-02 8.0062457127496600e-03 3.9453032659366727e-02 0
-3.0819542007520795e-02 8.0062457127496600e-03 4.0901535074226558e-02 0
-3.0819542007520795e-02 8.0062457127496600e-03 4.2350037489086390e-02 0
-3.0819542007520795e-02 8.0062457127496600e-03 4.3798539903946221e-02 0
-3.0819542007520795e-02 8.0062457127496600e-03 4.5247042318806052e-02 0
-3.0819542007520795e-02 8.0062457127496600e-03 4.6695544733665884e-02 0
-3.0819542007520795e-02 9.5025361515581608e-03 3.6556027829647064e-02 0
-3.0819542007520795e-02 9.5025361515581608e-03 3.8004530244506896e-02 0
-3.0819542007520795e-02 9.5025361515581608e-03 3.9453032659366727e-02 0
-3.0819542007520795e-02 9.5025361515581608e-03 4.0901535074226558e-02 0
-3.0819542007520795e-02 9.5025361515581608e-03 4.2350037489086390e-02 0
-3.0819542007520795e-02 9.5025361515581608e-03 4.3798539903946221e-02 0
-3.0819542007520795e-02 9.5025361515581608e-03 4.5247042318806052e-02 0
-3.0819542007520795e-02 9.5025361515581608e-03 4.6695544733665884e-02 0
-3.0819542007520795e-02 1.0998826590366662e-02 3.6556027829647064e-02 0
-3.0819542007520795e-02 1.0998826590366662e-02 3.8004530244506896e-02 0
-3.0819542007520795e-02 1.0998826590366662e-02 3.9453032659366727e-02 0
-3.0819542007520795e-02 1.0998826590366662e-02 4.0901535074226558e-02 0
-3.0819542007520795e-02 1.0998826590366662e-02 4.2350037489086390e-02 0
-3.0819542007520795e-02 1.0998826590366662e-02 4.3798539903946221e-02 0
-3.0819542007520795e-02 1.0998826590366662e-02 4.5247042318806052e-02 0
-3.0819542007520795e-02 1.0998826590366662e-02 4.6695544733665884e-02 0
-3.0819542007520795e-02 1.2495117029175162e-02 3.6556027829647064e-02 0
-3.0819542007520795e-02 1.2495117029175162e-02 3.8004530244506896e-02 0
-3.0819542007520795e-02 1.2495117029175162e-02 3.9453032659366727e-02 0
-3.0819542007520795e-02 1.2495117029175162e-02 4.0901535074226558e-02 0
-3.0819542007520795e-02 1.2495117029175162e-02 4.2350037489086390e-02 0
-3.0819542007520795e-02 1.2495117029175162e-02 4.3798539903946221e-02 0
-3.0819542007520795e-02 1.2495117029175162e-02 4.5247042318806052e-02 0
-3.0819542007520795e-02 1.2495117029175162e-02 4.6695544733665884e-02 0
-3.0819542007520795e-02 1.3991407467983663e-02 3.6556027829647064e-02 0
-3.0819542007520795e-02 1.3991407467983663e-02 3.8004530244506896e-02 0
-3.0819542007520795e-02 1.3991407467983663e-02 3.9453032659366727e-02 0
-3.0819542007520795e-02 1.3991407467983663e-02 4.0901535074226558e-02 0
-3.0819542007520795e-02 1.3991407467983663e-02 4.2350037489086390e-02 0
-3.0819542007520795e-02 1.3991407467983663e-02 4.3798539903946221e-02 0
-3.0819542007520795e-02 1.3991407467983663e-02 4.5247042318806052e-02 0
-3.0819542007520795e-02 1.3991407467983663e-02 4.6695544733665884e-02 0
-3.0819542007520795e-02 1.5487697906792164e-02 3.6556027829647064e-02 0
-3.0819542007520795e-02 1.5487697906792164e-02 3.8004530244506896e-02 0
-3.0819542007520795e-02 1.5487697906792164e-02 3.9453032659366727e-02 0
-3.0819542007520795e-02 1.5487697906792164e-02 4.0901535074226558e-02 0
-3.0819542007520795e-02 1.5487697906792164e-02 4.2350037489086390e-02 0
-3.0819542007520795e-02 1.5487697906792164e-02 4.3798539903946221e-02 0
-3.0819542007520795e-02 1.5487697906792164e-02 4.5247042318806052e-02 0
-3.0819542007520795e-02 1.5487697906792164e-02 4.6695544733665884e-02 0
-3.0819542007520795e-02 1.6983988345600665e-02 3.6556027829647064e-02 0
-3.0819542007520795e-02 1.6983988345600665e-02 3.8004530244506896e-02 0
-3.0819542007520795e-02 1.6983988345600665e-02 3.9453032659366727e-02 0
-3.0819542007520795e-02 1.6983988345600665e-02 4.0901535074226558e-02 0
-3.0819542007520795e-02 1.6983988345600665e-02 4.2350037489086390e-02 0
-3.0819542007520795e-02 1.6983988345600665e-02 4.3798539903946221e-02 0
-3.0819542007520795e-02 1.6983988345600665e-02 4.5247042318806052e-02 0
-3.0819542007520795e-02 1.6983988345600665e-02 4.6695544733665884e-02 0
-3.0819542007520795e-02 1.8480278784409165e-02 3.6556027829647064e-02 0
-3.0819542007520795e-02 1.8480278784409165e-02 3.8004530244506896e-02 0
-3.0819542007520795e-02 1.8480278784409165e-02 3.9453032659366727e-02 0
-3.0819542007520795e-02 1.8480278784409165e-02 4.0901535074226558e-02 0
-3.0819542007520795e-02 1.8480278784409165e-02 4.2350037489086390e-02 0
-3.0819542007520795e-02 1.8480278784409165e-02 4.3798539903946221e-02 0
-3.0819542007520795e-02 1.8480278784409165e-02 4.5247042318806052e-02 0
-3.0819542007520795e-02 1.8480278784409165e-02 4.6695544733665884e-02 0
-3.0819542007520795e-02 1.9976569223217666e-02 3.6556027829647064e-02 0
-3.0819542007520795e-02 1.9976569223217666e-02 3.8004530244506896e-02 0
-3.0819542007520795e-02 1.9976569223217666e-02 3.9453032659366727e-02 0
-3.0819542007520795e-02 1.9976569223217666e-02 4.0901535074226558e-02 0
-3.0819542007520795e-02 1.9976569223217666e-02 4.2350037489086390e-02 0
-3.0819542007520795e-02 1.9976569223217666e-02 4.3798539903946221e-02 0
-3.0819542007520795e-02 1.9976569223217666e-02 4.5247042318806052e-02 0
-3.0819542007520795e-02 1.9976569223217666e-02 4.6695544733665884e-02 0
-3.0819542007520795e-02 2.1472859662026167e-02 3.6556027829647064e-02 0
-3.0819542007520795e-02 2.1472859662026167e-02 3.8004530244506896e-02 0
-3.0819542007520795e-02 2.1472859662026167e-02 3.9453032659366727e-02 0
-3.0819542007520795e-02 2.1472859662026167e-02 4.0901535074226558e-02 0
-3.0819542007520795e-02 2.1472859662026167e-02 4.2350037489086390e-02 0
-3.0819542007520795e-02 2.1472859662026167e-02 4.3798539903946221e-02 0
-3.0819542007520795e-02 2.1472859662026167e-02 4.5247042318806052e-02 0
-3.0819542007520795e-02 2.1472859662026167e-02 4.6695544733665884e-02 0
-2.9335893574170768e-02 -4.4363919645547867e-02 3.6556027829647064e-02 0
-2.9335893574170768e-02 -4.2867629206739366e-02 3.6556027829647064e-02 0
-2.9335893574170768e-02 -4.4363919645547867e-02 3.8004530244506896e-02 0
-2.9335893574170768e-02 -4.2867629206739366e-02 3.8004530244506896e-02 0
-2.9335893574170768e-02 -4.4363919645547867e-02 3.9453032659366727e-02 0
-2.9335893574170768e-02 -4.2867629206739366e-02 3.9453032659366727e-02 0
-2.9335893574170768e-02 -4.4363919645547867e-02 4.0901535074226558e-02 0
-2.9335893574170768e-02 -4.2867629206739366e-02 4.0901535074226558e-02 0
-2.9335893574170768e-02 -4.4363919645547867e-02 4.2350037489086390e-02 0
-2.9335893574170768e-02 -4.2867629206739366e-02 4.2350037489086390e-02 0
-2.9335893574170768e-02 -4.4363919645547867e-02 4.3798539903946221e-02 0
-2.9335893574170768e-02 -4.2867629206739366e-02 4.3798539903946221e-02 0
-2.9335893574170768e-02 -4.4363919645547867e-02 4.5247042318806052e-02 0
-2.9335893574170768e-02 -4.2867629206739366e-02 4.5247042318806052e-02 0
-2.9335893574170768e-02 -4.4363919645547867e-02 4.6695544733665884e-02 0
-2.9335893574170768e-02 -4.2867629206739366e-02 4.6695544733665884e-02 0
-2.9335893574170768e-02 -4.1371338767930865e-02 3.6556027829647064e-02 0
-2.9335893574170768e-02 -4.1371338767930865e-02 3.8004530244506896e-02 0
-2.9335893574170768e-02 -4.1371338767930865e-02 3.9453032659366727e-02 0
-2.9335893574170768e-02 -4.1371338767930865e-02 4.0901535074226558e-02 0
-2.9335893574170768e-02 -4.1371338767930865e-02 4.2350037489086390e-02 0
-2.9335893574170768e-02 -4.1371338767930865e-02 4.3798539903946221e-02 0
-2.9335893574170768e-02 -4.1371338767930865e-02 4.5247042318806052e-02 0
-2.9335893574170768e-02 -4.1371338767930865e-02 4.6695544733665884e-02 0
-2.9335893574170768e-02 -3.9875048329122365e-02 3.6556027829647064e-02 0
-2.9335893574170768e-02 -3.9875048329122365e-02 3.8004530244506896e-02 0
-2.9335893574170768e-02 -3.9875048329122365e-02 3.9453032659366727e-02 0
-2.9335893574170768e-02 -3.9875048329122365e-02 4.0901535074226558e-02 0
-2.9335893574170768e-02 -3.9875048329122365e-02 4.2350037489086390e-02 0
-2.9335893574170768e-02 -3.9875048329122365e-02 4.3798539903946221e-02 0
-2.9335893574170768e-02 -3.9875048329122365e-02 4.5247042318806052e-02 0
-2.9335893574170768e-02 -3.9875048329122365e-02 4.6695544733665884e-02 0
-2.9335893574170768e-02 -3.8378757890313864e-02 3.6556027829647064e-02 0
-2.9335893574170768e-02 -3.8378757890313864e-02 3.8004530244506896e-02 0
-2.9335893574170768e-02 -3.8378757890313864e-02 3.9453032659366727e-02 0
-2.9335893574170768e-02 -3.8378757890313864e-02 4.0901535074226558e-02 0
-2.9335893574170768e-02 -3.8378757890313864e-02 4.2350037489086390e-02 0
-2.9335893574170768e-02 -3.8378757890313864e-02 4.3798539903946221e-02 0
-2.9335893574170768e-02 -3.8378757890313864e-02 4.5247042318806052e-02 0
-2.9335893574170768e-02 -3.8378757890313864e-02 4.6695544733665884e-02 0
-2.9335893574170768e-02 -3.6882467451505363e-02 3.6556027829647064e-02 0
-2.9335893574170768e-02 -3.6882467451505363e-02 3.8004530244506896e-02 0
-2.9335893574170768e-02 -3.6882467451505363e-02 3.9453032659366727e-02 0
-2.9335893574170768e-02 -3.6882467451505363e-02 4.0901535074226558e-02 0
-2.9335893574170768e-02 -3.6882467451505363e-02 4.2350037489086390e-02 0
-2.9335893574170768e-02 -3.6882467451505363e-02 4.3798539903946221e-02 0
-2.9335893574170768e-02 -3.6882467451505363e-02 4.5247042318806052e-02 0
-2.9335893574170768e-02 -3.6882467451505363e-02 4.6695544733665884e-02 0
-2.9335893574170768e-02 -3.5386177012696862e-02 3.6556027829647064e-02 0
-2.9335893574170768e-02 -3.5386177012696862e-02 3.8004530244506896e-02 0
-2.9335893574170768e-02 -3.5386177012696862e-02 3.9453032659366727e-02 0
-2.9335893574170768e-02 -3.5386177012696862e-02 4.0901535074226558e-02 0
-2.9335893574170768e-02 -3.5386177012696862e-02 4.2350037489086390e-02 0
-2.9335893574170768e-02 -3.5386177012696862e-02 4.3798539903946221e-02 0
-2.9335893574170768e-02 -3.5386177012696862e-02 4.5247042318806052e-02 0
-2.9335893574170768e-02 -3.5386177012696862e-02 4.6695544733665884e-02 0
-2.9335893574170768e-02 -3.3889886573888361e-02 3.6556027829647064e-02 0
-2.9335893574170768e-02 -3.3889886573888361e-02 3.8004530244506896e-02 0
-2.9335893574170768e-02 -3.3889886573888361e-02 3.9453032659366727e-02 0
-2.9335893574170768e-02 -3.3889886573888361e-02 4.0901535074226558e-02 0
-2.9335893574170768e-02 -3.3889886573888361e-02 4.2350037489086390e-02 0
-2.9335893574170768e-02 -3.3889886573888361e-02 4.3798539903946221e-02 0
-2.9335893574170768e-02 -3.3889886573888361e-02 4.5247042318806052e-02 0
-2.9335893574170768e-02 -3.3889886573888361e-02 4.6695544733665884e-02 0
-2.9335893574170768e-02 -3.2393596135079861e-02 3.6556027829647064e-02 0
-2.9335893574170768e-02 -3.2393596135079861e-02 3.8004530244506896e-02 0
-2.9335893574170768e-02 -3.2393596135079861e-02 3.9453032659366727e-02 0
-2.9335893574170768e-02 -3.2393596135079861e-02 4.0901535074226558e-02 0
-2.9335893574170768e-02 -3.2393596135079861e-02 4.2350037489086390e-02 0
-2.9335893574170768e-02 -3.2393596135079861e-02 4.3798539903946221e-02 0
-2.9335893574170768e-02 -3.2393596135079861e-02 4.5247042318806052e-02 0
-2.9335893574170768e-02 -3.2393596135079861e-02 4.6695544733665884e-02 0
-2.9335893574170768e-02 -3.0897305696271360e-02 3.6556027829647064e-02 0
-2.9335893574170768e-02 -3.0897305696271360e-02 3.8004530244506896e-02 0
-2.9335893574170768e-02 -3.0897305696271360e-02 3.9453032659366727e-02 0
-2.9335893574170768e-02 -3.0897305696271360e-02 4.0901535074226558e-02 0
-2.9335893574170768e-02 -3.0897305696271360e-02 4.2350037489086390e-02 0
-2.9335893574170768e-02 -3.0897305696271360e-02 4.3798539903946221e-02 0
-2.9335893574170768e-02 -3.0897305696271360e-02 4.5247042318806052e-02 0
-2.9335893574170768e-02 -3.0897305696271360e-02 4.6695544733665884e-02 0
-2.9335893574170768e-02 -2.9401015257462859e-02 3.6556027829647064e-02 0
-2.9335893574170768e-02 -2.9401015257462859e-02 3.8004530244506896e-02 0
-2.9335893574170768e-02 -2.9401015257462859e-02 3.9453032659366727e-02 0
-2.9335893574170768e-02 -2.9401015257462859e-02 4.0901535074226558e-02 0
-2.9335893574170768e-02 -2.9401015257462859e-02 4.2350037489086390e-02 0
-2.9335893574170768e-02 -2.9401015257462859e-02 4.3798539903946221e-02 0
-2.9335893574170768e-02 -2.9401015257462859e-02 4.5247042318806052e-02 0
-2.9335893574170768e-02 -2.9401015257462859e-02 4.6695544733665884e-02 0
-2.9335893574170768e-02 -2.7904724818654358e-02 3.6556027829647064e-02 0
-2.9335893574170768e-02 -2.7904724818654358e-02 3.8004530244506896e-02 0
-2.9335893574170768e-02 -2.7904724818654358e-02 3.9453032659366727e-02 0
-2.9335893574170768e-02 -2.7904724818654358e-02 4.0901535074226558e-02 0
-2.9335893574170768e-02 -2.7904724818654358e-02 4.2350037489086390e-02 0
-2.9335893574170768e-02 -2.7904724818654358e-02 4.3798539903946221e-02 0
-2.9335893574170768e-02 -2.7904724818654358e-02 4.5247042318806052e-02 0
-2.9335893574170768e-02 -2.7904724818654358e-02 4.6695544733665884e-02 0
-2.9335893574170768e-02 -2.6408434379845858e-02 3.6556027829647064e-02 0
-2.9335893574170768e-02 -2.6408434379845858e-02 3.8004530244506896e-02 0
-2.9335893574170768e-02 -2.6408434379845858e-02 3.9453032659366727e-02 0
-2.9335893574170768e-02 -2.6408434379845858e-02 4.0901535074226558e-02 0
-2.9335893574170768e-02 -2.6408434379845858e-02 4.2350037489086390e-02 0
-2.9335893574170768e-02 -2.6408434379845858e-02 4.3798539903946221e-02 0
-2.9335893574170768e-02 -2.6408434379845858e-02 4.5247042318806052e-02 0
-2.9335893574170768e-02 -2.6408434379845858e-02 4.6695544733665884e-02 0
-2.9335893574170768e-02 -2.4912143941037357e-02 3.6556027829647064e-02 0
-2.9335893574170768e-02 -2.4912143941037357e-02 3.8004530244506896e-02 0
-2.9335893574170768e-02 -2.4912143941037357e-02 3.9453032659366727e-02 0
-2.9335893574170768e-02 -2.4912143941037357e-02 4.0901535074226558e-02 0
-2.9335893574170768e-02 -2.4912143941037357e-02 4.2350037489086390e-02 0
-2.9335893574170768e-02 -2.4912143941037357e-02 4.3798539903946221e-02 0
-2.9335893574170768e-02 -2.4912143941037357e-02 4.5247042318806052e-02 0
-2.9335893574170768e-02 -2.4912143941037357e-02 4.6695544733665884e-02 0
-2.9335893574170768e-02 -2.3415853502228856e-02 3.6556027829647064e-02 0
-2.9335893574170768e-02 -2.3415853502228856e-02 3.8004530244506896e-02 0
-2.9335893574170768e-02 -2.3415853502228856e-02 3.9453032659366727e-02 0
-2.9335893574170768e-02 -2.3415853502228856e-02 4.0901535074226558e-02 0
-2.9335893574170768e-02 -2.3415853502228856e-02 4.2350037489086390e-02 0
-2.9335893574170768e-02 -2.3415853502228856e-02 4.3798539903946221e-02 0
-2.9335893574170768e-02 -2.3415853502228856e-02 4.5247042318806052e-02 0
-2.9335893574170768e-02 -2.3415853502228856e-02 4.6695544733665884e-02 0
-2.9335893574170768e-02 -2.1919563063420355e-02 3.6556027829647064e-02 0
-2.9335893574170768e-02 -2.1919563063420355e-02 3.8004530244506896e-02 0
-2.9335893574170768e-02 -2.1919563063420355e-02 3.9453032659366727e-02 0
-2.9335893574170768e-02 -2.1919563063420355e-02 4.0901535074226558e-02 0
-2.9335893574170768e-02 -2.1919563063420355e-02 4.2350037489086390e-02 0
-2.9335893574170768e-02 -2.1919563063420355e-02 4.3798539903946221e-02 0
-2.9335893574170768e-02 -2.1919563063420355e-02 4.5247042318806052e-02 0
-2.9335893574170768e-02 -2.1919563063420355e-02 4.6695544733665884e-02 0
-2.9335893574170768e-02 -2.0423272624611855e-02 3.6556027829647064e-02 0
-2.9335893574170768e-02 -2.0423272624611855e-02 3.8004530244506896e-02 0
-2.9335893574170768e-02 -2.0423272624611855e-02 3.9453032659366727e-02 0
-2.9335893574170768e-02 -2.0423272624611855e-02 4.0901535074226558e-02 0
-2.9335893574170768e-02 -2.0423272624611855e-02 4.2350037489086390e-02 0
-2.9335893574170768e-02 -2.0423272624611855e-02 4.3798539903946221e-02 0
-2.9335893574170768e-02 -2.0423272624611855e-02 4.5247042318806052e-02 0
-2.9335893574170768e-02 -2.0423272624611855e-02 4.6695544733665884e-02 0
-2.9335893574170768e-02 -1.8926982185803354e-02 3.6556027829647064e-02 0
-2.9335893574170768e-02 -1.8926982185803354e-02 3.8004530244506896e-02 0
-2.9335893574170768e-02 -1.8926982185803354e-02 3.9453032659366727e-02 0
-2.9335893574170768e-02 -1.8926982185803354e-02 4.0901535074226558e-02 0
-2.9335893574170768e-02 -1.8926982185803354e-02 4.2350037489086390e-02 0
-2.9335893574170768e-02 -1.8926982185803354e-02 4.3798539903946221e-02 0
-2.9335893574170768e-02 -1.8926982185803354e-02 4.5247042318806052e-02 0
-2.9335893574170768e-02 -1.8926982185803354e-02 4.6695544733665884e-02 0
-2.9335893574170768e-02 -1.7430691746994853e-02 3.6556027829647064e-02 0
-2.9335893574170768e-02 -1.7430691746994853e-02 3.8004530244506896e-02 0
-2.9335893574170768e-02 -1.7430691746994853e-02 3.9453032659366727e-02 0
-2.9335893574170768e-02 -1.7430691746994853e-02 4.0901535074226558e-02 0
-2.9335893574170768e-02 -1.7430691746994853e-02 4.2350037489086390e-02 0
-2.9335893574170768e-02 -1.7430691746994853e-02 4.3798539903946221e-02 0
-2.9335893574170768e-02 -1.7430691746994853e-02 4.5247042318806052e-02 0
-2.9335893574170768e-02 -1.7430691746994853e-02 4.6695544733665884e-02 0
-2.9335893574170768e-02 -1.5934401308186352e-02 3.6556027829647064e-02 0
-2.9335893574170768e-02 -1.5934401308186352e-02 3.8004530244506896e-02 0
-2.9335893574170768e-02 -1.5934401308186352e-02 3.9453032659366727e-02 0
-2.9335893574170768e-02 -1.5934401308186352e-02 4.0901535074226558e-02 0
-2.9335893574170768e-02 -1.5934401308186352e-02 4.2350037489086390e-02 0
-2.9335893574170768e-02 -1.5934401308186352e-02 4.3798539903946221e-02 0
-2.9335893574170768e-02 -1.5934401308186352e-02 4.5247042318806052e-02 0
-2.9335893574170768e-02 -1.5934401308186352e-02 4.6695544733665884e-02 0
-2.9335893574170768e-02 -1.4438110869377851e-02 3.6556027829647064e-02 0
-2.9335893574170768e-02 -1.4438110869377851e-02 3.8004530244506896e-02 0
-2.9335893574170768e-02 -1.4438110869377851e-02 3.9453032659366727e-02 0
-2.9335893574170768e-02 -1.4438110869377851e-02 4.0901535074226558e-02 0
-2.9335893574170768e-02 -1.4438110869377851e-02 4.2350037489086390e-02 0
-2.9335893574170768e-02 -1.4438110869377851e-02 4.3798539903946221e-02 0
-2.9335893574170768e-02 -1.4438110869377851e-02 4.5247042318806052e-02 0
-2.9335893574170768e-02 -1.4438110869377851e-02 4.6695544733665884e-02 0
-2.9335893574170768e-02 -1.2941820430569351e-02 3.6556027829647064e-02 0
-2.9335893574170768e-02 -1.2941820430569351e-02 3.8004530244506896e-02 0
-2.9335893574170768e-02 -1.2941820430569351e-02 3.9453032659366727e-02 0
-2.9335893574170768e-02 -1.2941820430569351e-02 4.0901535074226558e-02 0
-2.9335893574170768e-02 -1.2941820430569351e-02 4.2350037489086390e-02 0
-2.9335893574170768e-02 -1.2941820430569351e-02 4.3798539903946221e-02 0
-2.9335893574170768e-02 -1.2941820430569351e-02 4.5247042318806052e-02 0
-2.9335893574170768e-02 -1.2941820430569351e-02 4.6695544733665884e-02 0
-2.9335893574170768e-02 -1.1445529991760850e-02 3.6556027829647064e-02 0
-2.9335893574170768e-02 -1.1445529991760850e-02 3.8004530244506896e-02 0
-2.9335893574170768e-02 -1.1445529991760850e-02 3.9453032659366727e-02 0
-2.9335893574170768e-02 -1.1445529991760850e-02 4.0901535074226558e-02 0
-2.9335893574170768e-02 -1.1445529991760850e-02 4.2350037489086390e-02 0
-2.9335893574170768e-02 -1.1445529991760850e-02 4.3798539903946221e-02 0
-2.9335893574170768e-02 -1.1445529991760850e-02 4.5247042318806052e-02 0
-2.9335893574170768e-02 -1.1445529991760850e-02 4.6695544733665884e-02 0
-2.9335893574170768e-02 -9.9492395529523492e-03 3.6556027829647064e-02 0
-2.9335893574170768e-02 -9.9492395529523492e-03 3.8004530244506896e-02 0
-2.9335893574170768e-02 -9.9492395529523492e-03 3.9453032659366727e-02 0
-2.9335893574170768e-02 -9.9492395529523492e-03 4.0901535074226558e-02 0
-2.9335893574170768e-02 -9.9492395529523492e-03 4.2350037489086390e-02 0
-2.9335893574170768e-02 -9.9492395529523492e-03 4.3798539903946221e-02 0
-2.9335893574170768e-02 -9.9492395529523492e-03 4.5247042318806052e-02 0
-2.9335893574170768e-02 -9.9492395529523492e-03 4.6695544733665884e-02 0
-2.9335893574170768e-02 -8.4529491141438484e-03 3.6556027829647064e-02 0
-2.9335893574170768e-02 -8.4529491141438484e-03 3.8004530244506896e-02 0
-2.9335893574170768e-02 -8.4529491141438484e-03 3.9453032659366727e-02 0
-2.9335893574170768e-02 -8.4529491141438484e-03 4.0901535074226558e-02 0
-2.9335893574170768e-02 -8.4529491141438484e-03 4.2350037489086390e-02 0
-2.9335893574170768e-02 -8.4529491141438484e-03 4.3798539903946221e-02 0
-2.9335893574170768e-02 -8.4529491141438484e-03 4.5247042318806052e-02 0
-2.9335893574170768e-02 -8.4529491141438484e-03 4.6695544733665884e-02 0
-2.9335893574170768e-02 -6.9566586753353477e-03 3.6556027829647064e-02 0
-2.9335893574170768e-02 -6.9566586753353477e-03 3.8004530244506896e-02 0
-2.9335893574170768e-02 -6.9566586753353477e-03 3.9453032659366727e-02 0
-2.9335893574170768e-02 -6.9566586753353477e-03 4.0901535074226558e-02 0
-2.9335893574170768e-02 -6.9566586753353477e-03 4.2350037489086390e-02 0
-2.9335893574170768e-02 -6.9566586753353477e-03 4.3798539903946221e-02 0
-2.9335893574170768e-02 -6.9566586753353477e-03 4.5247042318806052e-02 0
-2.9335893574170768e-02 -6.9566586753353477e-03 4.6695544733665884e-02 0
-2.9335893574170768e-02 -5.4603682365268469e-03 3.6556027829647064e-02 0
-2.9335893574170768e-02 -5.4603682365268469e-03 3.8004530244506896e-02 0
-2.9335893574170768e-02 -5.4603682365268469e-03 3.9453032659366727e-02 0
-2.9335893574170768e-02 -5.4603682365268469e-03 4.0901535074226558e-02 0
-2.9335893574170768e-02 -5.4603682365268469e-03 4.2350037489086390e-02 0
-2.9335893574170768e-02 -5.4603682365268469e-03 4.3798539903946221e-02 0
-2.9335893574170768e-02 -5.4603682365268469e-03 4.5247042318806052e-02 0
-2.9335893574170768e-02 -5.4603682365268469e-03 4.6695544733665884e-02 0
-2.9335893574170768e-02 -3.9640777977183461e-03 3.6556027829647064e-02 0
-2.9335893574170768e-02 -3.9640777977183461e-03 3.8004530244506896e-02 0
-2.9335893574170768e-02 -3.9640777977183461e-03 3.9453032659366727e-02 0
-2.9335893574170768e-02 -3.9640777977183461e-03 4.0901535074226558e-02 0
-2.9335893574170768e-02 -3.9640777977183461e-03 4.2350037489086390e-02 0
-2.9335893574170768e-02 -3.9640777977183461e-03 4.3798539903946221e-02 0
-2.9335893574170768e-02 -3.9640777977183461e-03 4.5247042318806052e-02 0
-2.9335893574170768e-02 -3.9640777977183461e-03 4.6695544733665884e-02 0
-2.9335893574170768e-02 -2.4677873589098454e-03 3.6556027829647064e-02 0
-2.9335893574170768e-02 -2.4677873589098454e-03 3.8004530244506896e-02 0
-2.9335893574170768e-02 -2.4677873589098454e-03 3.9453032659366727e-02 0
-2.9335893574170768e-02 -2.4677873589098454e-03 4.0901535074226558e-02 0
-2.9335893574170768e-02 -2.4677873589098454e-03 4.2350037489086390e-02 0
-2.9335893574170768e-02 -2.4677873589098454e-03 4.3798539903946221e-02 0
-2.9335893574170768e-02 -2.4677873589098454e-03 4.5247042318806052e-02 0
-2.9335893574170768e-02 -2.4677873589098454e-03 4.6695544733665884e-02 0
-2.9335893574170768e-02 -9.7149692010134459e-04 3.6556027829647064e-02 0
-2.9335893574170768e-02 -9.7149692010134459e-04 3.8004530244506896e-02 0
-2.9335893574170768e-02 -9.7149692010134459e-04 3.9453032659366727e-02 0
-2.9335893574170768e-02 -9.7149692010134459e-04 4.0901535074226558e-02 0
-2.9335893574170768e-02 -9.7149692010134459e-04 4.2350037489086390e-02 0
-2.9335893574170768e-02 -9.7149692010134459e-04 4.3798539903946221e-02 0
-2.9335893574170768e-02 -9.7149692010134459e-04 4.5247042318806052e-02 0
-2.9335893574170768e-02 -9.7149692010134459e-04 4.6695544733665884e-02 0
-2.9335893574170768e-02 5.2479351870715618e-04 3.6556027829647064e-02 0
-2.9335893574170768e-02 5.2479351870715618e-04 3.8004530244506896e-02 0
-2.9335893574170768e-02 5.2479351870715618e-04 3.9453032659366727e-02 0
-2.9335893574170768e-02 5.2479351870715618e-04 4.0901535074226558e-02 0
-2.9335893574170768e-02 5.2479351870715618e-04 4.2350037489086390e-02 0
-2.9335893574170768e-02 5.2479351870715618e-04 4.3798539903946221e-02 0
-2.9335893574170768e-02 5.2479351870715618e-04 4.5247042318806052e-02 0
-2.9335893574170768e-02 5.2479351870715618e-04 4.6695544733665884e-02 0
-2.9335893574170768e-02 2.0210839575156569e-03 3.6556027829647064e-02 0
-2.9335893574170768e-02 2.0210839575156569e-03 3.8004530244506896e-02 0
-2.9335893574170768e-02 2.0210839575156569e-03 3.9453032659366727e-02 0
-2.9335893574170768e-02 2.0210839575156569e-03 4.0901535074226558e-02 0
-2.9335893574170768e-02 2.0210839575156569e-03 4.2350037489086390e-02 0
-2.9335893574170768e-02 2.0210839575156569e-03 4.3798539903946221e-02 0
-2.9335893574170768e-02 2.0210839575156569e-03 4.5247042318806052e-02 0
-2.9335893574170768e-02 2.0210839575156569e-03 4.6695544733665884e-02 0
-2.9335893574170768e-02 3.5173743963241577e-03 3.6556027829647064e-02 0
-2.9335893574170768e-02 3.5173743963241577e-03 3.8004530244506896e-02 0
-2.9335893574170768e-02 3.5173743963241577e-03 3.9453032659366727e-02 0
-2.9335893574170768e-02 3.5173743963241577e-03 4.0901535074226558e-02 0
-2.9335893574170768e-02 3.5173743963241577e-03 4.2350037489086390e-02 0
-2.9335893574170768e-02 3.5173743963241577e-03 4.3798539903946221e-02 0
-2.9335893574170768e-02 3.5173743963241577e-03 4.5247042318806052e-02 0
-2.9335893574170768e-02 3.5173743963241577e-03 4.6695544733665884e-02 0
-2.9335893574170768e-02 5.0136648351326585e-03 3.6556027829647064e-02 0
-2.9335893574170768e-02 5.0136648351326585e-03 3.8004530244506896e-02 0
-2.9335893574170768e-02 5.0136648351326585e-03 3.9453032659366727e-02 0
-2.9335893574170768e-02 5.0136648351326585e-03 4.0901535074226558e-02 0
-2.9335893574170768e-02 5.0136648351326585e-03 4.2350037489086390e-02 0
-2.9335893574170768e-02 5.0136648351326585e-03 4.3798539903946221e-02 0
-2.9335893574170768e-02 5.0136648351326585e-03 4.5247042318806052e-02 0
-2.9335893574170768e-02 5.0136648351326585e-03 4.6695544733665884e-02 0
-2.9335893574170768e-02 6.5099552739411592e-03 3.6556027829647064e-02 0
-2.9335893574170768e-02 6.5099552739411592e-03 3.8004530244506896e-02 0
-2.9335893574170768e-02 6.5099552739411592e-03 3.9453032659366727e-02 0
-2.9335893574170768e-02 6.5099552739411592e-03 4.0901535074226558e-02 0
-2.9335893574170768e-02 6.5099552739411592e-03 4.2350037489086390e-02 0
-2.9335893574170768e-02 6.5099552739411592e-03 4.3798539903946221e-02 0
-2.9335893574170768e-02 6.5099552739411592e-03 4.5247042318806052e-02 0
-2.9335893574170768e-02 6.5099552739411592e-03 4.6695544733665884e-02 0
-2.9335893574170768e-02 8.0062457127496600e-03 3.6556027829647064e-02 0
-2.9335893574170768e-02 8.0062457127496600e-03 3.8004530244506896e-02 0
-2.9335893574170768e-02 8.0062457127496600e-03 3.9453032659366727e-02 0
-2.9335893574170768e-02 8.0062457127496600e-03 4.0901535074226558e-02 0
-2.9335893574170768e-02 8.0062457127496600e-03 4.2350037489086390e-02 0
-2.9335893574170768e-02 8.0062457127496600e-03 4.3798539903946221e-02 0
-2.9335893574170768e-02 8.0062457127496600e-03 4.5247042318806052e-02 0
-2.9335893574170768e-02 8.0062457127496600e-03 4.6695544733665884e-02 0
-2.9335893574170768e-02 9.5025361515581608e-03 3.6556027829647064e-02 0
-2.9335893574170768e-02 9.5025361515581608e-03 3.8004530244506896e-02 0
-2.9335893574170768e-02 9.5025361515581608e-03 3.9453032659366727e-02 0
-2.9335893574170768e-02 9.5025361515581608e-03 4.0901535074226558e-02 0
-2.9335893574170768e-02 9.5025361515581608e-03 4.2350037489086390e-02 0
-2.9335893574170768e-02 9.5025361515581608e-03 4.3798539903946221e-02 0
-2.9335893574170768e-02 9.5025361515581608e-03 4.5247042318806052e-02 0
-2.9335893574170768e-02 9.5025361515581608e-03 4.6695544733665884e-02 0
-2.9335893574170768e-02 1.0998826590366662e-02 3.6556027829647064e-02 0
-2.9335893574170768e-02 1.0998826590366662e-02 3.8004530244506896e-02 0
-2.9335893574170768e-02 1.0998826590366662e-02 3.9453032659366727e-02 0
-2.9335893574170768e-02 1.0998826590366662e-02 4.0901535074226558e-02 0
-2.9335893574170768e-02 1.0998826590366662e-02 4.2350037489086390e-02 0
-2.9335893574170768e-02 1.0998826590366662e-02 4.3798539903946221e-02 0
-2.9335893574170768e-02 1.0998826590366662e-02 4.5247042318806052e-02 0
-2.9335893574170768e-02 1.0998826590366662e-02 4.6695544733665884e-02 0
-2.9335893574170768e-02 1.2495117029175162e-02 3.6556027829647064e-02 0
-2.9335893574170768e-02 1.2495117029175162e-02 3.8004530244506896e-02 0
-2.9335893574170768e-02 1.2495117029175162e-02 3.9453032659366727e-02 0
-2.9335893574170768e-02 1.2495117029175162e-02 4.0901535074226558e-02 0
-2.9335893574170768e-02 1.2495117029175162e-02 4.2350037489086390e-02 0
-2.9335893574170768e-02 1.2495117029175162e-02 4.3798539903946221e-02 0
-2.9335893574170768e-02 1.2495117029175162e-02 4.5247042318806052e-02 0
-2.9335893574170768e-02 1.2495117029175162e-02 4.6695544733665884e-02 0
-2.9335893574170768e-02 1.3991407467983663e-02 3.6556027829647064e-02 0
-2.9335893574170768e-02 1.3991407467983663e-02 3.8004530244506896e-02 0
-2.9335893574170768e-02 1.3991407467983663e-02 3.9453032659366727e-02 0
-2.9335893574170768e-02 1.3991407467983663e-02 4.0901535074226558e-02 0
-2.9335893574170768e-02 1.3991407467983663e-02 4.2350037489086390e-02 0
-2.9335893574170768e-02 1.3991407467983663e-02 4.3798539903946221e-02 0
-2.9335893574170768e-02 1.3991407467983663e-02 4.5247042318806052e-02 0
-2.9335893574170768e-02 1.3991407467983663e-02 4.6695544733665884e-02 0
-2.9335893574170768e-02 1.5487697906792164e-02 3.6556027829647064e-02 0
-2.9335893574170768e-02 1.5487697906792164e-02 3.8004530244506896e-02 0
-2.9335893574170768e-02 1.5487697906792164e-02 3.9453032659366727e-02 0
-2.9335893574170768e-02 1.5487697906792164e-02 4.0901535074226558e-02 0
-2.9335893574170768e-02 1.5487697906792164e-02 4.2350037489086390e-02 0
-2.9335893574170768e-02 1.5487697906792164e-02 4.3798539903946221e-02 0
-2.9335893574170768e-02 1.5487697906792164e-02 4.5247042318806052e-02 0
-2.9335893574170768e-02 1.5487697906792164e-02 4.6695544733665884e-02 0
-2.9335893574170768e-02 1.6983988345600665e-02 3.6556027829647064e-02 0
-2.9335893574170768e-02 1.6983988345600665e-02 3.8004530244506896e-02 0
-2.9335893574170768e-02 1.6983988345600665e-02 3.9453032659366727e-02 0
-2.9335893574170768e-02 1.6983988345600665e-02 4.0901535074226558e-02 0
-2.9335893574170768e-02 1.6983988345600665e-02 4.2350037489086390e-02 0
-2.9335893574170768e-02 1.6983988345600665e-02 4.3798539903946221e-02 0
-2.9335893574170768e-02 1.6983988345600665e-02 4.5247042318806052e-02 0
-2.9335893574170768e-02 1.6983988345600665e-02 4.6695544733665884e-02 0
-2.9335893574170768e-02 1.8480278784409165e-02 3.6556027829647064e-02 0
-2.9335893574170768e-02 1.8480278784409165e-02 3.8004530244506896e-02 0
-2.9335893574170768e-02 1.8480278784409165e-02 3.9453032659366727e-02 0
-2.9335893574170768e-02 1.8480278784409165e-02 4.0901535074226558e-02 0
-2.9335893574170768e-02 1.8480278784409165e-02 4.2350037489086390e-02 0
-2.9335893574170768e-02 1.8480278784409165e-02 4.3798539903946221e-02 0
-2.9335893574170768e-02 1.8480278784409165e-02 4.5247042318806052e-02 0
-2.9335893574170768e-02 1.8480278784409165e-02 4.6695544733665884e-02 0
-2.9335893574170768e-02 1.9976569223217666e-02 3.6556027829647064e-02 0
-2.9335893574170768e-02 1.9976569223217666e-02 3.8004530244506896e-02 0
-2.9335893574170768e-02 1.9976569223217666e-02 3.9453032659366727e-02 0
-2.9335893574170768e-02 1.9976569223217666e-02 4.0901535074226558e-02 0
-2.9335893574170768e-02 1.9976569223217666e-02 4.2350037489086390e-02 0
-2.9335893574170768e-02 1.9976569223217666e-02 4.3798539903946221e-02 0
-2.9335893574170768e-02 1.9976569223217666e-02 4.5247042318806052e-02 0
-2.9335893574170768e-02 1.9976569223217666e-02 4.6695544733665884e-02 0
-2.9335893574170768e-02 2.1472859662026167e-02 3.6556027829647064e-02 0
-2.9335893574170768e-02 2.1472859662026167e-02 3.8004530244506896e-02 0
-2.9335893574170768e-02 2.1472859662026167e-02 3.9453032659366727e-02 0
-2.9335893574170768e-02 2.1472859662026167e-02 4.0901535074226558e-02 0
-2.9335893574170768e-02 2.1472859662026167e-02 4.2350037489086390e-02 0
-2.9335893574170768e-02 2.1472859662026167e-02 4.3798539903946221e-02 0
-2.9335893574170768e-02 2.1472859662026167e-02 4.5247042318806052e-02 0
-2.9335893574170768e-02 2.1472859662026167e-02 4.6695544733665884e-02 0
-2.7852245140820742e-02 -4.4363919645547867e-02 3.6556027829647064e-02 0
-2.7852245140820742e-02 -4.2867629206739366e-02 3.6556027829647064e-02 0
-2.7852245140820742e-02 -4.4363919645547867e-02 3.8004530244506896e-02 0
-2.7852245140820742e-02 -4.2867629206739366e-02 3.8004530244506896e-02 0
-2.7852245140820742e-02 -4.4363919645547867e-02 3.9453032659366727e-02 0
-2.7852245140820742e-02 -4.2867629206739366e-02 3.9453032659366727e-02 0
-2.7852245140820742e-02 -4.4363919645547867e-02 4.0901535074226558e-02 0
-2.7852245140820742e-02 -4.2867629206739366e-02 4.0901535074226558e-02 0
-2.7852245140820742e-02 -4.4363919645547867e-02 4.2350037489086390e-02 0
-2.7852245140820742e-02 -4.2867629206739366e-02 4.2350037489086390e-02 0
-2.7852245140820742e-02 -4.4363919645547867e-02 4.3798539903946221e-02 0
-2.7852245140820742e-02 -4.2867629206739366e-02 4.3798539903946221e-02 0
-2.7852245140820742e-02 -4.4363919645547867e-02 4.5247042318806052e-02 0
-2.7852245140820742e-02 -4.2867629206739366e-02 4.5247042318806052e-02 0
-2.7852245140820742e-02 -4.4363919645547867e-02 4.6695544733665884e-02 0
-2.7852245140820742e-02 -4.2867629206739366e-02 4.6695544733665884e-02 0
-2.7852245140820742e-02 -4.1371338767930865e-02 3.6556027829647064e-02 0
-2.7852245140820742e-02 -4.1371338767930865e-02 3.8004530244506896e-02 0
-2.7852245140820742e-02 -4.1371338767930865e-02 3.9453032659366727e-02 0
-2.7852245140820742e-02 -4.1371338767930865e-02 4.0901535074226558e-02 0
-2.7852245140820742e-02 -4.1371338767930865e-02 4.2350037489086390e-02 0
-2.7852245140820742e-02 -4.1371338767930865e-02 4.3798539903946221e-02 0
-2.7852245140820742e-02 -4.1371338767930865e-02 4.5247042318806052e-02 0
-2.7852245140820742e-02 -4.1371338767930865e-02 4.6695544733665884e-02 0
-2.7852245140820742e-02 -3.9875048329122365e-02 3.6556027829647064e-02 0
-2.7852245140820742e-02 -3.9875048329122365e-02 3.8004530244506896e-02 0
-2.7852245140820742e-02 -3.9875048329122365e-02 3.9453032659366727e-02 0
-2.7852245140820742e-02 -3.9875048329122365e-02 4.0901535074226558e-02 0
-2.7852245140820742e-02 -3.9875048329122365e-02 4.2350037489086390e-02 0
-2.7852245140820742e-02 -3.9875048329122365e-02 4.3798539903946221e-02 0
-2.7852245140820742e-02 -3.9875048329122365e-02 4.5247042318806052e-02 0
-2.7852245140820742e-02 -3.9875048329122365e-02 4.6695544733665884e-02 0
-2.7852245140820742e-02 -3.8378757890313864e-02 3.6556027829647064e-02 0
-2.7852245140820742e-02 -3.8378757890313864e-02 3.8004530244506896e-02 0
-2.7852245140820742e-02 -3.8378757890313864e-02 3.9453032659366727e-02 0
-2.7852245140820742e-02 -3.8378757890313864e-02 4.0901535074226558e-02 0
-2.7852245140820742e-02 -3.8378757890313864e-02 4.2350037489086390e-02 0
-2.7852245140820742e-02 -3.8378757890313864e-02 4.3798539903946221e-02 0
-2.7852245140820742e-02 -3.8378757890313864e-02 4.5247042318806052e-02 0
-2.7852245140820742e-02 -3.8378757890313864e-02 4.6695544733665884e-02 0
-2.7852245140820742e-02 -3.6882467451505363e-02 3.6556027829647064e-02 0
-2.7852245140820742e-02 -3.6882467451505363e-02 3.8004530244506896e-02 0
-2.7852245140820742e-02 -3.6882467451505363e-02 3.9453032659366727e-02 0
-2.7852245140820742e-02 -3.6882467451505363e-02 4.0901535074226558e-02 0
-2.7852245140820742e-02 -3.6882467451505363e-02 4.2350037489086390e-02 0
-2.7852245140820742e-02 -3.6882467451505363e-02 4.3798539903946221e-02 0
-2.7852245140820742e-02 -3.6882467451505363e-02 4.5247042318806052e-02 0
-2.7852245140820742e-02 -3.6882467451505363e-02 4.6695544733665884e-02 0
-2.7852245140820742e-02 -3.5386177012696862e-02 3.6556027829647064e-02 0
-2.7852245140820742e-02 -3.5386177012696862e-02 3.8004530244506896e-02 0
-2.7852245140820742e-02 -3.5386177012696862e-02 3.9453032659366727e-02 0
-2.7852245140820742e-02 -3.5386177012696862e-02 4.0901535074226558e-02 0
-2.7852245140820742e-02 -3.5386177012696862e-02 4.2350037489086390e-02 0
-2.7852245140820742e-02 -3.5386177012696862e-02 4.3798539903946221e-02 0
-2.7852245140820742e-02 -3.5386177012696862e-02 4.5247042318806052e-02 0
-2.7852245140820742e-02 -3.5386177012696862e-02 4.6695544733665884e-02 0
-2.7852245140820742e-02 -3.3889886573888361e-02 3.6556027829647064e-02 0
-2.7852245140820742e-02 -3.3889886573888361e-02 3.8004530244506896e-02 0
-2.7852245140820742e-02 -3.3889886573888361e-02 3.9453032659366727e-02 0
-2.7852245140820742e-02 -3.3889886573888361e-02 4.0901535074226558e-02 0
-2.7852245140820742e-02 -3.3889886573888361e-02 4.2350037489086390e-02 0
-2.7852245140820742e-02 -3.3889886573888361e-02 4.3798539903946221e-02 0
-2.7852245140820742e-02 -3.3889886573888361e-02 4.5247042318806052e-02 0
-2.7852245140820742e-02 -3.3889886573888361e-02 4.6695544733665884e-02 0
-2.7852245140820742e-02 -3.2393596135079861e-02 3.6556027829647064e-02 0
-2.7852245140820742e-02 -3.2393596135079861e-02 3.8004530244506896e-02 0
-2.7852245140820742e-02 -3.2393596135079861e-02 3.9453032659366727e-02 0
-2.7852245140820742e-02 -3.2393596135079861e-02 4.0901535074226558e-02 0
-2.7852245140820742e-02 -3.2393596135079861e-02 4.2350037489086390e-02 0
-2.7852245140820742e-02 -3.2393596135079861e-02 4.3798539903946221e-02 0
-2.7852245140820742e-02 -3.2393596135079861e-02 4.5247042318806052e-02 0
-2.7852245140820742e-02 -3.2393596135079861e-02 4.6695544733665884e-02 0
-2.7852245140820742e-02 -3.0897305696271360e-02 3.6556027829647064e-02 0
-2.7852245140820742e-02 -3.0897305696271360e-02 3.8004530244506896e-02 0
-2.7852245140820742e-02 -3.0897305696271360e-02 3.9453032659366727e-02 0
-2.7852245140820742e-02 -3.0897305696271360e-02 4.0901535074226558e-02 0
-2.7852245140820742e-02 -3.0897305696271360e-02 4.2350037489086390e-02 0
-2.7852245140820742e-02 -3.0897305696271360e-02 4.3798539903946221e-02 0
-2.7852245140820742e-02 -3.0897305696271360e-02 4.5247042318806052e-02 0
-2.7852245140820742e-02 -3.0897305696271360e-02 4.6695544733665884e-02 0
-2.7852245140820742e-02 -2.9401015257462859e-02 3.6556027829647064e-02 0
-2.7852245140820742e-02 -2.9401015257462859e-02 3.8004530244506896e-02 0
-2.7852245140820742e-02 -2.9401015257462859e-02 3.9453032659366727e-02 0
-2.7852245140820742e-02 -2.9401015257462859e-02 4.0901535074226558e-02 0
-2.7852245140820742e-02 -2.9401015257462859e-02 4.2350037489086390e-02 0
-2.7852245140820742e-02 -2.9401015257462859e-02 4.3798539903946221e-02 0
-2.7852245140820742e-02 -2.9401015257462859e-02 4.5247042318806052e-02 0
-2.7852245140820742e-02 -2.9401015257462859e-02 4.6695544733665884e-02 0
-2.7852245140820742e-02 -2.7904724818654358e-02 3.6556027829647064e-02 0
-2.7852245140820742e-02 -2.7904724818654358e-02 3.8004530244506896e-02 0
-2.7852245140820742e-02 -2.7904724818654358e-02 3.9453032659366727e-02 0
-2.7852245140820742e-02 -2.7904724818654358e-02 4.0901535074226558e-02 0
-2.7852245140820742e-02 -2.7904724818654358e-02 4.2350037489086390e-02 0
-2.7852245140820742e-02 -2.7904724818654358e-02 4.3798539903946221e-02 0
-2.7852245140820742e-02 -2.7904724818654358e-02 4.5247042318806052e-02 0
-2.7852245140820742e-02 -2.7904724818654358e-02 4.6695544733665884e-02 0
-2.7852245140820742e-02 -2.6408434379845858e-02 3.6556027829647064e-02 0
-2.7852245140820742e-02 -2.6408434379845858e-02 3.8004530244506896e-02 0
-2.7852245140820742e-02 -2.6408434379845858e-02 3.9453032659366727e-02 0
-2.7852245140820742e-02 -2.6408434379845858e-02 4.0901535074226558e-02 0
-2.7852245140820742e-02 -2.6408434379845858e-02 4.2350037489086390e-02 0
-2.7852245140820742e-02 -2.6408434379845858e-02 4.3798539903946221e-02 0
-2.7852245140820742e-02 -2.6408434379845858e-02 4.5247042318806052e-02 0
-2.7852245140820742e-02 -2.6408434379845858e-02 4.6695544733665884e-02 0
-2.7852245140820742e-02 -2.4912143941037357e-02 3.6556027829647064e-02 0
-2.7852245140820742e-02 -2.4912143941037357e-02 3.8004530244506896e-02 0
-2.7852245140820742e-02 -2.4912143941037357e-02 3.9453032659366727e-02 0
-2.7852245140820742e-02 -2.4912143941037357e-02 4.0901535074226558e-02 0
-2.7852245140820742e-02 -2.4912143941037357e-02 4.2350037489086390e-02 0
-2.7852245140820742e-02 -2.4912143941037357e-02 4.3798539903946221e-02 0
-2.7852245140820742e-02 -2.4912143941037357e-02 4.5247042318806052e-02 0
-2.7852245140820742e-02 -2.4912143941037357e-02 4.6695544733665884e-02 0
-2.7852245140820742e-02 -2.3415853502228856e-02 3.6556027829647064e-02 0
-2.7852245140820742e-02 -2.3415853502228856e-02 3.8004530244506896e-02 0
-2.7852245140820742e-02 -2.3415853502228856e-02 3.9453032659366727e-02 0
-2.7852245140820742e-02 -2.3415853502228856e-02 4.0901535074226558e-02 0
-2.7852245140820742e-02 -2.3415853502228856e-02 4.2350037489086390e-02 0
-2.7852245140820742e-02 -2.3415853502228856e-02 4.3798539903946221e-02 0
-2.7852245140820742e-02 -2.3415853502228856e-02 4.5247042318806052e-02 0
-2.7852245140820742e-02 -2.3415853502228856e-02 4.6695544733665884e-02 0
-2.7852245140820742e-02 -2.1919563063420355e-02 3.6556027829647064e-02 0
-2.7852245140820742e-02 -2.1919563063420355e-02 3.8004530244506896e-02 0
-2.7852245140820742e-02 -2.1919563063420355e-02 3.9453032659366727e-02 0
-2.7852245140820742e-02 -2.1919563063420355e-02 4.0901535074226558e-02 0
-2.7852245140820742e-02 -2.1919563063420355e-02 4.2350037489086390e-02 0
-2.7852245140820742e-02 -2.1919563063420355e-02 4.3798539903946221e-02 0
-2.7852245140820742e-02 -2.1919563063420355e-02 4.5247042318806052e-02 0
-2.7852245140820742e-02 -2.1919563063420355e-02 4.6695544733665884e-02 0
-2.7852245140820742e-02 -2.0423272624611855e-02 3.6556027829647064e-02 0
-2.7852245140820742e-02 -2.0423272624611855e-02 3.8004530244506896e-02 0
-2.7852245140820742e-02 -2.0423272624611855e-02 3.9453032659366727e-02 0
-2.7852245140820742e-02 -2.0423272624611855e-02 4.0901535074226558e-02 0
-2.7852245140820742e-02 -2.0423272624611855e-02 4.2350037489086390e-02 0
-2.7852245140820742e-02 -2.0423272624611855e-02 4.3798539903946221e-02 0
-2.7852245140820742e-02 -2.0423272624611855e-02 4.5247042318806052e-02 0
-2.7852245140820742e-02 -2.0423272624611855e-02 4.6695544733665884e-02 0
-2.7852245140820742e-02 -1.8926982185803354e-02 3.6556027829647064e-02 0
-2.7852245140820742e-02 -1.8926982185803354e-02 3.8004530244506896e-02 0
-2.7852245140820742e-02 -1.8926982185803354e-02 3.9453032659366727e-02 0
-2.7852245140820742e-02 -1.8926982185803354e-02 4.0901535074226558e-02 0
-2.7852245140820742e-02 -1.8926982185803354e-02 4.2350037489086390e-02 0
-2.7852245140820742e-02 -1.8926982185803354e-02 4.3798539903946221e-02 0
-2.7852245140820742e-02 -1.8926982185803354e-02 4.5247042318806052e-02 0
-2.7852245140820742e-02 -1.8926982185803354e-02 4.6695544733665884e-02 0
-2.7852245140820742e-02 -1.7430691746994853e-02 3.6556027829647064e-02 0
-2.7852245140820742e-02 -1.7430691746994853e-02 3.8004530244506896e-02 0
-2.7852245140820742e-02 -1.7430691746994853e-02 3.9453032659366727e-02 0
-2.7852245140820742e-02 -1.7430691746994853e-02 4.0901535074226558e-02 0
-2.7852245140820742e-02 -1.7430691746994853e-02 4.2350037489086390e-02 0
-2.7852245140820742e-02 -1.7430691746994853e-02 4.3798539903946221e-02 0
-2.7852245140820742e-02 -1.7430691746994853e-02 4.5247042318806052e-02 0
-2.7852245140820742e-02 -1.7430691746994853e-02 4.6695544733665884e-02 0
-2.7852245140820742e-02 -1.5934401308186352e-02 3.6556027829647064e-02 0
-2.7852245140820742e-02 -1.5934401308186352e-02 3.8004530244506896e-02 0
-2.7852245140820742e-02 -1.5934401308186352e-02 3.9453032659366727e-02 0
-2.7852245140820742e-02 -1.5934401308186352e-02 4.0901535074226558e-02 0
-2.7852245140820742e-02 -1.5934401308186352e-02 4.2350037489086390e-02 0
-2.7852245140820742e-02 -1.5934401308186352e-02 4.3798539903946221e-02 0
-2.7852245140820742e-02 -1.5934401308186352e-02 4.5247042318806052e-02 0
-2.7852245140820742e-02 -1.5934401308186352e-02 4.6695544733665884e-02 0
-2.7852245140820742e-02 -1.4438110869377851e-02 3.6556027829647064e-02 0
-2.7852245140820742e-02 -1.4438110869377851e-02 3.8004530244506896e-02 0
-2.7852245140820742e-02 -1.4438110869377851e-02 3.9453032659366727e-02 0
-2.7852245140820742e-02 -1.4438110869377851e-02 4.0901535074226558e-02 0
-2.7852245140820742e-02 -1.4438110869377851e-02 4.2350037489086390e-02 0
-2.7852245140820742e-02 -1.4438110869377851e-02 4.3798539903946221e-02 0
-2.7852245140820742e-02 -1.4438110869377851e-02 4.5247042318806052e-02 0
-2.7852245140820742e-02 -1.4438110869377851e-02 4.6695544733665884e-02 0
-2.7852245140820742e-02 -1.2941820430569351e-02 3.6556027829647064e-02 0
-2.7852245140820742e-02 -1.2941820430569351e-02 3.8004530244506896e-02 0
-2.7852245140820742e-02 -1.2941820430569351e-02 3.9453032659366727e-02 0
-2.7852245140820742e-02 -1.2941820430569351e-02 4.0901535074226558e-02 0
-2.7852245140820742e-02 -1.2941820430569351e-02 4.2350037489086390e-02 0
-2.7852245140820742e-02 -1.2941820430569351e-02 4.3798539903946221e-02 0
-2.7852245140820742e-02 -1.2941820430569351e-02 4.5247042318806052e-02 0
-2.7852245140820742e-02 -1.2941820430569351e-02 4.6695544733665884e-02 0
-2.7852245140820742e-02 -1.1445529991760850e-02 3.6556027829647064e-02 0
-2.7852245140820742e-02 -1.1445529991760850e-02 3.8004530244506896e-02 0
-2.7852245140820742e-02 -1.1445529991760850e-02 3.9453032659366727e-02 0
-2.7852245140820742e-02 -1.1445529991760850e-02 4.0901535074226558e-02 0
-2.7852245140820742e-02 -1.1445529991760850e-02 4.2350037489086390e-02 0
-2.7852245140820742e-02 -1.1445529991760850e-02 4.3798539903946221e-02 0
-2.7852245140820742e-02 -1.1445529991760850e-02 4.5247042318806052e-02 0
-2.7852245140820742e-02 -1.1445529991760850e-02 4.6695544733665884e-02 0
-2.7852245140820742e-02 -9.9492395529523492e-03 3.6556027829647064e-02 0
-2.7852245140820742e-02 -9.9492395529523492e-03 3.8004530244506896e-02 0
-2.7852245140820742e-02 -9.9492395529523492e-03 3.9453032659366727e-02 0
-2.7852245140820742e-02 -9.9492395529523492e-03 4.0901535074226558e-02 0
-2.7852245140820742e-02 -9.9492395529523492e-03 4.2350037489086390e-02 0
-2.7852245140820742e-02 -9.9492395529523492e-03 4.3798539903946221e-02 0
-2.7852245140820742e-02 -9.9492395529523492e-03 4.5247042318806052e-02 0
-2.7852245140820742e-02 -9.9492395529523492e-03 4.6695544733665884e-02 0
-2.7852245140820742e-02 -8.4529491141438484e-03 3.6556027829647064e-02 0
-2.7852245140820742e-02 -8.4529491141438484e-03 3.8004530244506896e-02 0
-2.7852245140820742e-02 -8.4529491141438484e-03 3.9453032659366727e-02 0
-2.7852245140820742e-02 -8.4529491141438484e-03 4.0901535074226558e-02 0
-2.7852245140820742e-02 -8.4529491141438484e-03 4.2350037489086390e-02 0
-2.7852245140820742e-02 -8.4529491141438484e-03 4.3798539903946221e-02 0
-2.7852245140820742e-02 -8.4529491141438484e-03 4.5247042318806052e-02 0
-2.7852245140820742e-02 -8.4529491141438484e-03 4.6695544733665884e-02 0
-2.7852245140820742e-02 -6.9566586753353477e-03 3.6556027829647064e-02 0
-2.7852245140820742e-02 -6.9566586753353477e-03 3.8004530244506896e-02 0
-2.7852245140820742e-02 -6.9566586753353477e-03 3.9453032659366727e-02 0
-2.7852245140820742e-02 -6.9566586753353477e-03 4.0901535074226558e-02 0
-2.7852245140820742e-02 -6.9566586753353477e-03 4.2350037489086390e-02 0
-2.7852245140820742e-02 -6.9566586753353477e-03 4.3798539903946221e-02 0
-2.7852245140820742e-02 -6.9566586753353477e-03 4.5247042318806052e-02 0
-2.7852245140820742e-02 -6.9566586753353477e-03 4.6695544733665884e-02 0
-2.7852245140820742e-02 -5.4603682365268469e-03 3.6556027829647064e-02 0
-2.7852245140820742e-02 -5.4603682365268469e-03 3.8004530244506896e-02 0
-2.7852245140820742e-02 -5.4603682365268469e-03 3.9453032659366727e-02 0
-2.7852245140820742e-02 -5.4603682365268469e-03 4.0901535074226558e-02 0
-2.7852245140820742e-02 -5.4603682365268469e-03 4.2350037489086390e-02 0
-2.7852245140820742e-02 -5.4603682365268469e-03 4.3798539903946221e-02 0
-2.7852245140820742e-02 -5.4603682365268469e-03 4.5247042318806052e-02 0
-2.7852245140820742e-02 -5.4603682365268469e-03 4.6695544733665884e-02 0
-2.7852245140820742e-02 -3.9640777977183461e-03 3.6556027829647064e-02 0
-2.7852245140820742e-02 -3.9640777977183461e-03 3.8004530244506896e-02 0
-2.7852245140820742e-02 -3.9640777977183461e-03 3.9453032659366727e-02 0
-2.7852245140820742e-02 -3.9640777977183461e-03 4.0901535074226558e-02 0
-2.7852245140820742e-02 -3.9640777977183461e-03 4.2350037489086390e-02 0
-2.7852245140820742e-02 -3.9640777977183461e-03 4.3798539903946221e-02 0
-2.7852245140820742e-02 -3.9640777977183461e-03 4.5247042318806052e-02 0
-2.7852245140820742e-02 -3.9640777977183461e-03 4.6695544733665884e-02 0
-2.7852245140820742e-02 -2.4677873589098454e-03 3.6556027829647064e-02 0
-2.7852245140820742e-02 -2.4677873589098454e-03 3.8004530244506896e-02 0
-2.7852245140820742e-02 -2.4677873589098454e-03 3.9453032659366727e-02 0
-2.7852245140820742e-02 -2.4677873589098454e-03 4.0901535074226558e-02 0
-2.7852245140820742e-02 -2.4677873589098454e-03 4.2350037489086390e-02 0
-2.7852245140820742e-02 -2.4677873589098454e-03 4.3798539903946221e-02 0
-2.7852245140820742e-02 -2.4677873589098454e-03 4.5247042318806052e-02 0
-2.7852245140820742e-02 -2.4677873589098454e-03 4.6695544733665884e-02 0
-2.7852245140820742e-02 -9.7149692010134459e-04 3.6556027829647064e-02 0
-2.7852245140820742e-02 -9.7149692010134459e-04 3.8004530244506896e-02 0
-2.7852245140820742e-02 -9.7149692010134459e-04 3.9453032659366727e-02 0
-2.7852245140820742e-02 -9.7149692010134459e-04 4.0901535074226558e-02 0
-2.7852245140820742e-02 -9.7149692010134459e-04 4.2350037489086390e-02 0
-2.7852245140820742e-02 -9.7149692010134459e-04 4.3798539903946221e-02 0
-2.7852245140820742e-02 -9.7149692010134459e-04 4.5247042318806052e-02 0
-2.7852245140820742e-02 -9.7149692010134459e-04 4.6695544733665884e-02 0
-2.7852245140820742e-02 5.2479351870715618e-04 3.6556027829647064e-02 0
-2.7852245140820742e-02 5.2479351870715618e-04 3.8004530244506896e-02 0
-2.7852245140820742e-02 5.2479351870715618e-04 3.9453032659366727e-02 0
-2.7852245140820742e-02 5.2479351870715618e-04 4.0901535074226558e-02 0
-2.7852245140820742e-02 5.2479351870715618e-04 4.2350037489086390e-02 0
-2.7852245140820742e-02 5.2479351870715618e-04 4.3798539903946221e-02 0
-2.7852245140820742e-02 5.2479351870715618e-04 4.5247042318806052e-02 0
-2.7852245140820742e-02 5.2479351870715618e-04 4.6695544733665884e-02 0
-2.7852245140820742e-02 2.0210839575156569e-03 3.6556027829647064e-02 0
-2.7852245140820742e-02 2.0210839575156569e-03 3.8004530244506896e-02 0
-2.7852245140820742e-02 2.0210839575156569e-03 3.9453032659366727e-02 0
-2.7852245140820742e-02 2.0210839575156569e-03 4.0901535074226558e-02 0
-2.7852245140820742e-02 2.0210839575156569e-03 4.2350037489086390e-02 0
-2.7852245140820742e-02 2.0210839575156569e-03 4.3798539903946221e-02 0
-2.7852245140820742e-02 2.0210839575156569e-03 4.5247042318806052e-02 0
-2.7852245140820742e-02 2.0210839575156569e-03 4.6695544733665884e-02 0
-2.7852245140820742e-02 3.5173743963241577e-03 3.6556027829647064e-02 0
-2.7852245140820742e-02 3.5173743963241577e-03 3.8004530244506896e-02 0
-2.7852245140820742e-02 3.5173743963241577e-03 3.9453032659366727e-02 0
-2.7852245140820742e-02 3.5173743963241577e-03 4.0901535074226558e-02 0
-2.7852245140820742e-02 3.5173743963241577e-03 4.2350037489086390e-02 0
-2.7852245140820742e-02 3.5173743963241577e-03 4.3798539903946221e-02 0
-2.7852245140820742e-02 3.5173743963241577e-03 4.5247042318806052e-02 0
-2.7852245140820742e-02 3.5173743963241577e-03 4.6695544733665884e-02 0
-2.7852245140820742e-02 5.0136648351326585e-03 3.6556027829647064e-02 0
-2.7852245140820742e-02 5.0136648351326585e-03 3.8004530244506896e-02 0
-2.7852245140820742e-02 5.0136648351326585e-03 3.9453032659366727e-02 0
-2.7852245140820742e-02 5.0136648351326585e-03 4.0901535074226558e-02 0
-2.7852245140820742e-02 5.0136648351326585e-03 4.2350037489086390e-02 0
-2.7852245140820742e-02 5.0136648351326585e-03 4.3798539903946221e-02 0
-2.7852245140820742e-02 5.0136648351326585e-03 4.5247042318806052e-02 0
-2.7852245140820742e-02 5.0136648351326585e-03 4.6695544733665884e-02 0
-2.7852245140820742e-02 6.5099552739411592e-03 3.6556027829647064e-02 0
-2.7852245140820742e-02 6.5099552739411592e-03 3.8004530244506896e-02 0
-2.7852245140820742e-02 6.5099552739411592e-03 3.9453032659366727e-02 0
-2.7852245140820742e-02 6.5099552739411592e-03 4.0901535074226558e-02 0
-2.7852245140820742e-02 6.5099552739411592e-03 4.2350037489086390e-02 0
-2.7852245140820742e-02 6.5099552739411592e-03 4.3798539903946221e-02 0
-2.7852245140820742e-02 6.5099552739411592e-03 4.5247042318806052e-02 0
-2.7852245140820742e-02 6.5099552739411592e-03 4.6695544733665884e-02 0
-2.7852245140820742e-02 8.0062457127496600e-03 3.6556027829647064e-02 0
-2.7852245140820742e-02 8.0062457127496600e-03 3.8004530244506896e-02 0
-2.7852245140820742e-02 8.0062457127496600e-03 3.9453032659366727e-02 0
-2.7852245140820742e-02 8.0062457127496600e-03 4.0901535074226558e-02 0
-2.7852245140820742e-02 8.0062457127496600e-03 4.2350037489086390e-02 0
-2.7852245140820742e-02 8.0062457127496600e-03 4.3798539903946221e-02 0
-2.7852245140820742e-02 8.0062457127496600e-03 4.5247042318806052e-02 0
-2.7852245140820742e-02 8.0062457127496600e-03 4.6695544733665884e-02 0
-2.7852245140820742e-02 9.5025361515581608e-03 3.6556027829647064e-02 0
-2.7852245140820742e-02 9.5025361515581608e-03 3.8004530244506896e-02 0
-2.7852245140820742e-02 9.5025361515581608e-03 3.9453032659366727e-02 0
-2.7852245140820742e-02 9.5025361515581608e-03 4.0901535074226558e-02 0
-2.7852245140820742e-02 9.5025361515581608e-03 4.2350037489086390e-02 0
-2.7852245140820742e-02 9.5025361515581608e-03 4.3798539903946221e-02 0
-2.7852245140820742e-02 9.5025361515581608e-03 4.5247042318806052e-02 0
-2.7852245140820742e-02 9.5025361515581608e-03 4.6695544733665884e-02 0
-2.7852245140820742e-02 1.0998826590366662e-02 3.6556027829647064e-02 0
-2.7852245140820742e-02 1.0998826590366662e-02 3.8004530244506896e-02 0
-2.7852245140820742e-02 1.0998826590366662e-02 3.9453032659366727e-02 0
-2.7852245140820742e-02 1.0998826590366662e-02 4.0901535074226558e-02 0
-2.7852245140820742e-02 1.0998826590366662e-02 4.2350037489086390e-02 0
-2.7852245140820742e-02 1.0998826590366662e-02 4.3798539903946221e-02 0
-2.7852245140820742e-02 1.0998826590366662e-02 4.5247042318806052e-02 0
-2.7852245140820742e-02 1.0998826590366662e-02 4.6695544733665884e-02 0
-2.7852245140820742e-02 1.2495117029175162e-02 3.6556027829647064e-02 0
-2.7852245140820742e-02 1.2495117029175162e-02 3.8004530244506896e-02 0
-2.7852245140820742e-02 1.2495117029175162e-02 3.9453032659366727e-02 0
-2.7852245140820742e-02 1.2495117029175162e-02 4.0901535074226558e-02 0
-2.7852245140820742e-02 1.2495117029175162e-02 4.2350037489086390e-02 0
-2.7852245140820742e-02 1.2495117029175162e-02 4.3798539903946221e-02 0
-2.7852245140820742e-02 1.2495117029175162e-02 4.5247042318806052e-02 0
-2.7852245140820742e-02 1.2495117029175162e-02 4.6695544733665884e-02 0
-2.7852245140820742e-02 1.3991407467983663e-02 3.6556027829647064e-02 0
-2.7852245140820742e-02 1.3991407467983663e-02 3.8004530244506896e-02 0
-2.7852245140820742e-02 1.3991407467983663e-02 3.9453032659366727e-02 0
-2.7852245140820742e-02 1.3991407467983663e-02 4.0901535074226558e-02 0
-2.7852245140820742e-02 1.3991407467983663e-02 4.2350037489086390e-02 0
-2.7852245140820742e-02 1.3991407467983663e-02 4.3798539903946221e-02 0
-2.7852245140820742e-02 1.3991407467983663e-02 4.5247042318806052e-02 0
-2.7852245140820742e-02 1.3991407467983663e-02 4.6695544733665884e-02 0
-2.7852245140820742e-02 1.5487697906792164e-02 3.6556027829647064e-02 0
-2.7852245140820742e-02 1.5487697906792164e-02 3.8004530244506896e-02 0
-2.7852245140820742e-02 1.5487697906792164e-02 3.9453032659366727e-02 0
-2.7852245140820742e-02 1.5487697906792164e-02 4.0901535074226558e-02 0
-2.7852245140820742e-02 1.5487697906792164e-02 4.2350037489086390e-02 0
-2.7852245140820742e-02 1.5487697906792164e-02 4.3798539903946221e-02 0
-2.7852245140820742e-02 1.5487697906792164e-02 4.5247042318806052e-02 0
-2.7852245140820742e-02 1.5487697906792164e-02 4.6695544733665884e-02 0
-2.7852245140820742e-02 1.6983988345600665e-02 3.6556027829647064e-02 0
-2.7852245140820742e-02 1.6983988345600665e-02 3.8004530244506896e-02 0
-2.7852245140820742e-02 1.6983988345600665e-02 3.9453032659366727e-02 0
-2.7852245140820742e-02 1.6983988345600665e-02 4.0901535074226558e-02 0
-2.7852245140820742e-02 1.6983988345600665e-02 4.2350037489086390e-02 0
-2.7852245140820742e-02 1.6983988345600665e-02 4.3798539903946221e-02 0
-2.7852245140820742e-02 1.6983988345600665e-02 4.5247042318806052e-02 0
-2.7852245140820742e-02 1.6983988345600665e-02 4.6695544733665884e-02 0
-2.7852245140820742e-02 1.8480278784409165e-02 3.6556027829647064e-02 0
-2.7852245140820742e-02 1.8480278784409165e-02 3.8004530244506896e-02 0
-2.7852245140820742e-02 1.8480278784409165e-02 3.9453032659366727e-02 0
-2.7852245140820742e-02 1.8480278784409165e-02 4.0901535074226558e-02 0
-2.7852245140820742e-02 1.8480278784409165e-02 4.2350037489086390e-02 0
-2.7852245140820742e-02 1.8480278784409165e-02 4.3798539903946221e-02 0
-2.7852245140820742e-02 1.8480278784409165e-02 4.5247042318806052e-02 0
-2.7852245140820742e-02 1.8480278784409165e-02 4.6695544733665884e-02 0
-2.7852245140820742e-02 1.9976569223217666e-02 3.6556027829647064e-02 0
-2.7852245140820742e-02 1.9976569223217666e-02 3.8004530244506896e-02 0
-2.7852245140820742e-02 1.9976569223217666e-02 3.9453032659366727e-02 0
-2.7852245140820742e-02 1.9976569223217666e-02 4.0901535074226558e-02 0
-2.7852245140820742e-02 1.9976569223217666e-02 4.2350037489086390e-02 0
-2.7852245140820742e-02 1.9976569223217666e-02 4.3798539903946221e-02 0
-2.7852245140820742e-02 1.9976569223217666e-02 4.5247042318806052e-02 0
-2.7852245140820742e-02 1.9976569223217666e-02 4.6695544733665884e-02 0
-2.7852245140820742e-02 2.1472859662026167e-02 3.6556027829647064e-02 0
-2.7852245140820742e-02 2.1472859662026167e-02 3.8004530244506896e-02 0
-2.7852245140820742e-02 2.1472859662026167e-02 3.9453032659366727e-02 0
-2.7852245140820742e-02 2.1472859662026167e-02 4.0901535074226558e-02 0
-2.7852245140820742e-02 2.1472859662026167e-02 4.2350037489086390e-02 0
-2.7852245140820742e-02 2.1472859662026167e-02 4.3798539903946221e-02 0
-2.7852245140820742e-02 2.1472859662026167e-02 4.5247042318806052e-02 0
-2.7852245140820742e-02 2.1472859662026167e-02 4.6695544733665884e-02 0
-2.6368596707470715e-02 -4.4363919645547867e-02 3.6556027829647064e-02 0
-2.6368596707470715e-02 -4.2867629206739366e-02 3.6556027829647064e-02 0
-2.6368596707470715e-02 -4.4363919645547867e-02 3.8004530244506896e-02 0
-2.6368596707470715e-02 -4.2867629206739366e-02 3.8004530244506896e-02 0
-2.6368596707470715e-02 -4.4363919645547867e-02 3.9453032659366727e-02 0
-2.6368596707470715e-02 -4.2867629206739366e-02 3.9453032659366727e-02 0
-2.6368596707470715e-02 -4.4363919645547867e-02 4.0901535074226558e-02 0
-2.6368596707470715e-02 -4.2867629206739366e-02 4.0901535074226558e-02 0
-2.6368596707470715e-02 -4.4363919645547867e-02 4.2350037489086390e-02 0
-2.6368596707470715e-02 -4.2867629206739366e-02 4.2350037489086390e-02 0
-2.6368596707470715e-02 -4.4363919645547867e-02 4.3798539903946221e-02 0
-2.6368596707470715e-02 -4.2867629206739366e-02 4.3798539903946221e-02 0
-2.6368596707470715e-02 -4.4363919645547867e-02 4.5247042318806052e-02 0
-2.6368596707470715e-02 -4.2867629206739366e-02 4.5247042318806052e-02 0
-2.6368596707470715e-02 -4.4363919645547867e-02 4.6695544733665884e-02 0
-2.6368596707470715e-02 -4.2867629206739366e-02 4.6695544733665884e-02 0
-2.6368596707470715e-02 -4.1371338767930865e-02 3.6556027829647064e-02 0
-2.6368596707470715e-02 -4.1371338767930865e-02 3.8004530244506896e-02 0
-2.6368596707470715e-02 -4.1371338767930865e-02 3.9453032659366727e-02 0
-2.6368596707470715e-02 -4.1371338767930865e-02 4.0901535074226558e-02 0
-2.6368596707470715e-02 -4.1371338767930865e-02 4.2350037489086390e-02 0
-2.6368596707470715e-02 -4.1371338767930865e-02 4.3798539903946221e-02 0
-2.6368596707470715e-02 -4.1371338767930865e-02 4.5247042318806052e-02 0
-2.6368596707470715e-02 -4.1371338767930865e-02 4.6695544733665884e-02 0
-2.6368596707470715e-02 -3.9875048329122365e-02 3.6556027829647064e-02 0
-2.6368596707470715e-02 -3.9875048329122365e-02 3.8004530244506896e-02 0
-2.6368596707470715e-02 -3.9875048329122365e-02 3.9453032659366727e-02 0
-2.6368596707470715e-02 -3.9875048329122365e-02 4.0901535074226558e-02 0
-2.6368596707470715e-02 -3.9875048329122365e-02 4.2350037489086390e-02 0
-2.6368596707470715e-02 -3.9875048329122365e-02 4.3798539903946221e-02 0
-2.6368596707470715e-02 -3.9875048329122365e-02 4.5247042318806052e-02 0
-2.6368596707470715e-02 -3.9875048329122365e-02 4.6695544733665884e-02 0
-2.6368596707470715e-02 -3.8378757890313864e-02 3.6556027829647064e-02 0
-2.6368596707470715e-02 -3.8378757890313864e-02 3.8004530244506896e-02 0
-2.6368596707470715e-02 -3.8378757890313864e-02 3.9453032659366727e-02 0
-2.6368596707470715e-02 -3.8378757890313864e-02 4.0901535074226558e-02 0
-2.6368596707470715e-02 -3.8378757890313864e-02 4.2350037489086390e-02 0
-2.6368596707470715e-02 -3.8378757890313864e-02 4.3798539903946221e-02 0
-2.6368596707470715e-02 -3.8378757890313864e-02 4.5247042318806052e-02 0
-2.6368596707470715e-02 -3.8378757890313864e-02 4.6695544733665884e-02 0
-2.6368596707470715e-02 -3.6882467451505363e-02 3.6556027829647064e-02 0
-2.6368596707470715e-02 -3.6882467451505363e-02 3.8004530244506896e-02 0
-2.6368596707470715e-02 -3.6882467451505363e-02 3.9453032659366727e-02 0
-2.6368596707470715e-02 -3.6882467451505363e-02 4.0901535074226558e-02 0
-2.6368596707470715e-02 -3.6882467451505363e-02 4.2350037489086390e-02 0
-2.6368596707470715e-02 -3.6882467451505363e-02 4.3798539903946221e-02 0
-2.6368596707470715e-02 -3.6882467451505363e-02 4.5247042318806052e-02 0
-2.6368596707470715e-02 -3.6882467451505363e-02 4.6695544733665884e-02 0
-2.6368596707470715e-02 -3.5386177012696862e-02 3.6556027829647064e-02 0
-2.6368596707470715e-02 -3.5386177012696862e-02 3.8004530244506896e-02 0
-2.6368596707470715e-02 -3.5386177012696862e-02 3.9453032659366727e-02 0
-2.6368596707470715e-02 -3.5386177012696862e-02 4.0901535074226558e-02 0
-2.6368596707470715e-02 -3.5386177012696862e-02 4.2350037489086390e-02 0
-2.6368596707470715e-02 -3.5386177012696862e-02 4.3798539903946221e-02 0
-2.6368596707470715e-02 -3.5386177012696862e-02 4.5247042318806052e-02 0
-2.6368596707470715e-02 -3.5386177012696862e-02 4.6695544733665884e-02 0
-2.6368596707470715e-02 -3.3889886573888361e-02 3.6556027829647064e-02 0
-2.6368596707470715e-02 -3.3889886573888361e-02 3.8004530244506896e-02 0
-2.6368596707470715e-02 -3.3889886573888361e-02 3.9453032659366727e-02 0
-2.6368596707470715e-02 -3.3889886573888361e-02 4.0901535074226558e-02 0
-2.6368596707470715e-02 -3.3889886573888361e-02 4.2350037489086390e-02 0
-2.6368596707470715e-02 -3.3889886573888361e-02 4.3798539903946221e-02 0
-2.6368596707470715e-02 -3.3889886573888361e-02 4.5247042318806052e-02 0
-2.6368596707470715e-02 -3.3889886573888361e-02 4.6695544733665884e-02 0
-2.6368596707470715e-02 -3.2393596135079861e-02 3.6556027829647064e-02 0
-2.6368596707470715e-02 -3.2393596135079861e-02 3.8004530244506896e-02 0
-2.6368596707470715e-02 -3.2393596135079861e-02 3.9453032659366727e-02 0
-2.6368596707470715e-02 -3.2393596135079861e-02 4.0901535074226558e-02 0
-2.6368596707470715e-02 -3.2393596135079861e-02 4.2350037489086390e-02 0
-2.6368596707470715e-02 -3.2393596135079861e-02 4.3798539903946221e-02 0
-2.6368596707470715e-02 -3.2393596135079861e-02 4.5247042318806052e-02 0
-2.6368596707470715e-02 -3.2393596135079861e-02 4.6695544733665884e-02 0
-2.6368596707470715e-02 -3.0897305696271360e-02 3.6556027829647064e-02 0
-2.6368596707470715e-02 -3.0897305696271360e-02 3.8004530244506896e-02 0
-2.6368596707470715e-02 -3.0897305696271360e-02 3.9453032659366727e-02 0
-2.6368596707470715e-02 -3.0897305696271360e-02 4.0901535074226558e-02 0
-2.6368596707470715e-02 -3.0897305696271360e-02 4.2350037489086390e-02 0
-2.6368596707470715e-02 -3.0897305696271360e-02 4.3798539903946221e-02 0
-2.6368596707470715e-02 -3.0897305696271360e-02 4.5247042318806052e-02 0
-2.6368596707470715e-02 -3.0897305696271360e-02 4.6695544733665884e-02 0
-2.6368596707470715e-02 -2.9401015257462859e-02 3.6556027829647064e-02 0
-2.6368596707470715e-02 -2.9401015257462859e-02 3.8004530244506896e-02 0
-2.6368596707470715e-02 -2.9401015257462859e-02 3.9453032659366727e-02 0
-2.6368596707470715e-02 -2.9401015257462859e-02 4.0901535074226558e-02 0
-2.6368596707470715e-02 -2.9401015257462859e-02 4.2350037489086390e-02 0
-2.6368596707470715e-02 -2.9401015257462859e-02 4.3798539903946221e-02 0
-2.6368596707470715e-02 -2.9401015257462859e-02 4.5247042318806052e-02 0
-2.6368596707470715e-02 -2.9401015257462859e-02 4.6695544733665884e-02 0
-2.6368596707470715e-02 -2.7904724818654358e-02 3.6556027829647064e-02 0
-2.6368596707470715e-02 -2.7904724818654358e-02 3.8004530244506896e-02 0
-2.6368596707470715e-02 -2.7904724818654358e-02 3.9453032659366727e-02 0
-2.6368596707470715e-02 -2.7904724818654358e-02 4.0901535074226558e-02 0
-2.6368596707470715e-02 -2.7904724818654358e-02 4.2350037489086390e-02 0
-2.6368596707470715e-02 -2.7904724818654358e-02 4.3798539903946221e-02 0
-2.6368596707470715e-02 -2.7904724818654358e-02 4.5247042318806052e-02 0
-2.6368596707470715e-02 -2.7904724818654358e-02 4.6695544733665884e-02 0
-2.6368596707470715e-02 -2.6408434379845858e-02 3.6556027829647064e-02 0
-2.6368596707470715e-02 -2.6408434379845858e-02 3.8004530244506896e-02 0
-2.6368596707470715e-02 -2.6408434379845858e-02 3.9453032659366727e-02 0
-2.6368596707470715e-02 -2.6408434379845858e-02 4.0901535074226558e-02 0
-2.6368596707470715e-02 -2.6408434379845858e-02 4.2350037489086390e-02 0
-2.6368596707470715e-02 -2.6408434379845858e-02 4.3798539903946221e-02 0
-2.6368596707470715e-02 -2.6408434379845858e-02 4.5247042318806052e-02 0
-2.6368596707470715e-02 -2.6408434379845858e-02 4.6695544733665884e-02 0
-2.6368596707470715e-02 -2.4912143941037357e-02 3.6556027829647064e-02 0
-2.6368596707470715e-02 -2.4912143941037357e-02 3.8004530244506896e-02 0
-2.6368596707470715e-02 -2.4912143941037357e-02 3.9453032659366727e-02 0
-2.6368596707470715e-02 -2.4912143941037357e-02 4.0901535074226558e-02 0
-2.6368596707470715e-02 -2.4912143941037357e-02 4.2350037489086390e-02 0
-2.6368596707470715e-02 -2.4912143941037357e-02 4.3798539903946221e-02 0
-2.6368596707470715e-02 -2.4912143941037357e-02 4.5247042318806052e-02 0
-2.6368596707470715e-02 -2.4912143941037357e-02 4.6695544733665884e-02 0
-2.6368596707470715e-02 -2.3415853502228856e-02 3.6556027829647064e-02 0
-2.6368596707470715e-02 -2.3415853502228856e-02 3.8004530244506896e-02 0
-2.6368596707470715e-02 -2.3415853502228856e-02 3.9453032659366727e-02 0
-2.6368596707470715e-02 -2.3415853502228856e-02 4.0901535074226558e-02 0
-2.6368596707470715e-02 -2.3415853502228856e-02 4.2350037489086390e-02 0
-2.6368596707470715e-02 -2.3415853502228856e-02 4.3798539903946221e-02 0
-2.6368596707470715e-02 -2.3415853502228856e-02 4.5247042318806052e-02 0
-2.6368596707470715e-02 -2.3415853502228856e-02 4.6695544733665884e-02 0
-2.6368596707470715e-02 -2.1919563063420355e-02 3.6556027829647064e-02 0
-2.6368596707470715e-02 -2.1919563063420355e-02 3.8004530244506896e-02 0
-2.6368596707470715e-02 -2.1919563063420355e-02 3.9453032659366727e-02 0
-2.6368596707470715e-02 -2.1919563063420355e-02 4.0901535074226558e-02 0
-2.6368596707470715e-02 -2.1919563063420355e-02 4.2350037489086390e-02 0
-2.6368596707470715e-02 -2.1919563063420355e-02 4.3798539903946221e-02 0
-2.6368596707470715e-02 -2.1919563063420355e-02 4.5247042318806052e-02 0
-2.6368596707470715e-02 -2.1919563063420355e-02 4.6695544733665884e-02 0
-2.6368596707470715e-02 -2.0423272624611855e-02 3.6556027829647064e-02 0
-2.6368596707470715e-02 -2.0423272624611855e-02 3.8004530244506896e-02 0
-2.6368596707470715e-02 -2.0423272624611855e-02 3.9453032659366727e-02 0
-2.6368596707470715e-02 -2.0423272624611855e-02 4.0901535074226558e-02 0
-2.6368596707470715e-02 -2.0423272624611855e-02 4.2350037489086390e-02 0
-2.6368596707470715e-02 -2.0423272624611855e-02 4.3798539903946221e-02 0
-2.6368596707470715e-02 -2.0423272624611855e-02 4.5247042318806052e-02 0
-2.6368596707470715e-02 -2.0423272624611855e-02 4.6695544733665884e-02 0
-2.6368596707470715e-02 -1.8926982185803354e-02 3.6556027829647064e-02 0
-2.6368596707470715e-02 -1.8926982185803354e-02 3.8004530244506896e-02 0
-2.6368596707470715e-02 -1.8926982185803354e-02 3.9453032659366727e-02 0
-2.6368596707470715e-02 -1.8926982185803354e-02 4.0901535074226558e-02 0
-2.6368596707470715e-02 -1.8926982185803354e-02 4.2350037489086390e-02 0
-2.6368596707470715e-02 -1.8926982185803354e-02 4.3798539903946221e-02 0
-2.6368596707470715e-02 -1.8926982185803354e-02 4.5247042318806052e-02 0
-2.6368596707470715e-02 -1.8926982185803354e-02 4.6695544733665884e-02 0
-2.6368596707470715e-02 -1.7430691746994853e-02 3.6556027829647064e-02 0
-2.6368596707470715e-02 -1.7430691746994853e-02 3.8004530244506896e-02 0
-2.6368596707470715e-02 -1.7430691746994853e-02 3.9453032659366727e-02 0
-2.6368596707470715e-02 -1.7430691746994853e-02 4.0901535074226558e-02 0
-2.6368596707470715e-02 -1.7430691746994853e-02 4.2350037489086390e-02 0
-2.6368596707470715e-02 -1.7430691746994853e-02 4.3798539903946221e-02 0
-2.6368596707470715e-02 -1.7430691746994853e-02 4.5247042318806052e-02 0
-2.6368596707470715e-02 -1.7430691746994853e-02 4.6695544733665884e-02 0
-2.6368596707470715e-02 -1.5934401308186352e-02 3.6556027829647064e-02 0
-2.6368596707470715e-02 -1.5934401308186352e-02 3.8004530244506896e-02 0
-2.6368596707470715e-02 -1.5934401308186352e-02 3.9453032659366727e-02 0
-2.6368596707470715e-02 -1.5934401308186352e-02 4.0901535074226558e-02 0
-2.6368596707470715e-02 -1.5934401308186352e-02 4.2350037489086390e-02 0
-2.6368596707470715e-02 -1.5934401308186352e-02 4.3798539903946221e-02 0
-2.6368596707470715e-02 -1.5934401308186352e-02 4.5247042318806052e-02 0
-2.6368596707470715e-02 -1.5934401308186352e-02 4.6695544733665884e-02 0
-2.6368596707470715e-02 -1.4438110869377851e-02 3.6556027829647064e-02 0
-2.6368596707470715e-02 -1.4438110869377851e-02 3.8004530244506896e-02 0
-2.6368596707470715e-02 -1.4438110869377851e-02 3.9453032659366727e-02 0
-2.6368596707470715e-02 -1.4438110869377851e-02 4.0901535074226558e-02 0
-2.6368596707470715e-02 -1.4438110869377851e-02 4.2350037489086390e-02 0
-2.6368596707470715e-02 -1.4438110869377851e-02 4.3798539903946221e-02 0
-2.6368596707470715e-02 -1.4438110869377851e-02 4.5247042318806052e-02 0
-2.6368596707470715e-02 -1.4438110869377851e-02 4.6695544733665884e-02 0
-2.6368596707470715e-02 -1.2941820430569351e-02 3.6556027829647064e-02 0
-2.6368596707470715e-02 -1.2941820430569351e-02 3.8004530244506896e-02 0
-2.6368596707470715e-02 -1.2941820430569351e-02 3.9453032659366727e-02 0
-2.6368596707470715e-02 -1.2941820430569351e-02 4.0901535074226558e-02 0
-2.6368596707470715e-02 -1.2941820430569351e-02 4.2350037489086390e-02 0
-2.6368596707470715e-02 -1.2941820430569351e-02 4.3798539903946221e-02 0
-2.6368596707470715e-02 -1.2941820430569351e-02 4.5247042318806052e-02 0
-2.6368596707470715e-02 -1.2941820430569351e-02 4.6695544733665884e-02 0
-2.6368596707470715e-02 -1.1445529991760850e-02 3.6556027829647064e-02 0
-2.6368596707470715e-02 -1.1445529991760850e-02 3.8004530244506896e-02 0
-2.6368596707470715e-02 -1.1445529991760850e-02 3.9453032659366727e-02 0
-2.6368596707470715e-02 -1.1445529991760850e-02 4.0901535074226558e-02 0
-2.6368596707470715e-02 -1.1445529991760850e-02 4.2350037489086390e-02 0
-2.6368596707470715e-02 -1.1445529991760850e-02 4.3798539903946221e-02 0
-2.6368596707470715e-02 -1.1445529991760850e-02 4.5247042318806052e-02 0
-2.6368596707470715e-02 -1.1445529991760850e-02 4.6695544733665884e-02 0
-2.6368596707470715e-02 -9.9492395529523492e-03 3.6556027829647064e-02 0
-2.6368596707470715e-02 -9.9492395529523492e-03 3.8004530244506896e-02 0
-2.6368596707470715e-02 -9.9492395529523492e-03 3.9453032659366727e-02 0
-2.6368596707470715e-02 -9.9492395529523492e-03 4.0901535074226558e-02 0
-2.6368596707470715e-02 -9.9492395529523492e-03 4.2350037489086390e-02 0
-2.6368596707470715e-02 -9.9492395529523492e-03 4.3798539903946221e-02 0
-2.6368596707470715e-02 -9.9492395529523492e-03 4.5247042318806052e-02 0
-2.6368596707470715e-02 -9.9492395529523492e-03 4.6695544733665884e-02 0
-2.6368596707470715e-02 -8.4529491141438484e-03 3.6556027829647064e-02 0
-2.6368596707470715e-02 -8.4529491141438484e-03 3.8004530244506896e-02 0
-2.6368596707470715e-02 -8.4529491141438484e-03 3.9453032659366727e-02 0
-2.6368596707470715e-02 -8.4529491141438484e-03 4.0901535074226558e-02 0
-2.6368596707470715e-02 -8.4529491141438484e-03 4.2350037489086390e-02 0
-2.6368596707470715e-02 -8.4529491141438484e-03 4.3798539903946221e-02 0
-2.6368596707470715e-02 -8.4529491141438484e-03 4.5247042318806052e-02 0
-2.6368596707470715e-02 -8.4529491141438484e-03 4.6695544733665884e-02 0
-2.6368596707470715e-02 -6.9566586753353477e-03 3.6556027829647064e-02 0
-2.6368596707470715e-02 -6.9566586753353477e-03 3.8004530244506896e-02 0
-2.6368596707470715e-02 -6.9566586753353477e-03 3.9453032659366727e-02 0
-2.6368596707470715e-02 -6.9566586753353477e-03 4.0901535074226558e-02 0
-2.6368596707470715e-02 -6.9566586753353477e-03 4.2350037489086390e-02 0
-2.6368596707470715e-02 -6.9566586753353477e-03 4.3798539903946221e-02 0
-2.6368596707470715e-02 -6.9566586753353477e-03 4.5247042318806052e-02 0
-2.6368596707470715e-02 -6.9566586753353477e-03 4.6695544733665884e-02 0
-2.6368596707470715e-02 -5.4603682365268469e-03 3.6556027829647064e-02 0
-2.6368596707470715e-02 -5.4603682365268469e-03 3.8004530244506896e-02 0
-2.6368596707470715e-02 -5.4603682365268469e-03 3.9453032659366727e-02 0
-2.6368596707470715e-02 -5.4603682365268469e-03 4.0901535074226558e-02 0
-2.6368596707470715e-02 -5.4603682365268469e-03 4.2350037489086390e-02 0
-2.6368596707470715e-02 -5.4603682365268469e-03 4.3798539903946221e-02 0
-2.6368596707470715e-02 -5.4603682365268469e-03 4.5247042318806052e-02 0
-2.6368596707470715e-02 -5.4603682365268469e-03 4.6695544733665884e-02 0
-2.6368596707470715e-02 -3.9640777977183461e-03 3.6556027829647064e-02 0
-2.6368596707470715e-02 -3.9640777977183461e-03 3.8004530244506896e-02 0
-2.6368596707470715e-02 -3.9640777977183461e-03 3.9453032659366727e-02 0
-2.6368596707470715e-02 -3.9640777977183461e-03 4.0901535074226558e-02 0
-2.6368596707470715e-02 -3.9640777977183461e-03 4.2350037489086390e-02 0
-2.6368596707470715e-02 -3.9640777977183461e-03 4.3798539903946221e-02 0
-2.6368596707470715e-02 -3.9640777977183461e-03 4.5247042318806052e-02 0
-2.6368596707470715e-02 -3.9640777977183461e-03 4.6695544733665884e-02 0
-2.6368596707470715e-02 -2.4677873589098454e-03 3.6556027829647064e-02 0
-2.6368596707470715e-02 -2.4677873589098454e-03 3.8004530244506896e-02 0
-2.6368596707470715e-02 -2.4677873589098454e-03 3.9453032659366727e-02 0
-2.6368596707470715e-02 -2.4677873589098454e-03 4.0901535074226558e-02 0
-2.6368596707470715e-02 -2.4677873589098454e-03 4.2350037489086390e-02 0
-2.6368596707470715e-02 -2.4677873589098454e-03 4.3798539903946221e-02 0
-2.6368596707470715e-02 -2.4677873589098454e-03 4.5247042318806052e-02 0
-2.6368596707470715e-02 -2.4677873589098454e-03 4.6695544733665884e-02 0
-2.6368596707470715e-02 -9.7149692010134459e-04 3.6556027829647064e-02 0
-2.6368596707470715e-02 -9.7149692010134459e-04 3.8004530244506896e-02 0
-2.6368596707470715e-02 -9.7149692010134459e-04 3.9453032659366727e-02 0
-2.6368596707470715e-02 -9.7149692010134459e-04 4.0901535074226558e-02 0
-2.6368596707470715e-02 -9.7149692010134459e-04 4.2350037489086390e-02 0
-2.6368596707470715e-02 -9.7149692010134459e-04 4.3798539903946221e-02 0
-2.6368596707470715e-02 -9.7149692010134459e-04 4.5247042318806052e-02 0
-2.6368596707470715e-02 -9.7149692010134459e-04 4.6695544733665884e-02 0
-2.6368596707470715e-02 5.2479351870715618e-04 3.6556027829647064e-02 0
-2.6368596707470715e-02 5.2479351870715618e-04 3.8004530244506896e-02 0
-2.6368596707470715e-02 5.2479351870715618e-04 3.9453032659366727e-02 0
-2.6368596707470715e-02 5.2479351870715618e-04 4.0901535074226558e-02 0
-2.6368596707470715e-02 5.2479351870715618e-04 4.2350037489086390e-02 0
-2.6368596707470715e-02 5.2479351870715618e-04 4.3798539903946221e-02 0
-2.6368596707470715e-02 5.2479351870715618e-04 4.5247042318806052e-02 0
-2.6368596707470715e-02 5.2479351870715618e-04 4.6695544733665884e-02 0
-2.6368596707470715e-02 2.0210839575156569e-03 3.6556027829647064e-02 0
-2.6368596707470715e-02 2.0210839575156569e-03 3.8004530244506896e-02 0
-2.6368596707470715e-02 2.0210839575156569e-03 3.9453032659366727e-02 0
-2.6368596707470715e-02 2.0210839575156569e-03 4.0901535074226558e-02 0
-2.6368596707470715e-02 2.0210839575156569e-03 4.2350037489086390e-02 0
-2.6368596707470715e-02 2.0210839575156569e-03 4.3798539903946221e-02 0
-2.6368596707470715e-02 2.0210839575156569e-03 4.5247042318806052e-02 0
-2.6368596707470715e-02 2.0210839575156569e-03 4.6695544733665884e-02 0
-2.6368596707470715e-02 3.5173743963241577e-03 3.6556027829647064e-02 0
-2.6368596707470715e-02 3.5173743963241577e-03 3.8004530244506896e-02 0
-2.6368596707470715e-02 3.5173743963241577e-03 3.9453032659366727e-02 0
-2.6368596707470715e-02 3.5173743963241577e-03 4.0901535074226558e-02 0
-2.6368596707470715e-02 3.5173743963241577e-03 4.2350037489086390e-02 0
-2.6368596707470715e-02 3.5173743963241577e-03 4.3798539903946221e-02 0
-2.6368596707470715e-02 3.5173743963241577e-03 4.5247042318806052e-02 0
-2.6368596707470715e-02 3.5173743963241577e-03 4.6695544733665884e-02 0
-2.6368596707470715e-02 5.0136648351326585e-03 3.6556027829647064e-02 0
-2.6368596707470715e-02 5.0136648351326585e-03 3.8004530244506896e-02 0
-2.6368596707470715e-02 5.0136648351326585e-03 3.9453032659366727e-02 0
-2.6368596707470715e-02 5.0136648351326585e-03 4.0901535074226558e-02 0
-2.6368596707470715e-02 5.0136648351326585e-03 4.2350037489086390e-02 0
-2.6368596707470715e-02 5.0136648351326585e-03 4.3798539903946221e-02 0
-2.6368596707470715e-02 5.0136648351326585e-03 4.5247042318806052e-02 0
-2.6368596707470715e-02 5.0136648351326585e-03 4.6695544733665884e-02 0
-2.6368596707470715e-02 6.5099552739411592e-03 3.6556027829647064e-02 0
-2.6368596707470715e-02 6.5099552739411592e-03 3.8004530244506896e-02 0
-2.6368596707470715e-02 6.5099552739411592e-03 3.9453032659366727e-02 0
-2.6368596707470715e-02 6.5099552739411592e-03 4.0901535074226558e-02 0
-2.6368596707470715e-02 6.5099552739411592e-03 4.2350037489086390e-02 0
-2.6368596707470715e-02 6.5099552739411592e-03 4.3798539903946221e-02 0
-2.6368596707470715e-02 6.5099552739411592e-03 4.5247042318806052e-02 0
-2.6368596707470715e-02 6.5099552739411592e-03 4.6695544733665884e-02 0
-2.6368596707470715e-02 8.0062457127496600e-03 3.6556027829647064e-02 0
-2.6368596707470715e-02 8.0062457127496600e-03 3.8004530244506896e-02 0
-2.6368596707470715e-02 8.0062457127496600e-03 3.9453032659366727e-02 0
-2.6368596707470715e-02 8.0062457127496600e-03 4.0901535074226558e-02 0
-2.6368596707470715e-02 8.0062457127496600e-03 4.2350037489086390e-02 0
-2.6368596707470715e-02 8.0062457127496600e-03 4.3798539903946221e-02 0
-2.6368596707470715e-02 8.0062457127496600e-03 4.5247042318806052e-02 0
-2.6368596707470715e-02 8.0062457127496600e-03 4.6695544733665884e-02 0
-2.6368596707470715e-02 9.5025361515581608e-03 3.6556027829647064e-02 0
-2.6368596707470715e-02 9.5025361515581608e-03 3.8004530244506896e-02 0
-2.6368596707470715e-02 9.5025361515581608e-03 3.9453032659366727e-02 0
-2.6368596707470715e-02 9.5025361515581608e-03 4.0901535074226558e-02 0
-2.6368596707470715e-02 9.5025361515581608e-03 4.2350037489086390e-02 0
-2.6368596707470715e-02 9.5025361515581608e-03 4.3798539903946221e-02 0
-2.6368596707470715e-02 9.5025361515581608e-03 4.5247042318806052e-02 0
-2.6368596707470715e-02 9.5025361515581608e-03 4.6695544733665884e-02 0
-2.6368596707470715e-02 1.0998826590366662e-02 3.6556027829647064e-02 0
-2.6368596707470715e-02 1.0998826590366662e-02 3.8004530244506896e-02 0
-2.6368596707470715e-02 1.0998826590366662e-02 3.9453032659366727e-02 0
-2.6368596707470715e-02 1.0998826590366662e-02 4.0901535074226558e-02 0
-2.6368596707470715e-02 1.0998826590366662e-02 4.2350037489086390e-02 0
-2.6368596707470715e-02 1.0998826590366662e-02 4.3798539903946221e-02 0
-2.6368596707470715e-02 1.0998826590366662e-02 4.5247042318806052e-02 0
-2.6368596707470715e-02 1.0998826590366662e-02 4.6695544733665884e-02 0
-2.6368596707470715e-02 1.2495117029175162e-02 3.6556027829647064e-02 0
-2.6368596707470715e-02 1.2495117029175162e-02 3.8004530244506896e-02 0
-2.6368596707470715e-02 1.2495117029175162e-02 3.9453032659366727e-02 0
-2.6368596707470715e-02 1.2495117029175162e-02 4.0901535074226558e-02 0
-2.6368596707470715e-02 1.2495117029175162e-02 4.2350037489086390e-02 0
-2.6368596707470715e-02 1.2495117029175162e-02 4.3798539903946221e-02 0
-2.6368596707470715e-02 1.2495117029175162e-02 4.5247042318806052e-02 0
-2.6368596707470715e-02 1.2495117029175162e-02 4.6695544733665884e-02 0
-2.6368596707470715e-02 1.3991407467983663e-02 3.6556027829647064e-02 0
-2.6368596707470715e-02 1.3991407467983663e-02 3.8004530244506896e-02 0
-2.6368596707470715e-02 1.3991407467983663e-02 3.9453032659366727e-02 0
-2.6368596707470715e-02 1.3991407467983663e-02 4.0901535074226558e-02 0
-2.6368596707470715e-02 1.3991407467983663e-02 4.2350037489086390e-02 0
-2.6368596707470715e-02 1.3991407467983663e-02 4.3798539903946221e-02 0
-2.6368596707470715e-02 1.3991407467983663e-02 4.5247042318806052e-02 0
-2.6368596707470715e-02 1.3991407467983663e-02 4.6695544733665884e-02 0
-2.6368596707470715e-02 1.5487697906792164e-02 3.6556027829647064e-02 0
-2.6368596707470715e-02 1.5487697906792164e-02 3.8004530244506896e-02 0
-2.6368596707470715e-02 1.5487697906792164e-02 3.9453032659366727e-02 0
-2.6368596707470715e-02 1.5487697906792164e-02 4.0901535074226558e-02 0
-2.6368596707470715e-02 1.5487697906792164e-02 4.2350037489086390e-02 0
-2.6368596707470715e-02 1.5487697906792164e-02 4.3798539903946221e-02 0
-2.6368596707470715e-02 1.5487697906792164e-02 4.5247042318806052e-02 0
-2.6368596707470715e-02 1.5487697906792164e-02 4.6695544733665884e-02 0
-2.6368596707470715e-02 1.6983988345600665e-02 3.6556027829647064e-02 0
-2.6368596707470715e-02 1.6983988345600665e-02 3.8004530244506896e-02 0
-2.6368596707470715e-02 1.6983988345600665e-02 3.9453032659366727e-02 0
-2.6368596707470715e-02 1.6983988345600665e-02 4.0901535074226558e-02 0
-2.6368596707470715e-02 1.6983988345600665e-02 4.2350037489086390e-02 0
-2.6368596707470715e-02 1.6983988345600665e-02 4.3798539903946221e-02 0
-2.6368596707470715e-02 1.6983988345600665e-02 4.5247042318806052e-02 0
-2.6368596707470715e-02 1.6983988345600665e-02 4.6695544733665884e-02 0
-2.6368596707470715e-02 1.8480278784409165e-02 3.6556027829647064e-02 0
-2.6368596707470715e-02 1.8480278784409165e-02 3.8004530244506896e-02 0
-2.6368596707470715e-02 1.8480278784409165e-02 3.9453032659366727e-02 0
-2.6368596707470715e-02 1.8480278784409165e-02 4.0901535074226558e-02 0
-2.6368596707470715e-02 1.8480278784409165e-02 4.2350037489086390e-02 0
-2.6368596707470715e-02 1.8480278784409165e-02 4.3798539903946221e-02 0
-2.6368596707470715e-02 1.8480278784409165e-02 4.5247042318806052e-02 0
-2.6368596707470715e-02 1.8480278784409165e-02 4.6695544733665884e-02 0
-2.6368596707470715e-02 1.9976569223217666e-02 3.6556027829647064e-02 0
-2.6368596707470715e-02 1.9976569223217666e-02 3.8004530244506896e-02 0
-2.6368596707470715e-02 1.9976569223217666e-02 3.9453032659366727e-02 0
-2.6368596707470715e-02 1.9976569223217666e-02 4.0901535074226558e-02 0
-2.6368596707470715e-02 1.9976569223217666e-02 4.2350037489086390e-02 0
-2.6368596707470715e-02 1.9976569223217666e-02 4.3798539903946221e-02 0
-2.6368596707470715e-02 1.9976569223217666e-02 4.5247042318806052e-02 0
-2.6368596707470715e-02 1.9976569223217666e-02 4.6695544733665884e-02 0
-2.6368596707470715e-02 2.1472859662026167e-02 3.6556027829647064e-02 0
-2.6368596707470715e-02 2.1472859662026167e-02 3.8004530244506896e-02 0
-2.6368596707470715e-02 2.1472859662026167e-02 3.9453032659366727e-02 0
-2.6368596707470715e-02 2.1472859662026167e-02 4.0901535074226558e-02 0
-2.6368596707470715e-02 2.1472859662026167e-02 4.2350037489086390e-02 0
-2.6368596707470715e-02 2.1472859662026167e-02 4.3798539903946221e-02 0
-2.6368596707470715e-02 2.1472859662026167e-02 4.5247042318806052e-02 0
-2.6368596707470715e-02 2.1472859662026167e-02 4.6695544733665884e-02 0

Hexahedra
7092
1 2 3 4 5 6 7 8 19
5 6 7 8 9 10 11 12 20
9 10 11 12 13 14 15 16 20
13 14 15 16 17 18 19 20 20
17 18 19 20 21 22 23 24 19
21 22 23 24 25 26 27 28 19
25 26 27 28 29 30 31 32 19
4 3 33 34 8 7 35 36 19
8 7 35 36 12 11 37 38 20
12 11 37 38 16 15 39 40 20
16 15 39 40 20 19 41 42 20
20 19 41 42 24 23 43 44 19
24 23 43 44 28 27 45 46 19
28 27 45 46 32 31 47 48 19
34 33 49 50 36 35 51 52 19
36 35 51 52 38 37 53 54 20
38 37 53 54 40 39 55 56 20
40 39 55 56 42 41 57 58 20
42 41 57 58 44 43 59 60 19
44 43 59 60 46 45 61 62 19
46 45 61 62 48 47 63 64 19
50 49 65 66 52 51 67 68 19
52 51 67 68 54 53 69 70 20
54 53 69 70 56 55 71 72 20
56 55 71 72 58 57 73 74 20
58 57 73 74 60 59 75 76 19
60 59 75 76 62 61 77 78 19
62 61 77 78 64 63 79 80 19
66 65 81 82 68 67 83 84 19
68 67 83 84 70 69 85 86 20
70 69 85 86 72 71 87 88 20
72 71 87 88 74 73 89 90 20
74 73 89 90 76 75 91 92 19
76 75 91 92 78 77 93 94 19
78 77 93 94 80 79 95 96 19
82 81 97 98 84 83 99 100 19
84 83 99 100 86 85 101 102 20
86 85 101 102 88 87 103 104 20
88 87 103 104 90 89 105 106 20
90 89 105 106 92 91 107 108 19
92 91 107 108 94 93 109 110 19
94 93 109 110 96 95 111 112 19
98 97 113 114 100 99 115 116 19
100 99 115 116 102 101 117 118 20
102 101 117 118 104 103 119 120 20
104 103 119 120 106 105 121 122 20
106 105 121 122 108 107 123 124 19
108 107 123 124 110 109 125 126 19
110 109 125 126 112 111 127 128 19
114 113 129 130 116 115 131 132 19
116 115 131 132 118 117 133 134 20
118 117 133 134 120 119 135 136 20
120 119 135 136 122 121 137 138 20
122 121 137 138 124 123 139 140 19
124 123 139 140 126 125 141 142 19
126 125 141 142 128 127 143 144 19
130 129 145 146 132 131 147 148 19
132 131 147 148 134 133 149 150 20
134 133 149 150 136 135 151 152 20
136 135 151 152 138 137 153 154 20
138 137 153 154 140 139 155 156 19
140 139 155 156 142 141 157 158 19
142 141 157 158 144 143 159 160 19
146 145 161 162 148 147 163 164 19
148 147 163 164 150 149 165 166 20
150 149 165 166 152 151 167 168 20
152 151 167 168 154 153 169 170 20
154 153 169 170 156 155 171 172 19
156 155 171 172 158 157 173 174 19
158 157 173 174 160 159 175 176 19
162 161 177 178 164 163 179 180 19
164 163 179 180 166 165 181 182 20
166 165 181 182 168 167 183 184 20
168 167 183 184 170 169 185 186 20
170 169 185 186 172 171 187 188 19
172 171 187 188 174 173 189 190 19
174 173 189 190 176 175 191 192 19
178 177 193 194 180 179 195 196 19
180 179 195 196 182 181 197 198 20
182 181 197 198 184 183 199 200 20
184 183 199 200 186 185 201 202 20
186 185 201 202 188 187 203 204 19
188 187 203 204 190 189 205 206 19
190 189 205 206 192 191 207 208 19
194 193 209 210 196 195 211 212 19
196 195 211 212 198 197 213 214 19
198 197 213 214 200 199 215 216 19
200 199 215 216 202 201 217 218 19
202 201 217 218 204 203 219 220 19
204 203 219 220 206 205 221 222 19
206 205 221 222 208 207 223 224 19
210 209 225 226 212 211 227 228 19
212 211 227 228 214 213 229 230 19
214 213 229 230 216 215 231 232 19
216 215 231 232 218 217 233 234 19
218 217 233 234 220 219 235 236 19
220 219 235 236 222 221 237 238 19
222 221 237 238 224 223 239 240 19
226 225 241 242 228 227 243 244 19
228 227 243 244 230 229 245 246 19
230 229 245 246 232 231 247 248 19
232 231 247 248 234 233 249 250 19
234 233 249 250 236 235 251 252 19
236 235 251 252 238 237 253 254 19
238 237 253 254 240 239 255 256 19
242 241 257 258 244 243 259 260 19
244 243 259 260 246 245 261 262 19
246 245 261 262 248 247 263 264 19
248 247 263 264 250 249 265 266 19
250 249 265 266 252 251 267 268 19
252 251 267 268 254 253 269 270 19
254 253 269 270 256 255 271 272 19
258 257 273 274 260 259 275 276 19
260 259 275 276 262 261 277 278 19
262 261 277 278 264 263 279 280 19
264 263 279 280 266 265 281 282 19
266 265 281 282 268 267 283 284 19
268 267 283 284 270 269 285 286 19
270 269 285 286 272 271 287 288 19
274 273 289 290 276 275 291 292 19
276 275 291 292 278 277 293 294 19
278 277 293 294 280 279 295 296 19
280 279 295 296 282 281 297 298 19
282 281 297 298 284 283 299 300 19
284 283 299 300 286 285 301 302 19
286 285 301 302 288 287 303 304 19
290 289 305 306 292 291 307 308 19
292 291 307 308 294 293 309 310 19
294 293 309 310 296 295 311 312 19
296 295 311 312 298 297 313 314 19
298 297 313 314 300 299 315 316 19
300 299 315 316 302 301 317 318 19
302 301 317 318 304 303 319 320 19
306 305 321 322 308 307 323 324 19
308 307 323 324 310 309 325 326 19
310 309 325 326 312 311 327 328 19
312 311 327 328 314 313 329 330 19
314 313 329 330 316 315 331 332 19
316 315 331 332 318 317 333 334 19
318 317 333 334 320 319 335 336 19
322 321 337 338 324 323 339 340 19
324 323 339 340 326 325 341 342 19
326 325 341 342 328 327 343 344 19
328 327 343 344 330 329 345 346 19
330 329 345 346 332 331 347 348 19
332 331 347 348 334 333 349 350 19
334 333 349 350 336 335 351 352 19
338 337 353 354 340 339 355 356 19
340 339 355 356 342 341 357 358 19
342 341 357 358 344 343 359 360 19
344 343 359 360 346 345 361 362 19
346 345 361 362 348 347 363 364 19
348 347 363 364 350 349 365 366 19
350 349 365 366 352 351 367 368 19
354 353 369 370 356 355 371 372 19
356 355 371 372 358 357 373 374 19
358 357 373 374 360 359 375 376 19
360 359 375 376 362 361 377 378 19
362 361 377 378 364 363 379 380 19
364 363 379 380 366 365 381 382 19
366 365 381 382 368 367 383 384 19
370 369 385 386 372 371 387 388 19
372 371 387 388 374 373 389 390 19
374 373 389 390 376 375 391 392 19
376 375 391 392 378 377 393 394 19
378 377 393 394 380 379 395 396 19
380 379 395 396 382 381 397 398 19
382 381 397 398 384 383 399 400 19
386 385 401 402 388 387 403 404 19
388 387 403 404 390 389 405 406 19
390 389 405 406 392 391 407 408 19
392 391 407 408 394 393 409 410 19
394 393 409 410 396 395 411 412 19
396 395 411 412 398 397 413 414 19
398 397 413 414 400 399 415 416 19
402 401 417 418 404 403 419 420 19
404 403 419 420 406 405 421 422 19
406 405 421 422 408 407 423 424 19
408 407 423 424 410 409 425 426 19
410 409 425 426 412 411 427 428 19
412 411 427 428 414 413 429 430 19
414 413 429 430 416 415 431 432 19
418 417 433 434 420 419 435 436 19
420 419 435 436 422 421 437 438 19
422 421 437 438 424 423 439 440 19
424 423 439 440 426 425 441 442 19
426 425 441 442 428 427 443 444 19
428 427 443 444 430 429 445 446 19
430 429 445 446 432 431 447 448 19
434 433 449 450 436 435 451 452 19
436 435 451 452 438 437 453 454 19
438 437 453 454 440 439 455 456 19
440 439 455 456 442 441 457 458 19
442 441 457 458 444 443 459 460 19
444 443 459 460 446 445 461 462 19
446 445 461 462 448 447 463 464 19
450 449 465 466 452 451 467 468 19
452 451 467 468 454 453 469 470 19
454 453 469 470 456 455 471 472 19
456 455 471 472 458 457 473 474 19
458 457 473 474 460 459 475 476 19
460 459 475 476 462 461 477 478 19
462 461 477 478 464 463 479 480 19
466 465 481 482 468 467 483 484 19
468 467 483 484 470 469 485 486 19
470 469 485 486 472 471 487 488 19
472 471 487 488 474 473 489 490 19
474 473 489 490 476 475 491 492 19
476 475 491 492 478 477 493 494 19
478 477 493 494 480 479 495 496 19
482 481 497 498 484 483 499 500 19
484 483 499 500 486 485 501 502 19
486 485 501 502 488 487 503 504 19
488 487 503 504 490 489 505 506 19
490 489 505 506 492 491 507 508 19
492 491 507 508 494 493 509 510 19
494 493 509 510 496 495 511 512 19
498 497 513 514 500 499 515 516 19
500 499 515 516 502 501 517 518 19
502 501 517 518 504 503 519 520 19
504 503 519 520 506 505 521 522 19
506 505 521 522 508 507 523 524 19
508 507 523 524 510 509 525 526 19
510 509 525 526 512 511 527 528 19
514 513 529 530 516 515 531 532 19
516 515 531 532 518 517 533 534 19
518 517 533 534 520 519 535 536 19
520 519 535 536 522 521 537 538 19
522 521 537 538 524 523 539 540 19
524 523 539 540 526 525 541 542 19
526 525 541 542 528 527 543 544 19
530 529 545 546 532 531 547 548 19
532 531 547 548 534 533 549 550 19
534 533 549 550 536 535 551 552 19
536 535 551 552 538 537 553 554 19
538 537 553 554 540 539 555 556 19
540 539 555 556 542 541 557 558 19
542 541 557 558 544 543 559 560 19
546 545 561 562 548 547 563 564 19
548 547 563 564 550 549 565 566 19
550 549 565 566 552 551 567 568 19
552 551 567 568 554 553 569 570 19
554 553 569 570 556 555 571 572 19
556 555 571 572 558 557 573 574 19
558 557 573 574 560 559 575 576 19
562 561 577 578 564 563 579 580 19
564 563 579 580 566 565 581 582 19
566 565 581 582 568 567 583 584 19
568 567 583 584 570 569 585 586 19
570 569 585 586 572 571 587 588 19
572 571 587 588 574 573 589 590 19
574 573 589 590 576 575 591 592 19
578 577 593 594 580 579 595 596 19
580 579 595 596 582 581 597 598 19
582 581 597 598 584 583 599 600 19
584 583 599 600 586 585 601 602 19
586 585 601 602 588 587 603 604 19
588 587 603 604 590 589 605 606 19
590 589 605 606 592 591 607 608 19
594 593 609 610 596 595 611 612 19
596 595 611 612 598 597 613 614 19
598 597 613 614 600 599 615 616 19
600 599 615 616 602 601 617 618 19
602 601 617 618 604 603 619 620 19
604 603 619 620 606 605 621 622 19
606 605 621 622 608 607 623 624 19
610 609 625 626 612 611 627 628 19
612 611 627 628 614 613 629 630 19
614 613 629 630 616 615 631 632 19
616 615 631 632 618 617 633 634 19
618 617 633 634 620 619 635 636 19
620 619 635 636 622 621 637 638 19
622 621 637 638 624 623 639 640 19
626 625 641 642 628 627 643 644 19
628 627 643 644 630 629 645 646 19
630 629 645 646 632 631 647 648 19
632 631 647 648 634 633 649 650 19
634 633 649 650 636 635 651 652 19
636 635 651 652 638 637 653 654 19
638 637 653 654 640 639 655 656 19
642 641 657 658 644 643 659 660 19
644 643 659 660 646 645 661 662 19
646 645 661 662 648 647 663 664 19
648 647 663 664 650 649 665 666 19
650 649 665 666 652 651 667 668 19
652 651 667 668 654 653 669 670 19
654 653 669 670 656 655 671 672 19
658 657 673 674 660 659 675 676 19
660 659 675 676 662 661 677 678 19
662 661 677 678 664 663 679 680 19
664 663 679 680 666 665 681 682 19
666 665 681 682 668 667 683 684 19
668 667 683 684 670 669 685 686 19
670 669 685 686 672 671 687 688 19
674 673 689 690 676 675 691 692 19
676 675 691 692 678 677 693 694 19
678 677 693 694 680 679 695 696 19
680 679 695 696 682 681 697 698 19
682 681 697 698 684 683 699 700 19
684 683 699 700 686 685 701 702 19
686 685 701 702 688 687 703 704 19
690 689 705 706 692 691 707 708 11
692 691 707 708 694 693 709 710 11
694 693 709 710 696 695 711 712 11
696 695 711 712 698 697 713 714 11
698 697 713 714 700 699 715 716 11
700 699 715 716 702 701 717 718 11
702 701 717 718 704 703 719 720 11
2 721 722 3 6 723 724 7 19
6 723 724 7 10 725 726 11 20
10 725 726 11 14 727 728 15 20
14 727 728 15 18 729 730 19 20
18 729 730 19 22 731 732 23 19
22 731 732 23 26 733 734 27 19
26 733 734 27 30 735 736 31 19
3 722 737 33 7 724 738 35 19
7 724 738 35 11 726 739 37 20
11 726 739 37 15 728 740 39 20
15 728 740 39 19 730 741 41 20
19 730 741 41 23 732 742 43 19
23 732 742 43 27 734 743 45 19
27 734 743 45 31 736 744 47 19
33 737 745 49 35 738 746 51 19
35 738 746 51 37 739 747 53 20
37 739 747 53 39 740 748 55 20
39 740 748 55 41 741 749 57 20
41 741 749 57 43 742 750 59 19
43 742 750 59 45 743 751 61 19
45 743 751 61 47 744 752 63 19
49 745 753 65 51 746 754 67 19
51 746 754 67 53 747 755 69 20
53 747 755 69 55 748 756 71 20
55 748 756 71 57 749 757 73 20
57 749 757 73 59 750 758 75 19
59 750 758 75 61 751 759 77 19
61 751 759 77 63 752 760 79 19
65 753 761 81 67 754 762 83 19
67 754 762 83 69 755 763 85 20
69 755 763 85 71 756 764 87 20
71 756 764 87 73 757 765 89 20
73 757 765 89 75 758 766 91 19
75 758 766 91 77 759 767 93 19
77 759 767 93 79 760 768 95 19
81 761 769 97 83 762 770 99 19
83 762 770 99 85 763 771 101 20
85 763 771 101 87 764 772 103 20
87 764 772 103 89 765 773 105 20
89 765 773 105 91 766 774 107 19
91 766 774 107 93 767 775 109 19
93 767 775 109 95 768 776 111 19
97 769 777 113 99 770 778 115 19
99 770 778 115 101 771 779 117 20
101 771 779 117 103 772 780 119 20
103 772 780 119 105 773 781 121 20
105 773 781 121 107 774 782 123 19
107 774 782 123 109 775 783 125 19
109 775 783 125 111 776 784 127 19
113 777 785 129 115 778 786 131 19
115 778 786 131 117 779 787 133 20
117 779 787 133 119 780 788 135 20
119 780 788 135 121 781 789 137 20
121 781 789 137 123 782 790 139 19
123 782 790 139 125 783 791 141 19
125 783 791 141 127 784 792 143 19
129 785 793 145 131 786 794 147 19
131 786 794 147 133 787 795 149 20
133 787 795 149 135 788 796 151 20
135 788 796 151 137 789 797 153 20
137 789 797 153 139 790 798 155 19
139 790 798 155 141 791 799 157 19
141 791 799 157 143 792 800 159 19
145 793 801 161 147 794 802 163 19
147 794 802 163 149 795 803 165 20
149 795 803 165 151 796 804 167 20
151 796 804 167 153 797 805 169 20
153 797 805 169 155 798 806 171 19
155 798 806 171 157 799 807 173 19
157 799 807 173 159 800 808 175 19
161 801 809 177 163 802 810 179 19
163 802 810 179 165 803 811 181 20
165 803 811 181 167 804 812 183 20
167 804 812 183 169 805 813 185 20
169 805 813 185 171 806 814 187 19
171 806 814 187 173 807 815 189 19
173 807 815 189 175 808 816 191 19
177 809 817 193 179 810 818 195 19
179 810 818 195 181 811 819 197 20
181 811 819 197 183 812 820 199 20
183 812 820 199 185 813 821 201 20
185 813 821 201 187 814 822 203 19
187 814 822 203 189 815 823 205 19
189 815 823 205 191 816 824 207 19
193 817 825 209 195 818 826 211 19
195 818 826 211 197 819 827 213 19
197 819 827 213 199 820 828 215 19
199 820 828 215 201 821 829 217 19
201 821 829 217 203 822 830 219 19
203 822 830 219 205 823 831 221 19
205 823 831 221 207 824 832 223 19
209 825 833 225 211 826 834 227 19
211 826 834 227 213 827 835 229 19
213 827 835 229 215 828 836 231 19
215 828 836 231 217 829 837 233 19
217 829 837 233 219 830 838 235 19
219 830 838 235 221 831 839 237 19
221 831 839 237 223 832 840 239 19
225 833 841 241 227 834 842 243 19
227 834 842 243 229 835 843 245 19
229 835 843 245 231 836 844 247 19
231 836 844 247 233 837 845 249 19
233 837 845 249 235 838 846 251 19
235 838 846 251 237 839 847 253 19
237 839 847 253 239 840 848 255 19
241 841 849 257 243 842 850 259 19
243 842 850 259 245 843 851 261 19
245 843 851 261 247 844 852 263 19
247 844 852 263 249 845 853 265 19
249 845 853 265 251 846 854 267 19
251 846 854 267 253 847 855 269 19
253 847 855 269 255 848 856 271 19
257 849 857 273 259 850 858 275 19
259 850 858 275 261 851 859 277 19
261 851 859 277 263 852 860 279 19
263 852 860 279 265 853 861 281 19
265 853 861 281 267 854 862 283 19
267 854 862 283 269 855 863 285 19
269 855 863 285 271 856 864 287 19
273 857 865 289 275 858 866 291 19
275 858 866 291 277 859 867 293 19
277 859 867 293 279 860 868 295 19
279 860 868 295 281 861 869 297 19
281 861 869 297 283 862 870 299 19
283 862 870 299 285 863 871 301 19
285 863 871 301 287 864 872 303 19
289 865 873 305 291 866 874 307 19
291 866 874 307 293 867 875 309 19
293 867 875 309 295 868 876 311 19
295 868 876 311 297 869 877 313 19
297 869 877 313 299 870 878 315 19
299 870 878 315 301 871 879 317 19
301 871 879 317 303 872 880 319 19
305 873 881 321 307 874 882 323 19
307 874 882 323 309 875 883 325 19
309 875 883 325 311 876 884 327 19
311 876 884 327 313 877 885 329 19
313 877 885 329 315 878 886 331 19
315 878 886 331 317 879 887 333 19
317 879 887 333 319 880 888 335 19
321 881 889 337 323 882 890 339 19
323 882 890 339 325 883 891 341 19
325 883 891 341 327 884 892 343 19
327 884 892 343 329 885 893 345 19
329 885 893 345 331 886 894 347 19
331 886 894 347 333 887 895 349 19
333 887 895 349 335 888 896 351 19
337 889 897 353 339 890 898 355 19
339 890 898 355 341 891 899 357 19
341 891 899 357 343 892 900 359 19
343 892 900 359 345 893 901 361 19
345 893 901 361 347 894 902 363 19
347 894 902 363 349 895 903 365 19
349 895 903 365 351 896 904 367 19
353 897 905 369 355 898 906 371 19
355 898 906 371 357 899 907 373 19
357 899 907 373 359 900 908 375 19
359 900 908 375 361 901 909 377 19
361 901 909 377 363 902 910 379 19
363 902 910 379 365 903 911 381 19
365 903 911 381 367 904 912 383 19
369 905 913 385 371 906 914 387 19
371 906 914 387 373 907 915 389 19
373 907 915 389 375 908 916 391 19
375 908 916 391 377 909 917 393 19
377 909 917 393 379 910 918 395 19
379 910 918 395 381 911 919 397 19
381 911 919 397 383 912 920 399 19
385 913 921 401 387 914 922 403 19
387 914 922 403 389 915 923 405 19
389 915 923 405 391 916 924 407 19
391 916 924 407 393 917 925 409 19
393 917 925 409 395 918 926 411 19
395 918 926 411 397 919 927 413 19
397 919 927 413 399 920 928 415 19
401 921 929 417 403 922 930 419 19
403 922 930 419 405 923 931 421 19
405 923 931 421 407 924 932 423 19
407 924 932 423 409 925 933 425 19
409 925 933 425 411 926 934 427 19
411 926 934 427 413 927 935 429 19
413 927 935 429 415 928 936 431 19
417 929 937 433 419 930 938 435 19
419 930 938 435 421 931 939 437 19
421 931 939 437 423 932 940 439 19
423 932 940 439 425 933 941 441 19
425 933 941 441 427 934 942 443 19
427 934 942 443 429 935 943 445 19
429 935 943 445 431 936 944 447 19
433 937 945 449 435 938 946 451 19
435 938 946 451 437 939 947 453 19
437 939 947 453 439 940 948 455 19
439 940 948 455 441 941 949 457 19
441 941 949 457 443 942 950 459 19
443 942 950 459 445 943 951 461 19
445 943 951 461 447 944 952 463 19
449 945 953 465 451 946 954 467 19
451 946 954 467 453 947 955 469 19
453 947 955 469 455 948 956 471 19
455 948 956 471 457 949 957 473 19
457 949 957 473 459 950 958 475 19
459 950 958 475 461 951 959 477 19
461 951 959 477 463 952 960 479 19
465 953 961 481 467 954 962 483 19
467 954 962 483 469 955 963 485 19
469 955 963 485 471 956 964 487 19
471 956 964 487 473 957 965 489 19
473 957 965 489 475 958 966 491 19
475 958 966 491 477 959 967 493 19
477 959 967 493 479 960 968 495 19
481 961 969 497 483 962 970 499 19
483 962 970 499 485 963 971 501 19
485 963 971 501 487 964 972 503 19
487 964 972 503 489 965 973 505 19
489 965 973 505 491 966 974 507 19
491 966 974 507 493 967 975 509 19
493 967 975 509 495 968 976 511 19
497 969 977 513 499 970 978 515 19
499 970 978 515 501 971 979 517 19
501 971 979 517 503 972 980 519 19
503 972 980 519 505 973 981 521 19
505 973 981 521 507 974 982 523 19
507 974 982 523 509 975 983 525 19
509 975 983 525 511 976 984 527 19
513 977 985 529 515 978 986 531 19
515 978 986 531 517 979 987 533 19
517 979 987 533 519 980 988 535 19
519 980 988 535 521 981 989 537 19
521 981 989 537 523 982 990 539 19
523 982 990 539 525 983 991 541 19
525 983 991 541 527 984 992 543 19
529 985 993 545 531 986 994 547 19
531 986 994 547 533 987 995 549 19
533 987 995 549 535 988 996 551 19
535 988 996 551 537 989 997 553 19
537 989 997 553 539 990 998 555 19
539 990 998 555 541 991 999 557 19
541 991 999 557 543 992 1000 559 19
545 993 1001 561 547 994 1002 563 19
547 994 1002 563 549 995 1003 565 19
549 995 1003 565 551 996 1004 567 19
551 996 1004 567 553 997 1005 569 19
553 997 1005 569 555 998 1006 571 19
555 998 1006 571 557 999 1007 573 19
557 999 1007 573 559 1000 1008 575 19
561 1001 1009 577 563 1002 1010 579 19
563 1002 1010 579 565 1003 1011 581 19
565 1003 1011 581 567 1004 1012 583 19
567 1004 1012 583 569 1005 1013 585 19
569 1005 1013 585 571 1006 1014 587 19
571 1006 1014 587 573 1007 1015 589 19
573 1007 1015 589 575 1008 1016 591 19
577 1009 1017 593 579 1010 1018 595 19
579 1010 1018 595 581 1011 1019 597 19
581 1011 1019 597 583 1012 1020 599 19
583 1012 1020 599 585 1013 1021 601 19
585 1013 1021 601 587 1014 1022 603 19
587 1014 1022 603 589 1015 1023 605 19
589 1015 1023 605 591 1016 1024 607 19
593 1017 1025 609 595 1018 1026 611 19
595 1018 1026 611 597 1019 1027 613 19
597 1019 1027 613 599 1020 1028 615 19
599 1020 1028 615 601 1021 1029 617 19
601 1021 1029 617 603 1022 1030 619 19
603 1022 1030 619 605 1023 1031 621 19
605 1023 1031 621 607 1024 1032 623 19
609 1025 1033 625 611 1026 1034 627 19
611 1026 1034 627 613 1027 1035 629 19
613 1027 1035 629 615 1028 1036 631 19
615 1028 1036 631 617 1029 1037 633 19
617 1029 1037 633 619 1030 1038 635 19
619 1030 1038 635 621 1031 1039 637 19
621 1031 1039 637 623 1032 1040 639 19
625 1033 1041 641 627 1034 1042 643 19
627 1034 1042 643 629 1035 1043 645 19
629 1035 1043 645 631 1036 1044 647 19
631 1036 1044 647 633 1037 1045 649 19
633 1037 1045 649 635 1038 1046 651 19
635 1038 1046 651 637 1039 1047 653 19
637 1039 1047 653 639 1040 1048 655 19
641 1041 1049 657 643 1042 1050 659 19
643 1042 1050 659 645 1043 1051 661 19
645 1043 1051 661 647 1044 1052 663 19
647 1044 1052 663 649 1045 1053 665 19
649 1045 1053 665 651 1046 1054 667 19
651 1046 1054 667 653 1047 1055 669 19
653 1047 1055 669 655 1048 1056 671 19
657 1049 1057 673 659 1050 1058 675 19
659 1050 1058 675 661 1051 1059 677 19
661 1051 1059 677 663 1052 1060 679 19
663 1052 1060 679 665 1053 1061 681 19
665 1053 1061 681 667 1054 1062 683 19
667 1054 1062 683 669 1055 1063 685 19
669 1055 1063 685 671 1056 1064 687 19
673 1057 1065 689 675 1058 1066 691 19
675 1058 1066 691 677 1059 1067 693 19
677 1059 1067 693 679 1060 1068 695 19
679 1060 1068 695 681 1061 1069 697 19
681 1061 1069 697 683 1062 1070 699 19
683 1062 1070 699 685 1063 1071 701 19
685 1063 1071 701 687 1064 1072 703 19
689 1065 1073 705 691 1066 1074 707 11
691 1066 1074 707 693 1067 1075 709 11
693 1067 1075 709 695 1068 1076 711 11
695 1068 1076 711 697 1069 1077 713 11
697 1069 1077 713 699 1070 1078 715 11
699 1070 1078 715 701 1071 1079 717 11
701 1071 1079 717 703 1072 1080 719 11
721 1081 1082 722 723 1083 1084 724 19
723 1083 1084 724 725 1085 1086 726 20
725 1085 1086 726 727 1087 1088 728 20
727 1087 1088 728 729 1089 1090 730 20
729 1089 1090 730 731 1091 1092 732 19
731 1091 1092 732 733 1093 1094 734 19
733 1093 1094 734 735 1095 1096 736 19
735 1095 1096 736 1097 1098 1099 1100 3
1097 1098 1099 1100 1101 1102 1103 1104 3
1101 1102 1103 1104 1105 1106 1107 1108 3
722 1082 1109 737 724 1084 1110 738 19
724 1084 1110 738 726 1086 1111 739 20
726 1086 1111 739 728 1088 1112 740 20
728 1088 1112 740 730 1090 1113 741 20
730 1090 1113 741 732 1092 1114 742 19
732 1092 1114 742 734 1094 1115 743 19
734 1094 1115 743 736 1096 1116 744 19
736 1096 1116 744 1100 1099 1117 1118 3
1100 1099 1117 1118 1104 1103 1119 1120 3
1104 1103 1119 1120 1108 1107 1121 1122 3
737 1109 1123 745 738 1110 1124 746 19
738 1110 1124 746 739 1111 1125 747 20
739 1111 1125 747 740 1112 1126 748 20
740 1112 1126 748 741 1113 1127 749 20
741 1113 1127 749 742 1114 1128 750 19
742 1114 1128 750 743 1115 1129 751 19
743 1115 1129 751 744 1116 1130 752 19
744 1116 1130 752 1118 1117 1131 1132 3
1118 1117 1131 1132 1120 1119 1133 1134 3
1120 1119 1133 1134 1122 1121 1135 1136 3
745 1123 1137 753 746 1124 1138 754 19
746 1124 1138 754 747 1125 1139 755 20
747 1125 1139 755 748 1126 1140 756 20
748 1126 1140 756 749 1127 1141 757 20
749 1127 1141 757 750 1128 1142 758 19
750 1128 1142 758 751 1129 1143 759 19
751 1129 1143 759 752 1130 1144 760 19
752 1130 1144 760 1132 1131 1145 1146 3
1132 1131 1145 1146 1134 1133 1147 1148 3
1134 1133 1147 1148 1136 1135 1149 1150 3
753 1137 1151 761 754 1138 1152 762 19
754 1138 1152 762 755 1139 1153 763 20
755 1139 1153 763 756 1140 1154 764 20
756 1140 1154 764 757 1141 1155 765 20
757 1141 1155 765 758 1142 1156 766 19
758 1142 1156 766 759 1143 1157 767 19
759 1143 1157 767 760 1144 1158 768 19
760 1144 1158 768 1146 1145 1159 1160 3
1146 1145 1159 1160 1148 1147 1161 1162 3
1148 1147 1161 1162 1150 1149 1163 1164 3
761 1151 1165 769 762 1152 1166 770 19
762 1152 1166 770 763 1153 1167 771 20
763 1153 1167 771 764 1154 1168 772 20
764 1154 1168 772 765 1155 1169 773 20
765 1155 1169 773 766 1156 1170 774 19
766 1156 1170 774 767 1157 1171 775 19
767 1157 1171 775 768 1158 1172 776 19
768 1158 1172 776 1160 1159 1173 1174 3
1160 1159 1173 1174 1162 1161 1175 1176 3
1162 1161 1175 1176 1164 1163 1177 1178 3
769 1165 1179 777 770 1166 1180 778 19
770 1166 1180 778 771 1167 1181 779 20
771 1167 1181 779 772 1168 1182 780 20
772 1168 1182 780 773 1169 1183 781 20
773 1169 1183 781 774 1170 1184 782 19
774 1170 1184 782 775 1171 1185 783 19
775 1171 1185 783 776 1172 1186 784 19
776 1172 1186 784 1174 1173 1187 1188 3
1174 1173 1187 1188 1176 1175 1189 1190 3
1176 1175 1189 1190 1178 1177 1191 1192 3
777 1179 1193 785 778 1180 1194 786 19
778 1180 1194 786 779 1181 1195 787 20
779 1181 1195 787 780 1182 1196 788 20
780 1182 1196 788 781 1183 1197 789 20
781 1183 1197 789 782 1184 1198 790 19
782 1184 1198 790 783 1185 1199 791 19
783 1185 1199 791 784 1186 1200 792 19
784 1186 1200 792 1188 1187 1201 1202 3
1188 1187 1201 1202 1190 1189 1203 1204 3
1190 1189 1203 1204 1192 1191 1205 1206 3
785 1193 1207 793 786 1194 1208 794 19
786 1194 1208 794 787 1195 1209 795 20
787 1195 1209 795 788 1196 1210 796 20
788 1196 1210 796 789 1197 1211 797 20
789 1197 1211 797 790 1198 1212 798 19
790 1198 1212 798 791 1199 1213 799 19
791 1199 1213 799 792 1200 1214 800 19
792 1200 1214 800 1202 1201 1215 1216 3
1202 1201 1215 1216 1204 1203 1217 1218 3
1204 1203 1217 1218 1206 1205 1219 1220 3
793 1207 1221 801 794 1208 1222 802 19
794 1208 1222 802 795 1209 1223 803 20
795 1209 1223 803 796 1210 1224 804 20
796 1210 1224 804 797 1211 1225 805 20
797 1211 1225 805 798 1212 1226 806 19
798 1212 1226 806 799 1213 1227 807 19
799 1213 1227 807 800 1214 1228 808 19
800 1214 1228 808 1216 1215 1229 1230 3
1216 1215 1229 1230 1218 1217 1231 1232 3
1218 1217 1231 1232 1220 1219 1233 1234 3
801 1221 1235 809 802 1222 1236 810 19
802 1222 1236 810 803 1223 1237 811 20
803 1223 1237 811 804 1224 1238 812 20
804 1224 1238 812 805 1225 1239 813 20
805 1225 1239 813 806 1226 1240 814 19
806 1226 1240 814 807 1227 1241 815 19
807 1227 1241 815 808 1228 1242 816 19
808 1228 1242 816 1230 1229 1243 1244 3
1230 1229 1243 1244 1232 1231 1245 1246 3
1232 1231 1245 1246 1234 1233 1247 1248 3
809 1235 1249 817 810 1236 1250 818 19
810 1236 1250 818 811 1237 1251 819 20
811 1237 1251 819 812 1238 1252 820 20
812 1238 1252 820 813 1239 1253 821 20
813 1239 1253 821 814 1240 1254 822 19
814 1240 1254 822 815 1241 1255 823 19
815 1241 1255 823 816 1242 1256 824 19
816 1242 1256 824 1244 1243 1257 1258 3
1244 1243 1257 1258 1246 1245 1259 1260 3
1246 1245 1259 1260 1248 1247 1261 1262 3
817 1249 1263 825 818 1250 1264 826 19
818 1250 1264 826 819 1251 1265 827 19
819 1251 1265 827 820 1252 1266 828 19
820 1252 1266 828 821 1253 1267 829 19
821 1253 1267 829 822 1254 1268 830 19
822 1254 1268 830 823 1255 1269 831 19
823 1255 1269 831 824 1256 1270 832 19
824 1256 1270 832 1258 1257 1271 1272 3
1258 1257 1271 1272 1260 1259 1273 1274 3
1260 1259 1273 1274 1262 1261 1275 1276 3
825 1263 1277 833 826 1264 1278 834 19
826 1264 1278 834 827 1265 1279 835 19
827 1265 1279 835 828 1266 1280 836 19
828 1266 1280 836 829 1267 1281 837 19
829 1267 1281 837 830 1268 1282 838 19
830 1268 1282 838 831 1269 1283 839 19
831 1269 1283 839 832 1270 1284 840 19
833 1277 1285 841 834 1278 1286 842 19
834 1278 1286 842 835 1279 1287 843 19
835 1279 1287 843 836 1280 1288 844 19
836 1280 1288 844 837 1281 1289 845 19
837 1281 1289 845 838 1282 1290 846 19
838 1282 1290 846 839 1283 1291 847 19
839 1283 1291 847 840 1284 1292 848 19
841 1285 1293 849 842 1286 1294 850 19
842 1286 1294 850 843 1287 1295 851 19
843 1287 1295 851 844 1288 1296 852 19
844 1288 1296 852 845 1289 1297 853 19
845 1289 1297 853 846 1290 1298 854 19
846 1290 1298 854 847 1291 1299 855 19
847 1291 1299 855 848 1292 1300 856 19
849 1293 1301 857 850 1294 1302 858 19
850 1294 1302 858 851 1295 1303 859 19
851 1295 1303 859 852 1296 1304 860 19
852 1296 1304 860 853 1297 1305 861 19
853 1297 1305 861 854 1298 1306 862 19
854 1298 1306 862 855 1299 1307 863 19
855 1299 1307 863 856 1300 1308 864 19
857 1301 1309 865 858 1302 1310 866 19
858 1302 1310 866 859 1303 1311 867 19
859 1303 1311 867 860 1304 1312 868 19
860 1304 1312 868 861 1305 1313 869 19
861 1305 1313 869 862 1306 1314 870 19
862 1306 1314 870 863 1307 1315 871 19
863 1307 1315 871 864 1308 1316 872 19
865 1309 1317 873 866 1310 1318 874 19
866 1310 1318 874 867 1311 1319 875 19
867 1311 1319 875 868 1312 1320 876 19
868 1312 1320 876 869 1313 1321 877 19
869 1313 1321 877 870 1314 1322 878 19
870 1314 1322 878 871 1315 1323 879 19
871 1315 1323 879 872 1316 1324 880 19
873 1317 1325 881 874 1318 1326 882 19
874 1318 1326 882 875 1319 1327 883 19
875 1319 1327 883 876 1320 1328 884 19
876 1320 1328 884 877 1321 1329 885 19
877 1321 1329 885 878 1322 1330 886 19
878 1322 1330 886 879 1323 1331 887 19
879 1323 1331 887 880 1324 1332 888 19
881 1325 1333 889 882 1326 1334 890 19
882 1326 1334 890 883 1327 1335 891 19
883 1327 1335 891 884 1328 1336 892 19
884 1328 1336 892 885 1329 1337 893 19
885 1329 1337 893 886 1330 1338 894 19
886 1330 1338 894 887 1331 1339 895 19
887 1331 1339 895 888 1332 1340 896 19
889 1333 1341 897 890 1334 1342 898 19
890 1334 1342 898 891 1335 1343 899 19
891 1335 1343 899 892 1336 1344 900 19
892 1336 1344 900 893 1337 1345 901 19
893 1337 1345 901 894 1338 1346 902 19
894 1338 1346 902 895 1339 1347 903 19
895 1339 1347 903 896 1340 1348 904 19
897 1341 1349 905 898 1342 1350 906 19
898 1342 1350 906 899 1343 1351 907 19
899 1343 1351 907 900 1344 1352 908 19
900 1344 1352 908 901 1345 1353 909 19
901 1345 1353 909 902 1346 1354 910 19
902 1346 1354 910 903 1347 1355 911 19
903 1347 1355 911 904 1348 1356 912 19
905 1349 1357 913 906 1350 1358 914 19
906 1350 1358 914 907 1351 1359 915 19
907 1351 1359 915 908 1352 1360 916 19
908 1352 1360 916 909 1353 1361 917 19
909 1353 1361 917 910 1354 1362 918 19
910 1354 1362 918 911 1355 1363 919 19
911 1355 1363 919 912 1356 1364 920 19
913 1357 1365 921 914 1358 1366 922 19
914 1358 1366 922 915 1359 1367 923 19
915 1359 1367 923 916 1360 1368 924 19
916 1360 1368 924 917 1361 1369 925 19
917 1361 1369 925 918 1362 1370 926 19
918 1362 1370 926 919 1363 1371 927 19
919 1363 1371 927 920 1364 1372 928 19
921 1365 1373 929 922 1366 1374 930 19
922 1366 1374 930 923 1367 1375 931 19
923 1367 1375 931 924 1368 1376 932 19
924 1368 1376 932 925 1369 1377 933 19
925 1369 1377 933 926 1370 1378 934 19
926 1370 1378 934 927 1371 1379 935 19
927 1371 1379 935 928 1372 1380 936 19
929 1373 1381 937 930 1374 1382 938 19
930 1374 1382 938 931 1375 1383 939 19
931 1375 1383 939 932 1376 1384 940 19
932 1376 1384 940 933 1377 1385 941 19
933 1377 1385 941 934 1378 1386 942 19
934 1378 1386 942 935 1379 1387 943 19
935 1379 1387 943 936 1380 1388 944 19
937 1381 1389 945 938 1382 1390 946 19
938 1382 1390 946 939 1383 1391 947 19
939 1383 1391 947 940 1384 1392 948 19
940 1384 1392 948 941 1385 1393 949 19
941 1385 1393 949 942 1386 1394 950 19
942 1386 1394 950 943 1387 1395 951 19
943 1387 1395 951 944 1388 1396 952 19
945 1389 1397 953 946 1390 1398 954 19
946 1390 1398 954 947 1391 1399 955 19
947 1391 1399 955 948 1392 1400 956 19
948 1392 1400 956 949 1393 1401 957 19
949 1393 1401 957 950 1394 1402 958 19
950 1394 1402 958 951 1395 1403 959 19
951 1395 1403 959 952 1396 1404 960 19
953 1397 1405 961 954 1398 1406 962 19
954 1398 1406 962 955 1399 1407 963 19
955 1399 1407 963 956 1400 1408 964 19
956 1400 1408 964 957 1401 1409 965 19
957 1401 1409 965 958 1402 1410 966 19
958 1402 1410 966 959 1403 1411 967 19
959 1403 1411 967 960 1404 1412 968 19
961 1405 1413 969 962 1406 1414 970 19
962 1406 1414 970 963 1407 1415 971 19
963 1407 1415 971 964 1408 1416 972 19
964 1408 1416 972 965 1409 1417 973 19
965 1409 1417 973 966 1410 1418 974 19
966 1410 1418 974 967 1411 1419 975 19
967 1411 1419 975 968 1412 1420 976 19
969 1413 1421 977 970 1414 1422 978 19
970 1414 1422 978 971 1415 1423 979 19
971 1415 1423 979 972 1416 1424 980 19
972 1416 1424 980 973 1417 1425 981 19
973 1417 1425 981 974 1418 1426 982 19
974 1418 1426 982 975 1419 1427 983 19
975 1419 1427 983 976 1420 1428 984 19
977 1421 1429 985 978 1422 1430 986 19
978 1422 1430 986 979 1423 1431 987 19
979 1423 1431 987 980 1424 1432 988 19
980 1424 1432 988 981 1425 1433 989 19
981 1425 1433 989 982 1426 1434 990 19
982 1426 1434 990 983 1427 1435 991 19
983 1427 1435 991 984 1428 1436 992 19
985 1429 1437 993 986 1430 1438 994 19
986 1430 1438 994 987 1431 1439 995 19
987 1431 1439 995 988 1432 1440 996 19
988 1432 1440 996 989 1433 1441 997 19
989 1433 1441 997 990 1434 1442 998 19
990 1434 1442 998 991 1435 1443 999 19
991 1435 1443 999 992 1436 1444 1000 19
993 1437 1445 1001 994 1438 1446 1002 19
994 1438 1446 1002 995 1439 1447 1003 19
995 1439 1447 1003 996 1440 1448 1004 19
996 1440 1448 1004 997 1441 1449 1005 19
997 1441 1449 1005 998 1442 1450 1006 19
998 1442 1450 1006 999 1443 1451 1007 19
999 1443 1451 1007 1000 1444 1452 1008 19
1001 1445 1453 1009 1002 1446 1454 1010 19
1002 1446 1454 1010 1003 1447 1455 1011 19
1003 1447 1455 1011 1004 1448 1456 1012 19
1004 1448 1456 1012 1005 1449 1457 1013 19
1005 1449 1457 1013 1006 1450 1458 1014 19
1006 1450 1458 1014 1007 1451 1459 1015 19
1007 1451 1459 1015 1008 1452 1460 1016 19
1009 1453 1461 1017 1010 1454 1462 1018 19
1010 1454 1462 1018 1011 1455 1463 1019 19
1011 1455 1463 1019 1012 1456 1464 1020 19
1012 1456 1464 1020 1013 1457 1465 1021 19
1013 1457 1465 1021 1014 1458 1466 1022 19
1014 1458 1466 1022 1015 1459 1467 1023 19
1015 1459 1467 1023 1016 1460 1468 1024 19
1017 1461 1469 1025 1018 1462 1470 1026 19
1018 1462 1470 1026 1019 1463 1471 1027 19
1019 1463 1471 1027 1020 1464 1472 1028 19
1020 1464 1472 1028 1021 1465 1473 1029 19
1021 1465 1473 1029 1022 1466 1474 1030 19
1022 1466 1474 1030 1023 1467 1475 1031 19
1023 1467 1475 1031 1024 1468 1476 1032 19
1025 1469 1477 1033 1026 1470 1478 1034 19
1026 1470 1478 1034 1027 1471 1479 1035 19
1027 1471 1479 1035 1028 1472 1480 1036 19
1028 1472 1480 1036 1029 1473 1481 1037 19
1029 1473 1481 1037 1030 1474 1482 1038 19
1030 1474 1482 1038 1031 1475 1483 1039 19
1031 1475 1483 1039 1032 1476 1484 1040 19
1033 1477 1485 1041 1034 1478 1486 1042 19
1034 1478 1486 1042 1035 1479 1487 1043 19
1035 1479 1487 1043 1036 1480 1488 1044 19
1036 1480 1488 1044 1037 1481 1489 1045 19
1037 1481 1489 1045 1038 1482 1490 1046 19
1038 1482 1490 1046 1039 1483 1491 1047 19
1039 1483 1491 1047 1040 1484 1492 1048 19
1041 1485 1493 1049 1042 1486 1494 1050 19
1042 1486 1494 1050 1043 1487 1495 1051 19
1043 1487 1495 1051 1044 1488 1496 1052 19
1044 1488 1496 1052 1045 1489 1497 1053 19
1045 1489 1497 1053 1046 1490 1498 1054 19
1046 1490 1498 1054 1047 1491 1499 1055 19
1047 1491 1499 1055 1048 1492 1500 1056 19
1049 1493 1501 1057 1050 1494 1502 1058 19
1050 1494 1502 1058 1051 1495 1503 1059 19
1051 1495 1503 1059 1052 1496 1504 1060 19
1052 1496 1504 1060 1053 1497 1505 1061 19
1053 1497 1505 1061 1054 1498 1506 1062 19
1054 1498 1506 1062 1055 1499 1507 1063 19
1055 1499 1507 1063 1056 1500 1508 1064 19
1057 1501 1509 1065 1058 1502 1510 1066 19
1058 1502 1510 1066 1059 1503 1511 1067 19
1059 1503 1511 1067 1060 1504 1512 1068 19
1060 1504 1512 1068 1061 1505 1513 1069 19
1061 1505 1513 1069 1062 1506 1514 1070 19
1062 1506 1514 1070 1063 1507 1515 1071 19
1063 1507 1515 1071 1064 1508 1516 1072 19
1065 1509 1517 1073 1066 1510 1518 1074 11
1066 1510 1518 1074 1067 1511 1519 1075 11
1067 1511 1519 1075 1068 1512 1520 1076 11
1068 1512 1520 1076 1069 1513 1521 1077 11
1069 1513 1521 1077 1070 1514 1522 1078 11
1070 1514 1522 1078 1071 1515 1523 1079 11
1071 1515 1523 1079 1072 1516 1524 1080 11
1081 1525 1526 1082 1083 1527 1528 1084 19
1083 1527 1528 1084 1085 1529 1530 1086 20
1085 1529 1530 1086 1087 1531 1532 1088 20
1087 1531 1532 1088 1089 1533 1534 1090 20
1089 1533 1534 1090 1091 1535 1536 1092 19
1091 1535 1536 1092 1093 1537 1538 1094 19
1093 1537 1538 1094 1095 1539 1540 1096 19
1095 1539 1540 1096 1098 1541 1542 1099 3
1098 1541 1542 1099 1102 1543 1544 1103 3
1102 1543 1544 1103 1106 1545 1546 1107 3
1082 1526 1547 1109 1084 1528 1548 1110 19
1084 1528 1548 1110 1086 1530 1549 1111 20
1086 1530 1549 1111 1088 1532 1550 1112 20
1088 1532 1550 1112 1090 1534 1551 1113 20
1090 1534 1551 1113 1092 1536 1552 1114 19
1092 1536 1552 1114 1094 1538 1553 1115 19
1094 1538 1553 1115 1096 1540 1554 1116 19
1096 1540 1554 1116 1099 1542 1555 1117 3
1099 1542 1555 1117 1103 1544 1556 1119 3
1103 1544 1556 1119 1107 1546 1557 1121 3
1109 1547 1558 1123 1110 1548 1559 1124 19
1110 1548 1559 1124 1111 1549 1560 1125 20
1111 1549 1560 1125 1112 1550 1561 1126 20
1112 1550 1561 1126 1113 1551 1562 1127 20
1113 1551 1562 1127 1114 1552 1563 1128 19
1114 1552 1563 1128 1115 1553 1564 1129 19
1115 1553 1564 1129 1116 1554 1565 1130 19
1116 1554 1565 1130 1117 1555 1566 1131 3
1117 1555 1566 1131 1119 1556 1567 1133 3
1119 1556 1567 1133 1121 1557 1568 1135 3
1123 1558 1569 1137 1124 1559 1570 1138 19
1124 1559 1570 1138 1125 1560 1571 1139 20
1125 1560 1571 1139 1126 1561 1572 1140 20
1126 1561 1572 1140 1127 1562 1573 1141 20
1127 1562 1573 1141 1128 1563 1574 1142 19
1128 1563 1574 1142 1129 1564 1575 1143 19
1129 1564 1575 1143 1130 1565 1576 1144 19
1130 1565 1576 1144 1131 1566 1577 1145 3
1131 1566 1577 1145 1133 1567 1578 1147 3
1133 1567 1578 1147 1135 1568 1579 1149 3
1137 1569 1580 1151 1138 1570 1581 1152 19
1138 1570 1581 1152 1139 1571 1582 1153 20
1139 1571 1582 1153 1140 1572 1583 1154 20
1140 1572 1583 1154 1141 1573 1584 1155 20
1141 1573 1584 1155 1142 1574 1585 1156 19
1142 1574 1585 1156 1143 1575 1586 1157 19
1143 1575 1586 1157 1144 1576 1587 1158 19
1144 1576 1587 1158 1145 1577 1588 1159 3
1145 1577 1588 1159 1147 1578 1589 1161 3
1147 1578 1589 1161 1149 1579 1590 1163 3
1151 1580 1591 1165 1152 1581 1592 1166 19
1152 1581 1592 1166 1153 1582 1593 1167 20
1153 1582 1593 1167 1154 1583 1594 1168 20
1154 1583 1594 1168 1155 1584 1595 1169 20
1155 1584 1595 1169 1156 1585 1596 1170 19
1156 1585 1596 1170 1157 1586 1597 1171 19
1157 1586 1597 1171 1158 1587 1598 1172 19
1158 1587 1598 1172 1159 1588 1599 1173 3
1159 1588 1599 1173 1161 1589 1600 1175 3
1161 1589 1600 1175 1163 1590 1601 1177 3
1165 1591 1602 1179 1166 1592 1603 1180 19
1166 1592 1603 1180 1167 1593 1604 1181 20
1167 1593 1604 1181 1168 1594 1605 1182 20
1168 1594 1605 1182 1169 1595 1606 1183 20
1169 1595 1606 1183 1170 1596 1607 1184 19
1170 1596 1607 1184 1171 1597 1608 1185 19
1171 1597 1608 1185 1172 1598 1609 1186 19
1172 1598 1609 1186 1173 1599 1610 1187 3
1173 1599 1610 1187 1175 1600 1611 1189 3
1175 1600 1611 1189 1177 1601 1612 1191 3
1179 1602 1613 1193 1180 1603 1614 1194 19
1180 1603 1614 1194 1181 1604 1615 1195 20
1181 1604 1615 1195 1182 1605 1616 1196 20
1182 1605 1616 1196 1183 1606 1617 1197 20
1183 1606 1617 1197 1184 1607 1618 1198 19
1184 1607 1618 1198 1185 1608 1619 1199 19
1185 1608 1619 1199 1186 1609 1620 1200 19
1186 1609 1620 1200 1187 1610 1621 1201 3
1187 1610 1621 1201 1189 1611 1622 1203 3
1189 1611 1622 1203 1191 1612 1623 1205 3
1193 1613 1624 1207 1194 1614 1625 1208 19
1194 1614 1625 1208 1195 1615 1626 1209 20
1195 1615 1626 1209 1196 1616 1627 1210 20
1196 1616 1627 1210 1197 1617 1628 1211 20
1197 1617 1628 1211 1198 1618 1629 1212 19
1198 1618 1629 1212 1199 1619 1630 1213 19
1199 1619 1630 1213 1200 1620 1631 1214 19
1200 1620 1631 1214 1201 1621 1632 1215 3
1201 1621 1632 1215 1203 1622 1633 1217 3
1203 1622 1633 1217 1205 1623 1634 1219 3
1207 1624 1635 1221 1208 1625 1636 1222 19
1208 1625 1636 1222 1209 1626 1637 1223 20
1209 1626 1637 1223 1210 1627 1638 1224 20
1210 1627 1638 1224 1211 1628 1639 1225 20
1211 1628 1639 1225 1212 1629 1640 1226 19
1212 1629 1640 1226 1213 1630 1641 1227 19
1213 1630 1641 1227 1214 1631 1642 1228 19
1214 1631 1642 1228 1215 1632 1643 1229 3
1215 1632 1643 1229 1217 1633 1644 1231 3
1217 1633 1644 1231 1219 1634 1645 1233 3
1221 1635 1646 1235 1222 1636 1647 1236 19
1222 1636 1647 1236 1223 1637 1648 1237 20
1223 1637 1648 1237 1224 1638 1649 1238 20
1224 1638 1649 1238 1225 1639 1650 1239 20
1225 1639 1650 1239 1226 1640 1651 1240 19
1226 1640 1651 1240 1227 1641 1652 1241 19
1227 1641 1652 1241 1228 1642 1653 1242 19
1228 1642 1653 1242 1229 1643 1654 1243 3
1229 1643 1654 1243 1231 1644 1655 1245 3
1231 1644 1655 1245 1233 1645 1656 1247 3
1235 1646 1657 1249 1236 1647 1658 1250 19
1236 1647 1658 1250 1237 1648 1659 1251 20
1237 1648 1659 1251 1238 1649 1660 1252 20
1238 1649 1660 1252 1239 1650 1661 1253 20
1239 1650 1661 1253 1240 1651 1662 1254 19
1240 1651 1662 1254 1241 1652 1663 1255 19
1241 1652 1663 1255 1242 1653 1664 1256 19
1242 1653 1664 1256 1243 1654 1665 1257 3
1243 1654 1665 1257 1245 1655 1666 1259 3
1245 1655 1666 1259 1247 1656 1667 1261 3
1249 1657 1668 1263 1250 1658 1669 1264 19
1250 1658 1669 1264 1251 1659 1670 1265 19
1251 1659 1670 1265 1252 1660 1671 1266 19
1252 1660 1671 1266 1253 1661 1672 1267 19
1253 1661 1672 1267 1254 1662 1673 1268 19
1254 1662 1673 1268 1255 1663 1674 1269 19
1255 1663 1674 1269 1256 1664 1675 1270 19
1256 1664 1675 1270 1257 1665 1676 1271 3
1257 1665 1676 1271 1259 1666 1677 1273 3
1259 1666 1677 1273 1261 1667 1678 1275 3
1263 1668 1679 1277 1264 1669 1680 1278 19
1264 1669 1680 1278 1265 1670 1681 1279 19
1265 1670 1681 1279 1266 1671 1682 1280 19
1266 1671 1682 1280 1267 1672 1683 1281 19
1267 1672 1683 1281 1268 1673 1684 1282 19
1268 1673 1684 1282 1269 1674 1685 1283 19
1269 1674 1685 1283 1270 1675 1686 1284 19
1277 1679 1687 1285 1278 1680 1688 1286 19
1278 1680 1688 1286 1279 1681 1689 1287 19
1279 1681 1689 1287 1280 1682 1690 1288 19
1280 1682 1690 1288 1281 1683 1691 1289 19
1281 1683 1691 1289 1282 1684 1692 1290 19
1282 1684 1692 1290 1283 1685 1693 1291 19
1283 1685 1693 1291 1284 1686 1694 1292 19
1285 1687 1695 1293 1286 1688 1696 1294 19
1286 1688 1696 1294 1287 1689 1697 1295 19
1287 1689 1697 1295 1288 1690 1698 1296 19
1288 1690 1698 1296 1289 1691 1699 1297 19
1289 1691 1699 1297 1290 1692 1700 1298 19
1290 1692 1700 1298 1291 1693 1701 1299 19
1291 1693 1701 1299 1292 1694 1702 1300 19
1293 1695 1703 1301 1294 1696 1704 1302 19
1294 1696 1704 1302 1295 1697 1705 1303 19
1295 1697 1705 1303 1296 1698 1706 1304 19
1296 1698 1706 1304 1297 1699 1707 1305 19
1297 1699 1707 1305 1298 1700 1708 1306 19
1298 1700 1708 1306 1299 1701 1709 1307 19
1299 1701 1709 1307 1300 1702 1710 1308 19
1301 1703 1711 1309 1302 1704 1712 1310 19
1302 1704 1712 1310 1303 1705 1713 1311 19
1303 1705 1713 1311 1304 1706 1714 1312 19
1304 1706 1714 1312 1305 1707 1715 1313 19
1305 1707 1715 1313 1306 1708 1716 1314 19
1306 1708 1716 1314 1307 1709 1717 1315 19
1307 1709 1717 1315 1308 1710 1718 1316 19
1309 1711 1719 1317 1310 1712 1720 1318 19
1310 1712 1720 1318 1311 1713 1721 1319 19
1311 1713 1721 1319 1312 1714 1722 1320 19
1312 1714 1722 1320 1313 1715 1723 1321 19
1313 1715 1723 1321 1314 1716 1724 1322 19
1314 1716 1724 1322 1315 1717 1725 1323 19
1315 1717 1725 1323 1316 1718 1726 1324 19
1317 1719 1727 1325 1318 1720 1728 1326 19
1318 1720 1728 1326 1319 1721 1729 1327 19
1319 1721 1729 1327 1320 1722 1730 1328 19
1320 1722 1730 1328 1321 1723 1731 1329 19
1321 1723 1731 1329 1322 1724 1732 1330 19
1322 1724 1732 1330 1323 1725 1733 1331 19
1323 1725 1733 1331 1324 1726 1734 1332 19
1325 1727 1735 1333 1326 1728 1736 1334 19
1326 1728 1736 1334 1327 1729 1737 1335 19
1327 1729 1737 1335 1328 1730 1738 1336 19
1328 1730 1738 1336 1329 1731 1739 1337 19
1329 1731 1739 1337 1330 1732 1740 1338 19
1330 1732 1740 1338 1331 1733 1741 1339 19
1331 1733 1741 1339 1332 1734 1742 1340 19
1333 1735 1743 1341 1334 1736 1744 1342 19
1334 1736 1744 1342 1335 1737 1745 1343 19
1335 1737 1745 1343 1336 1738 1746 1344 19
1336 1738 1746 1344 1337 1739 1747 1345 19
1337 1739 1747 1345 1338 1740 1748 1346 19
1338 1740 1748 1346 1339 1741 1749 1347 19
1339 1741 1749 1347 1340 1742 1750 1348 19
1341 1743 1751 1349 1342 1744 1752 1350 19
1342 1744 1752 1350 1343 1745 1753 1351 19
1343 1745 1753 1351 1344 1746 1754 1352 19
1344 1746 1754 1352 1345 1747 1755 1353 19
1345 1747 1755 1353 1346 1748 1756 1354 19
1346 1748 1756 1354 1347 1749 1757 1355 19
1347 1749 1757 1355 1348 1750 1758 1356 19
1349 1751 1759 1357 1350 1752 1760 1358 19
1350 1752 1760 1358 1351 1753 1761 1359 19
1351 1753 1761 1359 1352 1754 1762 1360 19
1352 1754 1762 1360 1353 1755 1763 1361 19
1353 1755 1763 1361 1354 1756 1764 1362 19
1354 1756 1764 1362 1355 1757 1765 1363 19
1355 1757 1765 1363 1356 1758 1766 1364 19
1357 1759 1767 1365 1358 1760 1768 1366 19
1358 1760 1768 1366 1359 1761 1769 1367 19
1359 1761 1769 1367 1360 1762 1770 1368 19
1360 1762 1770 1368 1361 1763 1771 1369 19
1361 1763 1771 1369 1362 1764 1772 1370 19
1362 1764 1772 1370 1363 1765 1773 1371 19
1363 1765 1773 1371 1364 1766 1774 1372 19
1365 1767 1775 1373 1366 1768 1776 1374 19
1366 1768 1776 1374 1367 1769 1777 1375 19
1367 1769 1777 1375 1368 1770 1778 1376 19
1368 1770 1778 1376 1369 1771 1779 1377 19
1369 1771 1779 1377 1370 1772 1780 1378 19
1370 1772 1780 1378 1371 1773 1781 1379 19
1371 1773 1781 1379 1372 1774 1782 1380 19
1373 1775 1783 1381 1374 1776 1784 1382 19
1374 1776 1784 1382 1375 1777 1785 1383 19
1375 1777 1785 1383 1376 1778 1786 1384 19
1376 1778 1786 1384 1377 1779 1787 1385 19
1377 1779 1787 1385 1378 1780 1788 1386 19
1378 1780 1788 1386 1379 1781 1789 1387 19
1379 1781 1789 1387 1380 1782 1790 1388 19
1381 1783 1791 1389 1382 1784 1792 1390 19
1382 1784 1792 1390 1383 1785 1793 1391 19
1383 1785 1793 1391 1384 1786 1794 1392 19
1384 1786 1794 1392 1385 1787 1795 1393 19
1385 1787 1795 1393 1386 1788 1796 1394 19
1386 1788 1796 1394 1387 1789 1797 1395 19
1387 1789 1797 1395 1388 1790 1798 1396 19
1389 1791 1799 1397 1390 1792 1800 1398 19
1390 1792 1800 1398 1391 1793 1801 1399 19
1391 1793 1801 1399 1392 1794 1802 1400 19
1392 1794 1802 1400 1393 1795 1803 1401 19
1393 1795 1803 1401 1394 1796 1804 1402 19
1394 1796 1804 1402 1395 1797 1805 1403 19
1395 1797 1805 1403 1396 1798 1806 1404 19
1397 1799 1807 1405 1398 1800 1808 1406 19
1398 1800 1808 1406 1399 1801 1809 1407 19
1399 1801 1809 1407 1400 1802 1810 1408 19
1400 1802 1810 1408 1401 1803 1811 1409 19
1401 1803 1811 1409 1402 1804 1812 1410 19
1402 1804 1812 1410 1403 1805 1813 1411 19
1403 1805 1813 1411 1404 1806 1814 1412 19
1405 1807 1815 1413 1406 1808 1816 1414 19
1406 1808 1816 1414 1407 1809 1817 1415 19
1407 1809 1817 1415 1408 1810 1818 1416 19
1408 1810 1818 1416 1409 1811 1819 1417 19
1409 1811 1819 1417 1410 1812 1820 1418 19
1410 1812 1820 1418 1411 1813 1821 1419 19
1411 1813 1821 1419 1412 1814 1822 1420 19
1413 1815 1823 1421 1414 1816 1824 1422 19
1414 1816 1824 1422 1415 1817 1825 1423 19
1415 1817 1825 1423 1416 1818 1826 1424 19
1416 1818 1826 1424 1417 1819 1827 1425 19
1417 1819 1827 1425 1418 1820 1828 1426 19
1418 1820 1828 1426 1419 1821 1829 1427 19
1419 1821 1829 1427 1420 1822 1830 1428 19
1421 1823 1831 1429 1422 1824 1832 1430 19
1422 1824 1832 1430 1423 1825 1833 1431 19
1423 1825 1833 1431 1424 1826 1834 1432 19
1424 1826 1834 1432 1425 1827 1835 1433 19
1425 1827 1835 1433 1426 1828 1836 1434 19
1426 1828 1836 1434 1427 1829 1837 1435 19
1427 1829 1837 1435 1428 1830 1838 1436 19
1429 1831 1839 1437 1430 1832 1840 1438 19
1430 1832 1840 1438 1431 1833 1841 1439 19
1431 1833 1841 1439 1432 1834 1842 1440 19
1432 1834 1842 1440 1433 1835 1843 1441 19
1433 1835 1843 1441 1434 1836 1844 1442 19
1434 1836 1844 1442 1435 1837 1845 1443 19
1435 1837 1845 1443 1436 1838 1846 1444 19
1437 1839 1847 1445 1438 1840 1848 1446 19
1438 1840 1848 1446 1439 1841 1849 1447 19
1439 1841 1849 1447 1440 1842 1850 1448 19
1440 1842 1850 1448 1441 1843 1851 1449 19
1441 1843 1851 1449 1442 1844 1852 1450 19
1442 1844 1852 1450 1443 1845 1853 1451 19
1443 1845 1853 1451 1444 1846 1854 1452 19
1445 1847 1855 1453 1446 1848 1856 1454 19
1446 1848 1856 1454 1447 1849 1857 1455 19
1447 1849 1857 1455 1448 1850 1858 1456 19
1448 1850 1858 1456 1449 1851 1859 1457 19
1449 1851 1859 1457 1450 1852 1860 1458 19
1450 1852 1860 1458 1451 1853 1861 1459 19
1451 1853 1861 1459 1452 1854 1862 1460 19
1453 1855 1863 1461 1454 1856 1864 1462 19
1454 1856 1864 1462 1455 1857 1865 1463 19
1455 1857 1865 1463 1456 1858 1866 1464 19
1456 1858 1866 1464 1457 1859 1867 1465 19
1457 1859 1867 1465 1458 1860 1868 1466 19
1458 1860 1868 1466 1459 1861 1869 1467 19
1459 1861 1869 1467 1460 1862 1870 1468 19
1461 1863 1871 1469 1462 1864 1872 1470 19
1462 1864 1872 1470 1463 1865 1873 1471 19
1463 1865 1873 1471 1464 1866 1874 1472 19
1464 1866 1874 1472 1465 1867 1875 1473 19
1465 1867 1875 1473 1466 1868 1876 1474 19
1466 1868 1876 1474 1467 1869 1877 1475 19
1467 1869 1877 1475 1468 1870 1878 1476 19
1469 1871 1879 1477 1470 1872 1880 1478 19
1470 1872 1880 1478 1471 1873 1881 1479 19
1471 1873 1881 1479 1472 1874 1882 1480 19
1472 1874 1882 1480 1473 1875 1883 1481 19
1473 1875 1883 1481 1474 1876 1884 1482 19
1474 1876 1884 1482 1475 1877 1885 1483 19
1475 1877 1885 1483 1476 1878 1886 1484 19
1477 1879 1887 1485 1478 1880 1888 1486 19
1478 1880 1888 1486 1479 1881 1889 1487 19
1479 1881 1889 1487 1480 1882 1890 1488 19
1480 1882 1890 1488 1481 1883 1891 1489 19
1481 1883 1891 1489 1482 1884 1892 1490 19
1482 1884 1892 1490 1483 1885 1893 1491 19
1483 1885 1893 1491 1484 1886 1894 1492 19
1485 1887 1895 1493 1486 1888 1896 1494 19
1486 1888 1896 1494 1487 1889 1897 1495 19
1487 1889 1897 1495 1488 1890 1898 1496 19
1488 1890 1898 1496 1489 1891 1899 1497 19
1489 1891 1899 1497 1490 1892 1900 1498 19
1490 1892 1900 1498 1491 1893 1901 1499 19
1491 1893 1901 1499 1492 1894 1902 1500 19
1493 1895 1903 1501 1494 1896 1904 1502 19
1494 1896 1904 1502 1495 1897 1905 1503 19
1495 1897 1905 1503 1496 1898 1906 1504 19
1496 1898 1906 1504 1497 1899 1907 1505 19
1497 1899 1907 1505 1498 1900 1908 1506 19
1498 1900 1908 1506 1499 1901 1909 1507 19
1499 1901 1909 1507 1500 1902 1910 1508 19
1501 1903 1911 1509 1502 1904 1912 1510 19
1502 1904 1912 1510 1503 1905 1913 1511 19
1503 1905 1913 1511 1504 1906 1914 1512 19
1504 1906 1914 1512 1505 1907 1915 1513 19
1505 1907 1915 1513 1506 1908 1916 1514 19
1506 1908 1916 1514 1507 1909 1917 1515 19
1507 1909 1917 1515 1508 1910 1918 1516 19
1509 1911 1919 1517 1510 1912 1920 1518 11
1510 1912 1920 1518 1511 1913 1921 1519 11
1511 1913 1921 1519 1512 1914 1922 1520 11
1512 1914 1922 1520 1513 1915 1923 1521 11
1513 1915 1923 1521 1514 1916 1924 1522 11
1514 1916 1924 1522 1515 1917 1925 1523 11
1515 1917 1925 1523 1516 1918 1926 1524 11
1525 1927 1928 1526 1527 1929 1930 1528 19
1527 1929 1930 1528 1529 1931 1932 1530 20
1529 1931 1932 1530 1531 1933 1934 1532 20
1531 1933 1934 1532 1533 1935 1936 1534 20
1533 1935 1936 1534 1535 1937 1938 1536 19
1535 1937 1938 1536 1537 1939 1940 1538 19
1537 1939 1940 1538 1539 1941 1942 1540 19
1539 1941 1942 1540 1541 1943 1944 1542 3
1541 1943 1944 1542 1543 1945 1946 1544 3
1543 1945 1946 1544 1545 1947 1948 1546 3
1526 1928 1949 1547 1528 1930 1950 1548 19
1528 1930 1950 1548 1530 1932 1951 1549 20
1530 1932 1951 1549 1532 1934 1952 1550 20
1532 1934 1952 1550 1534 1936 1953 1551 20
1534 1936 1953 1551 1536 1938 1954 1552 19
1536 1938 1954 1552 1538 1940 1955 1553 19
1538 1940 1955 1553 1540 1942 1956 1554 19
1540 1942 1956 1554 1542 1944 1957 1555 3
1542 1944 1957 1555 1544 1946 1958 1556 3
1544 1946 1958 1556 1546 1948 1959 1557 3
1547 1949 1960 1558 1548 1950 1961 1559 19
1548 1950 1961 1559 1549 1951 1962 1560 20
1549 1951 1962 1560 1550 1952 1963 1561 20
1550 1952 1963 1561 1551 1953 1964 1562 20
1551 1953 1964 1562 1552 1954 1965 1563 19
1552 1954 1965 1563 1553 1955 1966 1564 19
1553 1955 1966 1564 1554 1956 1967 1565 19
1554 1956 1967 1565 1555 1957 1968 1566 3
1555 1957 1968 1566 1556 1958 1969 1567 3
1556 1958 1969 1567 1557 1959 1970 1568 3
1558 1960 1971 1569 1559 1961 1972 1570 19
1559 1961 1972 1570 1560 1962 1973 1571 20
1560 1962 1973 1571 1561 1963 1974 1572 20
1561 1963 1974 1572 1562 1964 1975 1573 20
1562 1964 1975 1573 1563 1965 1976 1574 19
1563 1965 1976 1574 1564 1966 1977 1575 19
1564 1966 1977 1575 1565 1967 1978 1576 19
1565 1967 1978 1576 1566 1968 1979 1577 3
1566 1968 1979 1577 1567 1969 1980 1578 3
1567 1969 1980 1578 1568 1970 1981 1579 3
1569 1971 1982 1580 1570 1972 1983 1581 19
1570 1972 1983 1581 1571 1973 1984 1582 20
1571 1973 1984 1582 1572 1974 1985 1583 20
1572 1974 1985 1583 1573 1975 1986 1584 20
1573 1975 1986 1584 1574 1976 1987 1585 19
1574 1976 1987 1585 1575 1977 1988 1586 19
1575 1977 1988 1586 1576 1978 1989 1587 19
1576 1978 1989 1587 1577 1979 1990 1588 3
1577 1979 1990 1588 1578 1980 1991 1589 3
1578 1980 1991 1589 1579 1981 1992 1590 3
1580 1982 1993 1591 1581 1983 1994 1592 19
1581 1983 1994 1592 1582 1984 1995 1593 20
1582 1984 1995 1593 1583 1985 1996 1594 20
1583 1985 1996 1594 1584 1986 1997 1595 20
1584 1986 1997 1595 1585 1987 1998 1596 19
1585 1987 1998 1596 1586 1988 1999 1597 19
1586 1988 1999 1597 1587 1989 2000 1598 19
1587 1989 2000 1598 1588 1990 2001 1599 3
1588 1990 2001 1599 1589 1991 2002 1600 3
1589 1991 2002 1600 1590 1992 2003 1601 3
1591 1993 2004 1602 1592 1994 2005 1603 19
1592 1994 2005 1603 1593 1995 2006 1604 20
1593 1995 2006 1604 1594 1996 2007 1605 20
1594 1996 2007 1605 1595 1997 2008 1606 20
1595 1997 2008 1606 1596 1998 2009 1607 19
1596 1998 2009 1607 1597 1999 2010 1608 19
1597 1999 2010 1608 1598 2000 2011 1609 19
1598 2000 2011 1609 1599 2001 2012 1610 3
1599 2001 2012 1610 1600 2002 2013 1611 3
1600 2002 2013 1611 1601 2003 2014 1612 3
1602 2004 2015 1613 1603 2005 2016 1614 19
1603 2005 2016 1614 1604 2006 2017 1615 20
1604 2006 2017 1615 1605 2007 2018 1616 20
1605 2007 2018 1616 1606 2008 2019 1617 20
1606 2008 2019 1617 1607 2009 2020 1618 19
1607 2009 2020 1618 1608 2010 2021 1619 19
1608 2010 2021 1619 1609 2011 2022 1620 19
1609 2011 2022 1620 1610 2012 2023 1621 3
1610 2012 2023 1621 1611 2013 2024 1622 3
1611 2013 2024 1622 1612 2014 2025 1623 3
1613 2015 2026 1624 1614 2016 2027 1625 19
1614 2016 2027 1625 1615 2017 2028 1626 20
1615 2017 2028 1626 1616 2018 2029 1627 20
1616 2018 2029 1627 1617 2019 2030 1628 20
1617 2019 2030 1628 1618 2020 2031 1629 19
1618 2020 2031 1629 1619 2021 2032 1630 19
1619 2021 2032 1630 1620 2022 2033 1631 19
1620 2022 2033 1631 1621 2023 2034 1632 3
1621 2023 2034 1632 1622 2024 2035 1633 3
1622 2024 2035 1633 1623 2025 2036 1634 3
1624 2026 2037 1635 1625 2027 2038 1636 19
1625 2027 2038 1636 1626 2028 2039 1637 20
1626 2028 2039 1637 1627 2029 2040 1638 20
1627 2029 2040 1638 1628 2030 2041 1639 20
1628 2030 2041 1639 1629 2031 2042 1640 19
1629 2031 2042 1640 1630 2032 2043 1641 19
1630 2032 2043 1641 1631 2033 2044 1642 19
1631 2033 2044 1642 1632 2034 2045 1643 3
1632 2034 2045 1643 1633 2035 2046 1644 3
1633 2035 2046 1644 1634 2036 2047 1645 3
1635 2037 2048 1646 1636 2038 2049 1647 19
1636 2038 2049 1647 1637 2039 2050 1648 20
1637 2039 2050 1648 1638 2040 2051 1649 20
1638 2040 2051 1649 1639 2041 2052 1650 20
1639 2041 2052 1650 1640 2042 2053 1651 19
1640 2042 2053 1651 1641 2043 2054 1652 19
1641 2043 2054 1652 1642 2044 2055 1653 19
1642 2044 2055 1653 1643 2045 2056 1654 3
1643 2045 2056 1654 1644 2046 2057 1655 3
1644 2046 2057 1655 1645 2047 2058 1656 3
1646 2048 2059 1657 1647 2049 2060 1658 19
1647 2049 2060 1658 1648 2050 2061 1659 20
1648 2050 2061 1659 1649 2051 2062 1660 20
1649 2051 2062 1660 1650 2052 2063 1661 20
1650 2052 2063 1661 1651 2053 2064 1662 19
1651 2053 2064 1662 1652 2054 2065 1663 19
1652 2054 2065 1663 1653 2055 2066 1664 19
1653 2055 2066 1664 1654 2056 2067 1665 3
1654 2056 2067 1665 1655 2057 2068 1666 3
1655 2057 2068 1666 1656 2058 2069 1667 3
1657 2059 2070 1668 1658 2060 2071 1669 19
1658 2060 2071 1669 1659 2061 2072 1670 19
1659 2061 2072 1670 1660 2062 2073 1671 19
1660 2062 2073 1671 1661 2063 2074 1672 19
1661 2063 2074 1672 1662 2064 2075 1673 19
1662 2064 2075 1673 1663 2065 2076 1674 19
1663 2065 2076 1674 1664 2066 2077 1675 19
1664 2066 2077 1675 1665 2067 2078 1676 3
1665 2067 2078 1676 1666 2068 2079 1677 3
1666 2068 2079 1677 1667 2069 2080 1678 3
1668 2070 2081 1679 1669 2071 2082 1680 19
1669 2071 2082 1680 1670 2072 2083 1681 19
1670 2072 2083 1681 1671 2073 2084 1682 19
1671 2073 2084 1682 1672 2074 2085 1683 19
1672 2074 2085 1683 1673 2075 2086 1684 19
1673 2075 2086 1684 1674 2076 2087 1685 19
1674 2076 2087 1685 1675 2077 2088 1686 19
1679 2081 2089 1687 1680 2082 2090 1688 19
1680 2082 2090 1688 1681 2083 2091 1689 19
1681 2083 2091 1689 1682 2084 2092 1690 19
1682 2084 2092 1690 1683 2085 2093 1691 19
1683 2085 2093 1691 1684 2086 2094 1692 19
1684 2086 2094 1692 1685 2087 2095 1693 19
1685 2087 2095 1693 1686 2088 2096 1694 19
1687 2089 2097 1695 1688 2090 2098 1696 19
1688 2090 2098 1696 1689 2091 2099 1697 19
1689 2091 2099 1697 1690 2092 2100 1698 19
1690 2092 2100 1698 1691 2093 2101 1699 19
1691 2093 2101 1699 1692 2094 2102 1700 19
1692 2094 2102 1700 1693 2095 2103 1701 19
1693 2095 2103 1701 1694 2096 2104 1702 19
1695 2097 2105 1703 1696 2098 2106 1704 19
1696 2098 2106 1704 1697 2099 2107 1705 19
1697 2099 2107 1705 1698 2100 2108 1706 19
1698 2100 2108 1706 1699 2101 2109 1707 19
1699 2101 2109 1707 1700 2102 2110 1708 19
1700 2102 2110 1708 1701 2103 2111 1709 19
1701 2103 2111 1709 1702 2104 2112 1710 19
1703 2105 2113 1711 1704 2106 2114 1712 19
1704 2106 2114 1712 1705 2107 2115 1713 19
1705 2107 2115 1713 1706 2108 2116 1714 19
1706 2108 2116 1714 1707 2109 2117 1715 19
1707 2109 2117 1715 1708 2110 2118 1716 19
1708 2110 2118 1716 1709 2111 2119 1717 19
1709 2111 2119 1717 1710 2112 2120 1718 19
1711 2113 2121 1719 1712 2114 2122 1720 19
1712 2114 2122 1720 1713 2115 2123 1721 19
1713 2115 2123 1721 1714 2116 2124 1722 19
1714 2116 2124 1722 1715 2117 2125 1723 19
1715 2117 2125 1723 1716 2118 2126 1724 19
1716 2118 2126 1724 1717 2119 2127 1725 19
1717 2119 2127 1725 1718 2120 2128 1726 19
1719 2121 2129 1727 1720 2122 2130 1728 19
1720 2122 2130 1728 1721 2123 2131 1729 19
1721 2123 2131 1729 1722 2124 2132 1730 19
1722 2124 2132 1730 1723 2125 2133 1731 19
1723 2125 2133 1731 1724 2126 2134 1732 19
1724 2126 2134 1732 1725 2127 2135 1733 19
1725 2127 2135 1733 1726 2128 2136 1734 19
1727 2129 2137 1735 1728 2130 2138 1736 19
1728 2130 2138 1736 1729 2131 2139 1737 19
1729 2131 2139 1737 1730 2132 2140 1738 19
1730 2132 2140 1738 1731 2133 2141 1739 19
1731 2133 2141 1739 1732 2134 2142 1740 19
1732 2134 2142 1740 1733 2135 2143 1741 19
1733 2135 2143 1741 1734 2136 2144 1742 19
1735 2137 2145 1743 1736 2138 2146 1744 19
1736 2138 2146 1744 1737 2139 2147 1745 19
1737 2139 2147 1745 1738 2140 2148 1746 19
1738 2140 2148 1746 1739 2141 2149 1747 19
1739 2141 2149 1747 1740 2142 2150 1748 19
1740 2142 2150 1748 1741 2143 2151 1749 19
1741 2143 2151 1749 1742 2144 2152 1750 19
1743 2145 2153 1751 1744 2146 2154 1752 19
1744 2146 2154 1752 1745 2147 2155 1753 19
1745 2147 2155 1753 1746 2148 2156 1754 19
1746 2148 2156 1754 1747 2149 2157 1755 19
1747 2149 2157 1755 1748 2150 2158 1756 19
1748 2150 2158 1756 1749 2151 2159 1757 19
1749 2151 2159 1757 1750 2152 2160 1758 19
1751 2153 2161 1759 1752 2154 2162 1760 19
1752 2154 2162 1760 1753 2155 2163 1761 19
1753 2155 2163 1761 1754 2156 2164 1762 19
1754 2156 2164 1762 1755 2157 2165 1763 19
1755 2157 2165 1763 1756 2158 2166 1764 19
1756 2158 2166 1764 1757 2159 2167 1765 19
1757 2159 2167 1765 1758 2160 2168 1766 19
1759 2161 2169 1767 1760 2162 2170 1768 19
1760 2162 2170 1768 1761 2163 2171 1769 19
1761 2163 2171 1769 1762 2164 2172 1770 19
1762 2164 2172 1770 1763 2165 2173 1771 19
1763 2165 2173 1771 1764 2166 2174 1772 19
1764 2166 2174 1772 1765 2167 2175 1773 19
1765 2167 2175 1773 1766 2168 2176 1774 19
1767 2169 2177 1775 1768 2170 2178 1776 19
1768 2170 2178 1776 1769 2171 2179 1777 19
1769 2171 2179 1777 1770 2172 2180 1778 19
1770 2172 2180 1778 1771 2173 2181 1779 19
1771 2173 2181 1779 1772 2174 2182 1780 19
1772 2174 2182 1780 1773 2175 2183 1781 19
1773 2175 2183 1781 1774 2176 2184 1782 19
1775 2177 2185 1783 1776 2178 2186 1784 19
1776 2178 2186 1784 1777 2179 2187 1785 19
1777 2179 2187 1785 1778 2180 2188 1786 19
1778 2180 2188 1786 1779 2181 2189 1787 19
1779 2181 2189 1787 1780 2182 2190 1788 19
1780 2182 2190 1788 1781 2183 2191 1789 19
1781 2183 2191 1789 1782 2184 2192 1790 19
1783 2185 2193 1791 1784 2186 2194 1792 19
1784 2186 2194 1792 1785 2187 2195 1793 19
1785 2187 2195 1793 1786 2188 2196 1794 19
1786 2188 2196 1794 1787 2189 2197 1795 19
1787 2189 2197 1795 1788 2190 2198 1796 19
1788 2190 2198 1796 1789 2191 2199 1797 19
1789 2191 2199 1797 1790 2192 2200 1798 19
1791 2193 2201 1799 1792 2194 2202 1800 19
1792 2194 2202 1800 1793 2195 2203 1801 19
1793 2195 2203 1801 1794 2196 2204 1802 19
1794 2196 2204 1802 1795 2197 2205 1803 19
1795 2197 2205 1803 1796 2198 2206 1804 19
1796 2198 2206 1804 1797 2199 2207 1805 19
1797 2199 2207 1805 1798 2200 2208 1806 19
1799 2201 2209 1807 1800 2202 2210 1808 19
1800 2202 2210 1808 1801 2203 2211 1809 19
1801 2203 2211 1809 1802 2204 2212 1810 19
1802 2204 2212 1810 1803 2205 2213 1811 19
1803 2205 2213 1811 1804 2206 2214 1812 19
1804 2206 2214 1812 1805 2207 2215 1813 19
1805 2207 2215 1813 1806 2208 2216 1814 19
1807 2209 2217 1815 1808 2210 2218 1816 19
1808 2210 2218 1816 1809 2211 2219 1817 19
1809 2211 2219 1817 1810 2212 2220 1818 19
1810 2212 2220 1818 1811 2213 2221 1819 19
1811 2213 2221 1819 1812 2214 2222 1820 19
1812 2214 2222 1820 1813 2215 2223 1821 19
1813 2215 2223 1821 1814 2216 2224 1822 19
1815 2217 2225 1823 1816 2218 2226 1824 19
1816 2218 2226 1824 1817 2219 2227 1825 19
1817 2219 2227 1825 1818 2220 2228 1826 19
1818 2220 2228 1826 1819 2221 2229 1827 19
1819 2221 2229 1827 1820 2222 2230 1828 19
1820 2222 2230 1828 1821 2223 2231 1829 19
1821 2223 2231 1829 1822 2224 2232 1830 19
1823 2225 2233 1831 1824 2226 2234 1832 19
1824 2226 2234 1832 1825 2227 2235 1833 19
1825 2227 2235 1833 1826 2228 2236 1834 19
1826 2228 2236 1834 1827 2229 2237 1835 19
1827 2229 2237 1835 1828 2230 2238 1836 19
1828 2230 2238 1836 1829 2231 2239 1837 19
1829 2231 2239 1837 1830 2232 2240 1838 19
1831 2233 2241 1839 1832 2234 2242 1840 19
1832 2234 2242 1840 1833 2235 2243 1841 19
1833 2235 2243 1841 1834 2236 2244 1842 19
1834 2236 2244 1842 1835 2237 2245 1843 19
1835 2237 2245 1843 1836 2238 2246 1844 19
1836 2238 2246 1844 1837 2239 2247 1845 19
1837 2239 2247 1845 1838 2240 2248 1846 19
1839 2241 2249 1847 1840 2242 2250 1848 19
1840 2242 2250 1848 1841 2243 2251 1849 19
1841 2243 2251 1849 1842 2244 2252 1850 19
1842 2244 2252 1850 1843 2245 2253 1851 19
1843 2245 2253 1851 1844 2246 2254 1852 19
1844 2246 2254 1852 1845 2247 2255 1853 19
1845 2247 2255 1853 1846 2248 2256 1854 19
1847 2249 2257 1855 1848 2250 2258 1856 19
1848 2250 2258 1856 1849 2251 2259 1857 19
1849 2251 2259 1857 1850 2252 2260 1858 19
1850 2252 2260 1858 1851 2253 2261 1859 19
1851 2253 2261 1859 1852 2254 2262 1860 19
1852 2254 2262 1860 1853 2255 2263 1861 19
1853 2255 2263 1861 1854 2256 2264 1862 19
1855 2257 2265 1863 1856 2258 2266 1864 19
1856 2258 2266 1864 1857 2259 2267 1865 19
1857 2259 2267 1865 1858 2260 2268 1866 19
1858 2260 2268 1866 1859 2261 2269 1867 19
1859 2261 2269 1867 1860 2262 2270 1868 19
1860 2262 2270 1868 1861 2263 2271 1869 19
1861 2263 2271 1869 1862 2264 2272 1870 19
1863 2265 2273 1871 1864 2266 2274 1872 19
1864 2266 2274 1872 1865 2267 2275 1873 19
1865 2267 2275 1873 1866 2268 2276 1874 19
1866 2268 2276 1874 1867 2269 2277 1875 19
1867 2269 2277 1875 1868 2270 2278 1876 19
1868 2270 2278 1876 1869 2271 2279 1877 19
1869 2271 2279 1877 1870 2272 2280 1878 19
1871 2273 2281 1879 1872 2274 2282 1880 19
1872 2274 2282 1880 1873 2275 2283 1881 19
1873 2275 2283 1881 1874 2276 2284 1882 19
1874 2276 2284 1882 1875 2277 2285 1883 19
1875 2277 2285 1883 1876 2278 2286 1884 19
1876 2278 2286 1884 1877 2279 2287 1885 19
1877 2279 2287 1885 1878 2280 2288 1886 19
1879 2281 2289 1887 1880 2282 2290 1888 19
1880 2282 2290 1888 1881 2283 2291 1889 19
1881 2283 2291 1889 1882 2284 2292 1890 19
1882 2284 2292 1890 1883 2285 2293 1891 19
1883 2285 2293 1891 1884 2286 2294 1892 19
1884 2286 2294 1892 1885 2287 2295 1893 19
1885 2287 2295 1893 1886 2288 2296 1894 19
1887 2289 2297 1895 1888 2290 2298 1896 19
1888 2290 2298 1896 1889 2291 2299 1897 19
1889 2291 2299 1897 1890 2292 2300 1898 19
1890 2292 2300 1898 1891 2293 2301 1899 19
1891 2293 2301 1899 1892 2294 2302 1900 19
1892 2294 2302 1900 1893 2295 2303 1901 19
1893 2295 2303 1901 1894 2296 2304 1902 19
1895 2297 2305 1903 1896 2298 2306 1904 19
1896 2298 2306 1904 1897 2299 2307 1905 19
1897 2299 2307 1905 1898 2300 2308 1906 19
1898 2300 2308 1906 1899 2301 2309 1907 19
1899 2301 2309 1907 1900 2302 2310 1908 19
1900 2302 2310 1908 1901 2303 2311 1909 19
1901 2303 2311 1909 1902 2304 2312 1910 19
1903 2305 2313 1911 1904 2306 2314 1912 19
1904 2306 2314 1912 1905 2307 2315 1913 19
1905 2307 2315 1913 1906 2308 2316 1914 19
1906 2308 2316 1914 1907 2309 2317 1915 19
1907 2309 2317 1915 1908 2310 2318 1916 19
1908 2310 2318 1916 1909 2311 2319 1917 19
1909 2311 2319 1917 1910 2312 2320 1918 19
1911 2313 2321 1919 1912 2314 2322 1920 11
1912 2314 2322 1920 1913 2315 2323 1921 11
1913 2315 2323 1921 1914 2316 2324 1922 11
1914 2316 2324 1922 1915 2317 2325 1923 11
1915 2317 2325 1923 1916 2318 2326 1924 11
1916 2318 2326 1924 1917 2319 2327 1925 11
1917 2319 2327 1925 1918 2320 2328 1926 11
1927 2329 2330 1928 1929 2331 2332 1930 19
1929 2331 2332 1930 1931 2333 2334 1932 20
1931 2333 2334 1932 1933 2335 2336 1934 20
1933 2335 2336 1934 1935 2337 2338 1936 20
1935 2337 2338 1936 1937 2339 2340 1938 19
1937 2339 2340 1938 1939 2341 2342 1940 19
1939 2341 2342 1940 1941 2343 2344 1942 19
1941 2343 2344 1942 1943 2345 2346 1944 3
1943 2345 2346 1944 1945 2347 2348 1946 3
1945 2347 2348 1946 1947 2349 2350 1948 3
1928 2330 2351 1949 1930 2332 2352 1950 19
1930 2332 2352 1950 1932 2334 2353 1951 20
1932 2334 2353 1951 1934 2336 2354 1952 20
1934 2336 2354 1952 1936 2338 2355 1953 20
1936 2338 2355 1953 1938 2340 2356 1954 19
1938 2340 2356 1954 1940 2342 2357 1955 19
1940 2342 2357 1955 1942 2344 2358 1956 19
1942 2344 2358 1956 1944 2346 2359 1957 3
1944 2346 2359 1957 1946 2348 2360 1958 3
1946 2348 2360 1958 1948 2350 2361 1959 3
1949 2351 2362 1960 1950 2352 2363 1961 19
1950 2352 2363 1961 1951 2353 2364 1962 20
1951 2353 2364 1962 1952 2354 2365 1963 20
1952 2354 2365 1963 1953 2355 2366 1964 20
1953 2355 2366 1964 1954 2356 2367 1965 19
1954 2356 2367 1965 1955 2357 2368 1966 19
1955 2357 2368 1966 1956 2358 2369 1967 19
1956 2358 2369 1967 1957 2359 2370 1968 3
1957 2359 2370 1968 1958 2360 2371 1969 3
1958 2360 2371 1969 1959 2361 2372 1970 3
1960 2362 2373 1971 1961 2363 2374 1972 19
1961 2363 2374 1972 1962 2364 2375 1973 20
1962 2364 2375 1973 1963 2365 2376 1974 20
1963 2365 2376 1974 1964 2366 2377 1975 20
1964 2366 2377 1975 1965 2367 2378 1976 19
1965 2367 2378 1976 1966 2368 2379 1977 19
1966 2368 2379 1977 1967 2369 2380 1978 19
1967 2369 2380 1978 1968 2370 2381 1979 3
1968 2370 2381 1979 1969 2371 2382 1980 3
1969 2371 2382 1980 1970 2372 2383 1981 3
1971 2373 2384 1982 1972 2374 2385 1983 19
1972 2374 2385 1983 1973 2375 2386 1984 20
1973 2375 2386 1984 1974 2376 2387 1985 20
1974 2376 2387 1985 1975 2377 2388 1986 20
1975 2377 2388 1986 1976 2378 2389 1987 19
1976 2378 2389 1987 1977 2379 2390 1988 19
1977 2379 2390 1988 1978 2380 2391 1989 19
1978 2380 2391 1989 1979 2381 2392 1990 3
1979 2381 2392 1990 1980 2382 2393 1991 3
1980 2382 2393 1991 1981 2383 2394 1992 3
1982 2384 2395 1993 1983 2385 2396 1994 19
1983 2385 2396 1994 1984 2386 2397 1995 20
1984 2386 2397 1995 1985 2387 2398 1996 20
1985 2387 2398 1996 1986 2388 2399 1997 20
1986 2388 2399 1997 1987 2389 2400 1998 19
1987 2389 2400 1998 1988 2390 2401 1999 19
1988 2390 2401 1999 1989 2391 2402 2000 19
1989 2391 2402 2000 1990 2392 2403 2001 3
1990 2392 2403 2001 1991 2393 2404 2002 3
1991 2393 2404 2002 1992 2394 2405 2003 3
1993 2395 2406 2004 1994 2396 2407 2005 19
1994 2396 2407 2005 1995 2397 2408 2006 20
1995 2397 2408 2006 1996 2398 2409 2007 20
1996 2398 2409 2007 1997 2399 2410 2008 20
1997 2399 2410 2008 1998 2400 2411 2009 19
1998 2400 2411 2009 1999 2401 2412 2010 19
1999 2401 2412 2010 2000 2402 2413 2011 19
2000 2402 2413 2011 2001 2403 2414 2012 3
2001 2403 2414 2012 2002 2404 2415 2013 3
2002 2404 2415 2013 2003 2405 2416 2014 3
2004 2406 2417 2015 2005 2407 2418 2016 19
2005 2407 2418 2016 2006 2408 2419 2017 20
2006 2408 2419 2017 2007 2409 2420 2018 20
2007 2409 2420 2018 2008 2410 2421 2019 20
2008 2410 2421 2019 2009 2411 2422 2020 19
2009 2411 2422 2020 2010 2412 2423 2021 19
2010 2412 2423 2021 2011 2413 2424 2022 19
2011 2413 2424 2022 2012 2414 2425 2023 3
2012 2414 2425 2023 2013 2415 2426 2024 3
2013 2415 2426 2024 2014 2416 2427 2025 3
2015 2417 2428 2026 2016 2418 2429 2027 19
2016 2418 2429 2027 2017 2419 2430 2028 20
2017 2419 2430 2028 2018 2420 2431 2029 20
2018 2420 2431 2029 2019 2421 2432 2030 20
2019 2421 2432 2030 2020 2422 2433 2031 19
2020 2422 2433 2031 2021 2423 2434 2032 19
2021 2423 2434 2032 2022 2424 2435 2033 19
2022 2424 2435 2033 2023 2425 2436 2034 3
2023 2425 2436 2034 2024 2426 2437 2035 3
2024 2426 2437 2035 2025 2427 2438 2036 3
2026 2428 2439 2037 2027 2429 2440 2038 19
2027 2429 2440 2038 2028 2430 2441 2039 20
2028 2430 2441 2039 2029 2431 2442 2040 20
2029 2431 2442 2040 2030 2432 2443 2041 20
2030 2432 2443 2041 2031 2433 2444 2042 19
2031 2433 2444 2042 2032 2434 2445 2043 19
2032 2434 2445 2043 2033 2435 2446 2044 19
2033 2435 2446 2044 2034 2436 2447 2045 3
2034 2436 2447 2045 2035 2437 2448 2046 3
2035 2437 2448 2046 2036 2438 2449 2047 3
2037 2439 2450 2048 2038 2440 2451 2049 19
2038 2440 2451 2049 2039 2441 2452 2050 20
2039 2441 2452 2050 2040 2442 2453 2051 20
2040 2442 2453 2051 2041 2443 2454 2052 20
2041 2443 2454 2052 2042 2444 2455 2053 19
2042 2444 2455 2053 2043 2445 2456 2054 19
2043 2445 2456 2054 2044 2446 2457 2055 19
2044 2446 2457 2055 2045 2447 2458 2056 3
2045 2447 2458 2056 2046 2448 2459 2057 3
2046 2448 2459 2057 2047 2449 2460 2058 3
2048 2450 2461 2059 2049 2451 2462 2060 19
2049 2451 2462 2060 2050 2452 2463 2061 20
2050 2452 2463 2061 2051 2453 2464 2062 20
2051 2453 2464 2062 2052 2454 2465 2063 20
2052 2454 2465 2063 2053 2455 2466 2064 19
2053 2455 2466 2064 2054 2456 2467 2065 19
2054 2456 2467 2065 2055 2457 2468 2066 19
2055 2457 2468 2066 2056 2458 2469 2067 3
2056 2458 2469 2067 2057 2459 2470 2068 3
2057 2459 2470 2068 2058 2460 2471 2069 3
2059 2461 2472 2070 2060 2462 2473 2071 19
2060 2462 2473 2071 2061 2463 2474 2072 19
2061 2463 2474 2072 2062 2464 2475 2073 19
2062 2464 2475 2073 2063 2465 2476 2074 19
2063 2465 2476 2074 2064 2466 2477 2075 19
2064 2466 2477 2075 2065 2467 2478 2076 19
2065 2467 2478 2076 2066 2468 2479 2077 19
2066 2468 2479 2077 2067 2469 2480 2078 3
2067 2469 2480 2078 2068 2470 2481 2079 3
2068 2470 2481 2079 2069 2471 2482 2080 3
2070 2472 2483 2081 2071 2473 2484 2082 19
2071 2473 2484 2082 2072 2474 2485 2083 19
2072 2474 2485 2083 2073 2475 2486 2084 19
2073 2475 2486 2084 2074 2476 2487 2085 19
2074 2476 2487 2085 2075 2477 2488 2086 19
2075 2477 2488 2086 2076 2478 2489 2087 19
2076 2478 2489 2087 2077 2479 2490 2088 19
2081 2483 2491 2089 2082 2484 2492 2090 19
2082 2484 2492 2090 2083 2485 2493 2091 19
2083 2485 2493 2091 2084 2486 2494 2092 19
2084 2486 2494 2092 2085 2487 2495 2093 19
2085 2487 2495 2093 2086 2488 2496 2094 19
2086 2488 2496 2094 2087 2489 2497 2095 19
2087 2489 2497 2095 2088 2490 2498 2096 19
2089 2491 2499 2097 2090 2492 2500 2098 19
2090 2492 2500 2098 2091 2493 2501 2099 19
2091 2493 2501 2099 2092 2494 2502 2100 19
2092 2494 2502 2100 2093 2495 2503 2101 19
2093 2495 2503 2101 2094 2496 2504 2102 19
2094 2496 2504 2102 2095 2497 2505 2103 19
2095 2497 2505 2103 2096 2498 2506 2104 19
2097 2499 2507 2105 2098 2500 2508 2106 19
2098 2500 2508 2106 2099 2501 2509 2107 19
2099 2501 2509 2107 2100 2502 2510 2108 19
2100 2502 2510 2108 2101 2503 2511 2109 19
2101 2503 2511 2109 2102 2504 2512 2110 19
2102 2504 2512 2110 2103 2505 2513 2111 19
2103 2505 2513 2111 2104 2506 2514 2112 19
2105 2507 2515 2113 2106 2508 2516 2114 19
2106 2508 2516 2114 2107 2509 2517 2115 19
2107 2509 2517 2115 2108 2510 2518 2116 19
2108 2510 2518 2116 2109 2511 2519 2117 19
2109 2511 2519 2117 2110 2512 2520 2118 19
2110 2512 2520 2118 2111 2513 2521 2119 19
2111 2513 2521 2119 2112 2514 2522 2120 19
2113 2515 2523 2121 2114 2516 2524 2122 19
2114 2516 2524 2122 2115 2517 2525 2123 19
2115 2517 2525 2123 2116 2518 2526 2124 19
2116 2518 2526 2124 2117 2519 2527 2125 19
2117 2519 2527 2125 2118 2520 2528 2126 19
2118 2520 2528 2126 2119 2521 2529 2127 19
2119 2521 2529 2127 2120 2522 2530 2128 19
2121 2523 2531 2129 2122 2524 2532 2130 19
2122 2524 2532 2130 2123 2525 2533 2131 19
2123 2525 2533 2131 2124 2526 2534 2132 19
2124 2526 2534 2132 2125 2527 2535 2133 19
2125 2527 2535 2133 2126 2528 2536 2134 19
2126 2528 2536 2134 2127 2529 2537 2135 19
2127 2529 2537 2135 2128 2530 2538 2136 19
2129 2531 2539 2137 2130 2532 2540 2138 19
2130 2532 2540 2138 2131 2533 2541 2139 19
2131 2533 2541 2139 2132 2534 2542 2140 19
2132 2534 2542 2140 2133 2535 2543 2141 19
2133 2535 2543 2141 2134 2536 2544 2142 19
2134 2536 2544 2142 2135 2537 2545 2143 19
2135 2537 2545 2143 2136 2538 2546 2144 19
2137 2539 2547 2145 2138 2540 2548 2146 19
2138 2540 2548 2146 2139 2541 2549 2147 19
2139 2541 2549 2147 2140 2542 2550 2148 19
2140 2542 2550 2148 2141 2543 2551 2149 19
2141 2543 2551 2149 2142 2544 2552 2150 19
2142 2544 2552 2150 2143 2545 2553 2151 19
2143 2545 2553 2151 2144 2546 2554 2152 19
2145 2547 2555 2153 2146 2548 2556 2154 19
2146 2548 2556 2154 2147 2549 2557 2155 19
2147 2549 2557 2155 2148 2550 2558 2156 19
2148 2550 2558 2156 2149 2551 2559 2157 19
2149 2551 2559 2157 2150 2552 2560 2158 19
2150 2552 2560 2158 2151 2553 2561 2159 19
2151 2553 2561 2159 2152 2554 2562 2160 19
2153 2555 2563 2161 2154 2556 2564 2162 19
2154 2556 2564 2162 2155 2557 2565 2163 19
2155 2557 2565 2163 2156 2558 2566 2164 19
2156 2558 2566 2164 2157 2559 2567 2165 19
2157 2559 2567 2165 2158 2560 2568 2166 19
2158 2560 2568 2166 2159 2561 2569 2167 19
2159 2561 2569 2167 2160 2562 2570 2168 19
2161 2563 2571 2169 2162 2564 2572 2170 19
2162 2564 2572 2170 2163 2565 2573 2171 19
2163 2565 2573 2171 2164 2566 2574 2172 19
2164 2566 2574 2172 2165 2567 2575 2173 19
2165 2567 2575 2173 2166 2568 2576 2174 19
2166 2568 2576 2174 2167 2569 2577 2175 19
2167 2569 2577 2175 2168 2570 2578 2176 19
2169 2571 2579 2177 2170 2572 2580 2178 19
2170 2572 2580 2178 2171 2573 2581 2179 19
2171 2573 2581 2179 2172 2574 2582 2180 19
2172 2574 2582 2180 2173 2575 2583 2181 19
2173 2575 2583 2181 2174 2576 2584 2182 19
2174 2576 2584 2182 2175 2577 2585 2183 19
2175 2577 2585 2183 2176 2578 2586 2184 19
2177 2579 2587 2185 2178 2580 2588 2186 19
2178 2580 2588 2186 2179 2581 2589 2187 19
2179 2581 2589 2187 2180 2582 2590 2188 19
2180 2582 2590 2188 2181 2583 2591 2189 19
2181 2583 2591 2189 2182 2584 2592 2190 19
2182 2584 2592 2190 2183 2585 2593 2191 19
2183 2585 2593 2191 2184 2586 2594 2192 19
2185 2587 2595 2193 2186 2588 2596 2194 19
2186 2588 2596 2194 2187 2589 2597 2195 19
2187 2589 2597 2195 2188 2590 2598 2196 19
2188 2590 2598 2196 2189 2591 2599 2197 19
2189 2591 2599 2197 2190 2592 2600 2198 19
2190 2592 2600 2198 2191 2593 2601 2199 19
2191 2593 2601 2199 2192 2594 2602 2200 19
2193 2595 2603 2201 2194 2596 2604 2202 19
2194 2596 2604 2202 2195 2597 2605 2203 19
2195 2597 2605 2203 2196 2598 2606 2204 19
2196 2598 2606 2204 2197 2599 2607 2205 19
2197 2599 2607 2205 2198 2600 2608 2206 19
2198 2600 2608 2206 2199 2601 2609 2207 19
2199 2601 2609 2207 2200 2602 2610 2208 19
2201 2603 2611 2209 2202 2604 2612 2210 19
2202 2604 2612 2210 2203 2605 2613 2211 19
2203 2605 2613 2211 2204 2606 2614 2212 19
2204 2606 2614 2212 2205 2607 2615 2213 19
2205 2607 2615 2213 2206 2608 2616 2214 19
2206 2608 2616 2214 2207 2609 2617 2215 19
2207 2609 2617 2215 2208 2610 2618 2216 19
2209 2611 2619 2217 2210 2612 2620 2218 19
2210 2612 2620 2218 2211 2613 2621 2219 19
2211 2613 2621 2219 2212 2614 2622 2220 19
2212 2614 2622 2220 2213 2615 2623 2221 19
2213 2615 2623 2221 2214 2616 2624 2222 19
2214 2616 2624 2222 2215 2617 2625 2223 19
2215 2617 2625 2223 2216 2618 2626 2224 19
2217 2619 2627 2225 2218 2620 2628 2226 19
2218 2620 2628 2226 2219 2621 2629 2227 19
2219 2621 2629 2227 2220 2622 2630 2228 19
2220 2622 2630 2228 2221 2623 2631 2229 19
2221 2623 2631 2229 2222 2624 2632 2230 19
2222 2624 2632 2230 2223 2625 2633 2231 19
2223 2625 2633 2231 2224 2626 2634 2232 19
2225 2627 2635 2233 2226 2628 2636 2234 19
2226 2628 2636 2234 2227 2629 2637 2235 19
2227 2629 2637 2235 2228 2630 2638 2236 19
2228 2630 2638 2236 2229 2631 2639 2237 19
2229 2631 2639 2237 2230 2632 2640 2238 19
2230 2632 2640 2238 2231 2633 2641 2239 19
2231 2633 2641 2239 2232 2634 2642 2240 19
2233 2635 2643 2241 2234 2636 2644 2242 19
2234 2636 2644 2242 2235 2637 2645 2243 19
2235 2637 2645 2243 2236 2638 2646 2244 19
2236 2638 2646 2244 2237 2639 2647 2245 19
2237 2639 2647 2245 2238 2640 2648 2246 19
2238 2640 2648 2246 2239 2641 2649 2247 19
2239 2641 2649 2247 2240 2642 2650 2248 19
2241 2643 2651 2249 2242 2644 2652 2250 19
2242 2644 2652 2250 2243 2645 2653 2251 19
2243 2645 2653 2251 2244 2646 2654 2252 19
2244 2646 2654 2252 2245 2647 2655 2253 19
2245 2647 2655 2253 2246 2648 2656 2254 19
2246 2648 2656 2254 2247 2649 2657 2255 19
2247 2649 2657 2255 2248 2650 2658 2256 19
2249 2651 2659 2257 2250 2652 2660 2258 19
2250 2652 2660 2258 2251 2653 2661 2259 19
2251 2653 2661 2259 2252 2654 2662 2260 19
2252 2654 2662 2260 2253 2655 2663 2261 19
2253 2655 2663 2261 2254 2656 2664 2262 19
2254 2656 2664 2262 2255 2657 2665 2263 19
2255 2657 2665 2263 2256 2658 2666 2264 19
2257 2659 2667 2265 2258 2660 2668 2266 19
2258 2660 2668 2266 2259 2661 2669 2267 19
2259 2661 2669 2267 2260 2662 2670 2268 19
2260 2662 2670 2268 2261 2663 2671 2269 19
2261 2663 2671 2269 2262 2664 2672 2270 19
2262 2664 2672 2270 2263 2665 2673 2271 19
2263 2665 2673 2271 2264 2666 2674 2272 19
2265 2667 2675 2273 2266 2668 2676 2274 19
2266 2668 2676 2274 2267 2669 2677 2275 19
2267 2669 2677 2275 2268 2670 2678 2276 19
2268 2670 2678 2276 2269 2671 2679 2277 19
2269 2671 2679 2277 2270 2672 2680 2278 19
2270 2672 2680 2278 2271 2673 2681 2279 19
2271 2673 2681 2279 2272 2674 2682 2280 19
2273 2675 2683 2281 2274 2676 2684 2282 19
2274 2676 2684 2282 2275 2677 2685 2283 19
2275 2677 2685 2283 2276 2678 2686 2284 19
2276 2678 2686 2284 2277 2679 2687 2285 19
2277 2679 2687 2285 2278 2680 2688 2286 19
2278 2680 2688 2286 2279 2681 2689 2287 19
2279 2681 2689 2287 2280 2682 2690 2288 19
2281 2683 2691 2289 2282 2684 2692 2290 19
2282 2684 2692 2290 2283 2685 2693 2291 19
2283 2685 2693 2291 2284 2686 2694 2292 19
2284 2686 2694 2292 2285 2687 2695 2293 19
2285 2687 2695 2293 2286 2688 2696 2294 19
2286 2688 2696 2294 2287 2689 2697 2295 19
2287 2689 2697 2295 2288 2690 2698 2296 19
2289 2691 2699 2297 2290 2692 2700 2298 19
2290 2692 2700 2298 2291 2693 2701 2299 19
2291 2693 2701 2299 2292 2694 2702 2300 19
2292 2694 2702 2300 2293 2695 2703 2301 19
2293 2695 2703 2301 2294 2696 2704 2302 19
2294 2696 2704 2302 2295 2697 2705 2303 19
2295 2697 2705 2303 2296 2698 2706 2304 19
2297 2699 2707 2305 2298 2700 2708 2306 19
2298 2700 2708 2306 2299 2701 2709 2307 19
2299 2701 2709 2307 2300 2702 2710 2308 19
2300 2702 2710 2308 2301 2703 2711 2309 19
2301 2703 2711 2309 2302 2704 2712 2310 19
2302 2704 2712 2310 2303 2705 2713 2311 19
2303 2705 2713 2311 2304 2706 2714 2312 19
2305 2707 2715 2313 2306 2708 2716 2314 19
2306 2708 2716 2314 2307 2709 2717 2315 19
2307 2709 2717 2315 2308 2710 2718 2316 19
2308 2710 2718 2316 2309 2711 2719 2317 19
2309 2711 2719 2317 2310 2712 2720 2318 19
2310 2712 2720 2318 2311 2713 2721 2319 19
2311 2713 2721 2319 2312 2714 2722 2320 19
2313 2715 2723 2321 2314 2716 2724 2322 11
2314 2716 2724 2322 2315 2717 2725 2323 11
2315 2717 2725 2323 2316 2718 2726 2324 11
2316 2718 2726 2324 2317 2719 2727 2325 11
2317 2719 2727 2325 2318 2720 2728 2326 11
2318 2720 2728 2326 2319 2721 2729 2327 11
2319 2721 2729 2327 2320 2722 2730 2328 11
2329 2731 2732 2330 2331 2733 2734 2332 19
2331 2733 2734 2332 2333 2735 2736 2334 20
2333 2735 2736 2334 2335 2737 2738 2336 20
2335 2737 2738 2336 2337 2739 2740 2338 20
2337 2739 2740 2338 2339 2741 2742 2340 19
2339 2741 2742 2340 2341 2743 2744 2342 19
2341 2743 2744 2342 2343 2745 2746 2344 19
2343 2745 2746 2344 2345 2747 2748 2346 3
2345 2747 2748 2346 2347 2749 2750 2348 3
2347 2749 2750 2348 2349 2751 2752 2350 3
2330 2732 2753 2351 2332 2734 2754 2352 19
2332 2734 2754 2352 2334 2736 2755 2353 20
2334 2736 2755 2353 2336 2738 2756 2354 20
2336 2738 2756 2354 2338 2740 2757 2355 20
2338 2740 2757 2355 2340 2742 2758 2356 19
2340 2742 2758 2356 2342 2744 2759 2357 19
2342 2744 2759 2357 2344 2746 2760 2358 19
2344 2746 2760 2358 2346 2748 2761 2359 3
2346 2748 2761 2359 2348 2750 2762 2360 3
2348 2750 2762 2360 2350 2752 2763 2361 3
2351 2753 2764 2362 2352 2754 2765 2363 19
2352 2754 2765 2363 2353 2755 2766 2364 20
2353 2755 2766 2364 2354 2756 2767 2365 20
2354 2756 2767 2365 2355 2757 2768 2366 20
2355 2757 2768 2366 2356 2758 2769 2367 19
2356 2758 2769 2367 2357 2759 2770 2368 19
2357 2759 2770 2368 2358 2760 2771 2369 19
2358 2760 2771 2369 2359 2761 2772 2370 3
2359 2761 2772 2370 2360 2762 2773 2371 3
2360 2762 2773 2371 2361 2763 2774 2372 3
2362 2764 2775 2373 2363 2765 2776 2374 19
2363 2765 2776 2374 2364 2766 2777 2375 20
2364 2766 2777 2375 2365 2767 2778 2376 20
2365 2767 2778 2376 2366 2768 2779 2377 20
2366 2768 2779 2377 2367 2769 2780 2378 19
2367 2769 2780 2378 2368 2770 2781 2379 19
2368 2770 2781 2379 2369 2771 2782 2380 19
2369 2771 2782 2380 2370 2772 2783 2381 3
2370 2772 2783 2381 2371 2773 2784 2382 3
2371 2773 2784 2382 2372 2774 2785 2383 3
2373 2775 2786 2384 2374 2776 2787 2385 19
2374 2776 2787 2385 2375 2777 2788 2386 20
2375 2777 2788 2386 2376 2778 2789 2387 20
2376 2778 2789 2387 2377 2779 2790 2388 20
2377 2779 2790 2388 2378 2780 2791 2389 19
2378 2780 2791 2389 2379 2781 2792 2390 19
2379 2781 2792 2390 2380 2782 2793 2391 19
2380 2782 2793 2391 2381 2783 2794 2392 3
2381 2783 2794 2392 2382 2784 2795 2393 3
2382 2784 2795 2393 2383 2785 2796 2394 3
2384 2786 2797 2395 2385 2787 2798 2396 19
2385 2787 2798 2396 2386 2788 2799 2397 20
2386 2788 2799 2397 2387 2789 2800 2398 20
2387 2789 2800 2398 2388 2790 2801 2399 20
2388 2790 2801 2399 2389 2791 2802 2400 19
2389 2791 2802 2400 2390 2792 2803 2401 19
2390 2792 2803 2401 2391 2793 2804 2402 19
2391 2793 2804 2402 2392 2794 2805 2403 3
2392 2794 2805 2403 2393 2795 2806 2404 3
2393 2795 2806 2404 2394 2796 2807 2405 3
2395 2797 2808 2406 2396 2798 2809 2407 19
2396 2798 2809 2407 2397 2799 2810 2408 20
2397 2799 2810 2408 2398 2800 2811 2409 20
2398 2800 2811 2409 2399 2801 2812 2410 20
2399 2801 2812 2410 2400 2802 2813 2411 19
2400 2802 2813 2411 2401 2803 2814 2412 19
2401 2803 2814 2412 2402 2804 2815 2413 19
2402 2804 2815 2413 2403 2805 2816 2414 3
2403 2805 2816 2414 2404 2806 2817 2415 3
2404 2806 2817 2415 2405 2807 2818 2416 3
2406 2808 2819 2417 2407 2809 2820 2418 19
2407 2809 2820 2418 2408 2810 2821 2419 20
2408 2810 2821 2419 2409 2811 2822 2420 20
2409 2811 2822 2420 2410 2812 2823 2421 20
2410 2812 2823 2421 2411 2813 2824 2422 19
2411 2813 2824 2422 2412 2814 2825 2423 19
2412 2814 2825 2423 2413 2815 2826 2424 19
2413 2815 2826 2424 2414 2816 2827 2425 3
2414 2816 2827 2425 2415 2817 2828 2426 3
2415 2817 2828 2426 2416 2818 2829 2427 3
2417 2819 2830 2428 2418 2820 2831 2429 19
2418 2820 2831 2429 2419 2821 2832 2430 20
2419 2821 2832 2430 2420 2822 2833 2431 20
2420 2822 2833 2431 2421 2823 2834 2432 20
2421 2823 2834 2432 2422 2824 2835 2433 19
2422 2824 2835 2433 2423 2825 2836 2434 19
2423 2825 2836 2434 2424 2826 2837 2435 19
2424 2826 2837 2435 2425 2827 2838 2436 3
2425 2827 2838 2436 2426 2828 2839 2437 3
2426 2828 2839 2437 2427 2829 2840 2438 3
2428 2830 2841 2439 2429 2831 2842 2440 19
2429 2831 2842 2440 2430 2832 2843 2441 20
2430 2832 2843 2441 2431 2833 2844 2442 20
2431 2833 2844 2442 2432 2834 2845 2443 20
2432 2834 2845 2443 2433 2835 2846 2444 19
2433 2835 2846 2444 2434 2836 2847 2445 19
2434 2836 2847 2445 2435 2837 2848 2446 19
2435 2837 2848 2446 2436 2838 2849 2447 3
2436 2838 2849 2447 2437 2839 2850 2448 3
2437 2839 2850 2448 2438 2840 2851 2449 3
2439 2841 2852 2450 2440 2842 2853 2451 19
2440 2842 2853 2451 2441 2843 2854 2452 20
2441 2843 2854 2452 2442 2844 2855 2453 20
2442 2844 2855 2453 2443 2845 2856 2454 20
2443 2845 2856 2454 2444 2846 2857 2455 19
2444 2846 2857 2455 2445 2847 2858 2456 19
2445 2847 2858 2456 2446 2848 2859 2457 19
2446 2848 2859 2457 2447 2849 2860 2458 3
2447 2849 2860 2458 2448 2850 2861 2459 3
2448 2850 2861 2459 2449 2851 2862 2460 3
2450 2852 2863 2461 2451 2853 2864 2462 19
2451 2853 2864 2462 2452 2854 2865 2463 20
2452 2854 2865 2463 2453 2855 2866 2464 20
2453 2855 2866 2464 2454 2856 2867 2465 20
2454 2856 2867 2465 2455 2857 2868 2466 19
2455 2857 2868 2466 2456 2858 2869 2467 19
2456 2858 2869 2467 2457 2859 2870 2468 19
2457 2859 2870 2468 2458 2860 2871 2469 3
2458 2860 2871 2469 2459 2861 2872 2470 3
2459 2861 2872 2470 2460 2862 2873 2471 3
2461 2863 2874 2472 2462 2864 2875 2473 19
2462 2864 2875 2473 2463 2865 2876 2474 19
2463 2865 2876 2474 2464 2866 2877 2475 19
2464 2866 2877 2475 2465 2867 2878 2476 19
2465 2867 2878 2476 2466 2868 2879 2477 19
2466 2868 2879 2477 2467 2869 2880 2478 19
2467 2869 2880 2478 2468 2870 2881 2479 19
2468 2870 2881 2479 2469 2871 2882 2480 3
2469 2871 2882 2480 2470 2872 2883 2481 3
2470 2872 2883 2481 2471 2873 2884 2482 3
2472 2874 2885 2483 2473 2875 2886 2484 19
2473 2875 2886 2484 2474 2876 2887 2485 19
2474 2876 2887 2485 2475 2877 2888 2486 19
2475 2877 2888 2486 2476 2878 2889 2487 19
2476 2878 2889 2487 2477 2879 2890 2488 19
2477 2879 2890 2488 2478 2880 2891 2489 19
2478 2880 2891 2489 2479 2881 2892 2490 19
2483 2885 2893 2491 2484 2886 2894 2492 19
2484 2886 2894 2492 2485 2887 2895 2493 19
2485 2887 2895 2493 2486 2888 2896 2494 19
2486 2888 2896 2494 2487 2889 2897 2495 19
2487 2889 2897 2495 2488 2890 2898 2496 19
2488 2890 2898 2496 2489 2891 2899 2497 19
2489 2891 2899 2497 2490 2892 2900 2498 19
2491 2893 2901 2499 2492 2894 2902 2500 19
2492 2894 2902 2500 2493 2895 2903 2501 19
2493 2895 2903 2501 2494 2896 2904 2502 19
2494 2896 2904 2502 2495 2897 2905 2503 19
2495 2897 2905 2503 2496 2898 2906 2504 19
2496 2898 2906 2504 2497 2899 2907 2505 19
2497 2899 2907 2505 2498 2900 2908 2506 19
2499 2901 2909 2507 2500 2902 2910 2508 19
2500 2902 2910 2508 2501 2903 2911 2509 19
2501 2903 2911 2509 2502 2904 2912 2510 19
2502 2904 2912 2510 2503 2905 2913 2511 19
2503 2905 2913 2511 2504 2906 2914 2512 19
2504 2906 2914 2512 2505 2907 2915 2513 19
2505 2907 2915 2513 2506 2908 2916 2514 19
2507 2909 2917 2515 2508 2910 2918 2516 19
2508 2910 2918 2516 2509 2911 2919 2517 19
2509 2911 2919 2517 2510 2912 2920 2518 19
2510 2912 2920 2518 2511 2913 2921 2519 19
2511 2913 2921 2519 2512 2914 2922 2520 19
2512 2914 2922 2520 2513 2915 2923 2521 19
2513 2915 2923 2521 2514 2916 2924 2522 19
2515 2917 2925 2523 2516 2918 2926 2524 19
2516 2918 2926 2524 2517 2919 2927 2525 19
2517 2919 2927 2525 2518 2920 2928 2526 19
2518 2920 2928 2526 2519 2921 2929 2527 19
2519 2921 2929 2527 2520 2922 2930 2528 19
2520 2922 2930 2528 2521 2923 2931 2529 19
2521 2923 2931 2529 2522 2924 2932 2530 19
2523 2925 2933 2531 2524 2926 2934 2532 19
2524 2926 2934 2532 2525 2927 2935 2533 19
2525 2927 2935 2533 2526 2928 2936 2534 19
2526 2928 2936 2534 2527 2929 2937 2535 19
2527 2929 2937 2535 2528 2930 2938 2536 19
2528 2930 2938 2536 2529 2931 2939 2537 19
2529 2931 2939 2537 2530 2932 2940 2538 19
2531 2933 2941 2539 2532 2934 2942 2540 19
2532 2934 2942 2540 2533 2935 2943 2541 19
2533 2935 2943 2541 2534 2936 2944 2542 19
2534 2936 2944 2542 2535 2937 2945 2543 19
2535 2937 2945 2543 2536 2938 2946 2544 19
2536 2938 2946 2544 2537 2939 2947 2545 19
2537 2939 2947 2545 2538 2940 2948 2546 19
2539 2941 2949 2547 2540 2942 2950 2548 19
2540 2942 2950 2548 2541 2943 2951 2549 19
2541 2943 2951 2549 2542 2944 2952 2550 19
2542 2944 2952 2550 2543 2945 2953 2551 19
2543 2945 2953 2551 2544 2946 2954 2552 19
2544 2946 2954 2552 2545 2947 2955 2553 19
2545 2947 2955 2553 2546 2948 2956 2554 19
2547 2949 2957 2555 2548 2950 2958 2556 19
2548 2950 2958 2556 2549 2951 2959 2557 19
2549 2951 2959 2557 2550 2952 2960 2558 19
2550 2952 2960 2558 2551 2953 2961 2559 19
2551 2953 2961 2559 2552 2954 2962 2560 19
2552 2954 2962 2560 2553 2955 2963 2561 19
2553 2955 2963 2561 2554 2956 2964 2562 19
2555 2957 2965 2563 2556 2958 2966 2564 19
2556 2958 2966 2564 2557 2959 2967 2565 19
2557 2959 2967 2565 2558 2960 2968 2566 19
2558 2960 2968 2566 2559 2961 2969 2567 19
2559 2961 2969 2567 2560 2962 2970 2568 19
2560 2962 2970 2568 2561 2963 2971 2569 19
2561 2963 2971 2569 2562 2964 2972 2570 19
2563 2965 2973 2571 2564 2966 2974 2572 19
2564 2966 2974 2572 2565 2967 2975 2573 19
2565 2967 2975 2573 2566 2968 2976 2574 19
2566 2968 2976 2574 2567 2969 2977 2575 19
2567 2969 2977 2575 2568 2970 2978 2576 19
2568 2970 2978 2576 2569 2971 2979 2577 19
2569 2971 2979 2577 2570 2972 2980 2578 19
2571 2973 2981 2579 2572 2974 2982 2580 19
2572 2974 2982 2580 2573 2975 2983 2581 19
2573 2975 2983 2581 2574 2976 2984 2582 19
2574 2976 2984 2582 2575 2977 2985 2583 19
2575 2977 2985 2583 2576 2978 2986 2584 19
2576 2978 2986 2584 2577 2979 2987 2585 19
2577 2979 2987 2585 2578 2980 2988 2586 19
2579 2981 2989 2587 2580 2982 2990 2588 19
2580 2982 2990 2588 2581 2983 2991 2589 19
2581 2983 2991 2589 2582 2984 2992 2590 19
2582 2984 2992 2590 2583 2985 2993 2591 19
2583 2985 2993 2591 2584 2986 2994 2592 19
2584 2986 2994 2592 2585 2987 2995 2593 19
2585 2987 2995 2593 2586 2988 2996 2594 19
2587 2989 2997 2595 2588 2990 2998 2596 19
2588 2990 2998 2596 2589 2991 2999 2597 19
2589 2991 2999 2597 2590 2992 3000 2598 19
2590 2992 3000 2598 2591 2993 3001 2599 19
2591 2993 3001 2599 2592 2994 3002 2600 19
2592 2994 3002 2600 2593 2995 3003 2601 19
2593 2995 3003 2601 2594 2996 3004 2602 19
2595 2997 3005 2603 2596 2998 3006 2604 19
2596 2998 3006 2604 2597 2999 3007 2605 19
2597 2999 3007 2605 2598 3000 3008 2606 19
2598 3000 3008 2606 2599 3001 3009 2607 19
2599 3001 3009 2607 2600 3002 3010 2608 19
2600 3002 3010 2608 2601 3003 3011 2609 19
2601 3003 3011 2609 2602 3004 3012 2610 19
2603 3005 3013 2611 2604 3006 3014 2612 19
2604 3006 3014 2612 2605 3007 3015 2613 19
2605 3007 3015 2613 2606 3008 3016 2614 19
2606 3008 3016 2614 2607 3009 3017 2615 19
2607 3009 3017 2615 2608 3010 3018 2616 19
2608 3010 3018 2616 2609 3011 3019 2617 19
2609 3011 3019 2617 2610 3012 3020 2618 19
2611 3013 3021 2619 2612 3014 3022 2620 19
2612 3014 3022 2620 2613 3015 3023 2621 19
2613 3015 3023 2621 2614 3016 3024 2622 19
2614 3016 3024 2622 2615 3017 3025 2623 19
2615 3017 3025 2623 2616 3018 3026 2624 19
2616 3018 3026 2624 2617 3019 3027 2625 19
2617 3019 3027 2625 2618 3020 3028 2626 19
2619 3021 3029 2627 2620 3022 3030 2628 19
2620 3022 3030 2628 2621 3023 3031 2629 19
2621 3023 3031 2629 2622 3024 3032 2630 19
2622 3024 3032 2630 2623 3025 3033 2631 19
2623 3025 3033 2631 2624 3026 3034 2632 19
2624 3026 3034 2632 2625 3027 3035 2633 19
2625 3027 3035 2633 2626 3028 3036 2634 19
2627 3029 3037 2635 2628 3030 3038 2636 19
2628 3030 3038 2636 2629 3031 3039 2637 19
2629 3031 3039 2637 2630 3032 3040 2638 19
2630 3032 3040 2638 2631 3033 3041 2639 19
2631 3033 3041 2639 2632 3034 3042 2640 19
2632 3034 3042 2640 2633 3035 3043 2641 19
2633 3035 3043 2641 2634 3036 3044 2642 19
2635 3037 3045 2643 2636 3038 3046 2644 19
2636 3038 3046 2644 2637 3039 3047 2645 19
2637 3039 3047 2645 2638 3040 3048 2646 19
2638 3040 3048 2646 2639 3041 3049 2647 19
2639 3041 3049 2647 2640 3042 3050 2648 19
2640 3042 3050 2648 2641 3043 3051 2649 19
2641 3043 3051 2649 2642 3044 3052 2650 19
2643 3045 3053 2651 2644 3046 3054 2652 19
2644 3046 3054 2652 2645 3047 3055 2653 19
2645 3047 3055 2653 2646 3048 3056 2654 19
2646 3048 3056 2654 2647 3049 3057 2655 19
2647 3049 3057 2655 2648 3050 3058 2656 19
2648 3050 3058 2656 2649 3051 3059 2657 19
2649 3051 3059 2657 2650 3052 3060 2658 19
2651 3053 3061 2659 2652 3054 3062 2660 19
2652 3054 3062 2660 2653 3055 3063 2661 19
2653 3055 3063 2661 2654 3056 3064 2662 19
2654 3056 3064 2662 2655 3057 3065 2663 19
2655 3057 3065 2663 2656 3058 3066 2664 19
2656 3058 3066 2664 2657 3059 3067 2665 19
2657 3059 3067 2665 2658 3060 3068 2666 19
2659 3061 3069 2667 2660 3062 3070 2668 19
2660 3062 3070 2668 2661 3063 3071 2669 19
2661 3063 3071 2669 2662 3064 3072 2670 19
2662 3064 3072 2670 2663 3065 3073 2671 19
2663 3065 3073 2671 2664 3066 3074 2672 19
2664 3066 3074 2672 2665 3067 3075 2673 19
2665 3067 3075 2673 2666 3068 3076 2674 19
2667 3069 3077 2675 2668 3070 3078 2676 19
2668 3070 3078 2676 2669 3071 3079 2677 19
2669 3071 3079 2677 2670 3072 3080 2678 19
2670 3072 3080 2678 2671 3073 3081 2679 19
2671 3073 3081 2679 2672 3074 3082 2680 19
2672 3074 3082 2680 2673 3075 3083 2681 19
2673 3075 3083 2681 2674 3076 3084 2682 19
2675 3077 3085 2683 2676 3078 3086 2684 19
2676 3078 3086 2684 2677 3079 3087 2685 19
2677 3079 3087 2685 2678 3080 3088 2686 19
2678 3080 3088 2686 2679 3081 3089 2687 19
2679 3081 3089 2687 2680 3082 3090 2688 19
2680 3082 3090 2688 2681 3083 3091 2689 19
2681 3083 3091 2689 2682 3084 3092 2690 19
2683 3085 3093 2691 2684 3086 3094 2692 19
2684 3086 3094 2692 2685 3087 3095 2693 19
2685 3087 3095 2693 2686 3088 3096 2694 19
2686 3088 3096 2694 2687 3089 3097 2695 19
2687 3089 3097 2695 2688 3090 3098 2696 19
2688 3090 3098 2696 2689 3091 3099 2697 19
2689 3091 3099 2697 2690 3092 3100 2698 19
2691 3093 3101 2699 2692 3094 3102 2700 19
2692 3094 3102 2700 2693 3095 3103 2701 19
2693 3095 3103 2701 2694 3096 3104 2702 19
2694 3096 3104 2702 2695 3097 3105 2703 19
2695 3097 3105 2703 2696 3098 3106 2704 19
2696 3098 3106 2704 2697 3099 3107 2705 19
2697 3099 3107 2705 2698 3100 3108 2706 19
2699 3101 3109 2707 2700 3102 3110 2708 19
2700 3102 3110 2708 2701 3103 3111 2709 19
2701 3103 3111 2709 2702 3104 3112 2710 19
2702 3104 3112 2710 2703 3105 3113 2711 19
2703 3105 3113 2711 2704 3106 3114 2712 19
2704 3106 3114 2712 2705 3107 3115 2713 19
2705 3107 3115 2713 2706 3108 3116 2714 19
2707 3109 3117 2715 2708 3110 3118 2716 19
2708 3110 3118 2716 2709 3111 3119 2717 19
2709 3111 3119 2717 2710 3112 3120 2718 19
2710 3112 3120 2718 2711 3113 3121 2719 19
2711 3113 3121 2719 2712 3114 3122 2720 19
2712 3114 3122 2720 2713 3115 3123 2721 19
2713 3115 3123 2721 2714 3116 3124 2722 19
2715 3117 3125 2723 2716 3118 3126 2724 11
2716 3118 3126 2724 2717 3119 3127 2725 11
2717 3119 3127 2725 2718 3120 3128 2726 11
2718 3120 3128 2726 2719 3121 3129 2727 11
2719 3121 3129 2727 2720 3122 3130 2728 11
2720 3122 3130 2728 2721 3123 3131 2729 11
2721 3123 3131 2729 2722 3124 3132 2730 11
2731 3133 3134 2732 2733 3135 3136 2734 19
2733 3135 3136 2734 2735 3137 3138 2736 20
2735 3137 3138 2736 2737 3139 3140 2738 20
2737 3139 3140 2738 2739 3141 3142 2740 20
2739 3141 3142 2740 2741 3143 3144 2742 19
2741 3143 3144 2742 2743 3145 3146 2744 19
2743 3145 3146 2744 2745 3147 3148 2746 19
2745 3147 3148 2746 2747 3149 3150 2748 3
2747 3149 3150 2748 2749 3151 3152 2750 3
2749 3151 3152 2750 2751 3153 3154 2752 3
2732 3134 3155 2753 2734 3136 3156 2754 19
2734 3136 3156 2754 2736 3138 3157 2755 20
2736 3138 3157 2755 2738 3140 3158 2756 20
2738 3140 3158 2756 2740 3142 3159 2757 20
2740 3142 3159 2757 2742 3144 3160 2758 19
2742 3144 3160 2758 2744 3146 3161 2759 19
2744 3146 3161 2759 2746 3148 3162 2760 19
2746 3148 3162 2760 2748 3150 3163 2761 3
2748 3150 3163 2761 2750 3152 3164 2762 3
2750 3152 3164 2762 2752 3154 3165 2763 3
2753 3155 3166 2764 2754 3156 3167 2765 19
2754 3156 3167 2765 2755 3157 3168 2766 20
2755 3157 3168 2766 2756 3158 3169 2767 20
2756 3158 3169 2767 2757 3159 3170 2768 20
2757 3159 3170 2768 2758 3160 3171 2769 19
2758 3160 3171 2769 2759 3161 3172 2770 19
2759 3161 3172 2770 2760 3162 3173 2771 19
2760 3162 3173 2771 2761 3163 3174 2772 3
2761 3163 3174 2772 2762 3164 3175 2773 3
2762 3164 3175 2773 2763 3165 3176 2774 3
2764 3166 3177 2775 2765 3167 3178 2776 19
2765 3167 3178 2776 2766 3168 3179 2777 20
2766 3168 3179 2777 2767 3169 3180 2778 20
2767 3169 3180 2778 2768 3170 3181 2779 20
2768 3170 3181 2779 2769 3171 3182 2780 19
2769 3171 3182 2780 2770 3172 3183 2781 19
2770 3172 3183 2781 2771 3173 3184 2782 19
2771 3173 3184 2782 2772 3174 3185 2783 3
2772 3174 3185 2783 2773 3175 3186 2784 3
2773 3175 3186 2784 2774 3176 3187 2785 3
2775 3177 3188 2786 2776 3178 3189 2787 19
2776 3178 3189 2787 2777 3179 3190 2788 20
2777 3179 3190 2788 2778 3180 3191 2789 20
2778 3180 3191 2789 2779 3181 3192 2790 20
2779 3181 3192 2790 2780 3182 3193 2791 19
2780 3182 3193 2791 2781 3183 3194 2792 19
2781 3183 3194 2792 2782 3184 3195 2793 19
2782 3184 3195 2793 2783 3185 3196 2794 3
2783 3185 3196 2794 2784 3186 3197 2795 3
2784 3186 3197 2795 2785 3187 3198 2796 3
2786 3188 3199 2797 2787 3189 3200 2798 19
2787 3189 3200 2798 2788 3190 3201 2799 20
2788 3190 3201 2799 2789 3191 3202 2800 20
2789 3191 3202 2800 2790 3192 3203 2801 20
2790 3192 3203 2801 2791 3193 3204 2802 19
2791 3193 3204 2802 2792 3194 3205 2803 19
2792 3194 3205 2803 2793 3195 3206 2804 19
2793 3195 3206 2804 2794 3196 3207 2805 3
2794 3196 3207 2805 2795 3197 3208 2806 3
2795 3197 3208 2806 2796 3198 3209 2807 3
2797 3199 3210 2808 2798 3200 3211 2809 19
2798 3200 3211 2809 2799 3201 3212 2810 20
2799 3201 3212 2810 2800 3202 3213 2811 20
2800 3202 3213 2811 2801 3203 3214 2812 20
2801 3203 3214 2812 2802 3204 3215 2813 19
2802 3204 3215 2813 2803 3205 3216 2814 19
2803 3205 3216 2814 2804 3206 3217 2815 19
2804 3206 3217 2815 2805 3207 3218 2816 3
2805 3207 3218 2816 2806 3208 3219 2817 3
2806 3208 3219 2817 2807 3209 3220 2818 3
2808 3210 3221 2819 2809 3211 3222 2820 19
2809 3211 3222 2820 2810 3212 3223 2821 20
2810 3212 3223 2821 2811 3213 3224 2822 20
2811 3213 3224 2822 2812 3214 3225 2823 20
2812 3214 3225 2823 2813 3215 3226 2824 19
2813 3215 3226 2824 2814 3216 3227 2825 19
2814 3216 3227 2825 2815 3217 3228 2826 19
2815 3217 3228 2826 2816 3218 3229 2827 3
2816 3218 3229 2827 2817 3219 3230 2828 3
2817 3219 3230 2828 2818 3220 3231 2829 3
2819 3221 3232 2830 2820 3222 3233 2831 19
2820 3222 3233 2831 2821 3223 3234 2832 20
2821 3223 3234 2832 2822 3224 3235 2833 20
2822 3224 3235 2833 2823 3225 3236 2834 20
2823 3225 3236 2834 2824 3226 3237 2835 19
2824 3226 3237 2835 2825 3227 3238 2836 19
2825 3227 3238 2836 2826 3228 3239 2837 19
2826 3228 3239 2837 2827 3229 3240 2838 3
2827 3229 3240 2838 2828 3230 3241 2839 3
2828 3230 3241 2839 2829 3231 3242 2840 3
2830 3232 3243 2841 2831 3233 3244 2842 19
2831 3233 3244 2842 2832 3234 3245 2843 20
2832 3234 3245 2843 2833 3235 3246 2844 20
2833 3235 3246 2844 2834 3236 3247 2845 20
2834 3236 3247 2845 2835 3237 3248 2846 19
2835 3237 3248 2846 2836 3238 3249 2847 19
2836 3238 3249 2847 2837 3239 3250 2848 19
2837 3239 3250 2848 2838 3240 3251 2849 3
2838 3240 3251 2849 2839 3241 3252 2850 3
2839 3241 3252 2850 2840 3242 3253 2851 3
2841 3243 3254 2852 2842 3244 3255 2853 19
2842 3244 3255 2853 2843 3245 3256 2854 20
2843 3245 3256 2854 2844 3246 3257 2855 20
2844 3246 3257 2855 2845 3247 3258 2856 20
2845 3247 3258 2856 2846 3248 3259 2857 19
2846 3248 3259 2857 2847 3249 3260 2858 19
2847 3249 3260 2858 2848 3250 3261 2859 19
2848 3250 3261 2859 2849 3251 3262 2860 3
2849 3251 3262 2860 2850 3252 3263 2861 3
2850 3252 3263 2861 2851 3253 3264 2862 3
2852 3254 3265 2863 2853 3255 3266 2864 19
2853 3255 3266 2864 2854 3256 3267 2865 20
2854 3256 3267 2865 2855 3257 3268 2866 20
2855 3257 3268 2866 2856 3258 3269 2867 20
2856 3258 3269 2867 2857 3259 3270 2868 19
2857 3259 3270 2868 2858 3260 3271 2869 19
2858 3260 3271 2869 2859 3261 3272 2870 19
2859 3261 3272 2870 2860 3262 3273 2871 3
2860 3262 3273 2871 2861 3263 3274 2872 3
2861 3263 3274 2872 2862 3264 3275 2873 3
2863 3265 3276 2874 2864 3266 3277 2875 19
2864 3266 3277 2875 2865 3267 3278 2876 19
2865 3267 3278 2876 2866 3268 3279 2877 19
2866 3268 3279 2877 2867 3269 3280 2878 19
2867 3269 3280 2878 2868 3270 3281 2879 19
2868 3270 3281 2879 2869 3271 3282 2880 19
2869 3271 3282 2880 2870 3272 3283 2881 19
2870 3272 3283 2881 2871 3273 3284 2882 3
2871 3273 3284 2882 2872 3274 3285 2883 3
2872 3274 3285 2883 2873 3275 3286 2884 3
2874 3276 3287 2885 2875 3277 3288 2886 19
2875 3277 3288 2886 2876 3278 3289 2887 19
2876 3278 3289 2887 2877 3279 3290 2888 19
2877 3279 3290 2888 2878 3280 3291 2889 19
2878 3280 3291 2889 2879 3281 3292 2890 19
2879 3281 3292 2890 2880 3282 3293 2891 19
2880 3282 3293 2891 2881 3283 3294 2892 19
2885 3287 3295 2893 2886 3288 3296 2894 19
2886 3288 3296 2894 2887 3289 3297 2895 19
2887 3289 3297 2895 2888 3290 3298 2896 19
2888 3290 3298 2896 2889 3291 3299 2897 19
2889 3291 3299 2897 2890 3292 3300 2898 19
2890 3292 3300 2898 2891 3293 3301 2899 19
2891 3293 3301 2899 2892 3294 3302 2900 19
2893 3295 3303 2901 2894 3296 3304 2902 19
2894 3296 3304 2902 2895 3297 3305 2903 19
2895 3297 3305 2903 2896 3298 3306 2904 19
2896 3298 3306 2904 2897 3299 3307 2905 19
2897 3299 3307 2905 2898 3300 3308 2906 19
2898 3300 3308 2906 2899 3301 3309 2907 19
2899 3301 3309 2907 2900 3302 3310 2908 19
2901 3303 3311 2909 2902 3304 3312 2910 19
2902 3304 3312 2910 2903 3305 3313 2911 19
2903 3305 3313 2911 2904 3306 3314 2912 19
2904 3306 3314 2912 2905 3307 3315 2913 19
2905 3307 3315 2913 2906 3308 3316 2914 19
2906 3308 3316 2914 2907 3309 3317 2915 19
2907 3309 3317 2915 2908 3310 3318 2916 19
2909 3311 3319 2917 2910 3312 3320 2918 19
2910 3312 3320 2918 2911 3313 3321 2919 19
2911 3313 3321 2919 2912 3314 3322 2920 19
2912 3314 3322 2920 2913 3315 3323 2921 19
2913 3315 3323 2921 2914 3316 3324 2922 19
2914 3316 3324 2922 2915 3317 3325 2923 19
2915 3317 3325 2923 2916 3318 3326 2924 19
2917 3319 3327 2925 2918 3320 3328 2926 19
2918 3320 3328 2926 2919 3321 3329 2927 19
2919 3321 3329 2927 2920 3322 3330 2928 19
2920 3322 3330 2928 2921 3323 3331 2929 19
2921 3323 3331 2929 2922 3324 3332 2930 19
2922 3324 3332 2930 2923 3325 3333 2931 19
2923 3325 3333 2931 2924 3326 3334 2932 19
2925 3327 3335 2933 2926 3328 3336 2934 19
2926 3328 3336 2934 2927 3329 3337 2935 19
2927 3329 3337 2935 2928 3330 3338 2936 19
2928 3330 3338 2936 2929 3331 3339 2937 19
2929 3331 3339 2937 2930 3332 3340 2938 19
2930 3332 3340 2938 2931 3333 3341 2939 19
2931 3333 3341 2939 2932 3334 3342 2940 19
2933 3335 3343 2941 2934 3336 3344 2942 19
2934 3336 3344 2942 2935 3337 3345 2943 19
2935 3337 3345 2943 2936 3338 3346 2944 19
2936 3338 3346 2944 2937 3339 3347 2945 19
2937 3339 3347 2945 2938 3340 3348 2946 19
2938 3340 3348 2946 2939 3341 3349 2947 19
2939 3341 3349 2947 2940 3342 3350 2948 19
2941 3343 3351 2949 2942 3344 3352 2950 19
2942 3344 3352 2950 2943 3345 3353 2951 19
2943 3345 3353 2951 2944 3346 3354 2952 19
2944 3346 3354 2952 2945 3347 3355 2953 19
2945 3347 3355 2953 2946 3348 3356 2954 19
2946 3348 3356 2954 2947 3349 3357 2955 19
2947 3349 3357 2955 2948 3350 3358 2956 19
2949 3351 3359 2957 2950 3352 3360 2958 19
2950 3352 3360 2958 2951 3353 3361 2959 19
2951 3353 3361 2959 2952 3354 3362 2960 19
2952 3354 3362 2960 2953 3355 3363 2961 19
2953 3355 3363 2961 2954 3356 3364 2962 19
2954 3356 3364 2962 2955 3357 3365 2963 19
2955 3357 3365 2963 2956 3358 3366 2964 19
2957 3359 3367 2965 2958 3360 3368 2966 19
2958 3360 3368 2966 2959 3361 3369 2967 19
2959 3361 3369 2967 2960 3362 3370 2968 19
2960 3362 3370 2968 2961 3363 3371 2969 19
2961 3363 3371 2969 2962 3364 3372 2970 19
2962 3364 3372 2970 2963 3365 3373 2971 19
2963 3365 3373 2971 2964 3366 3374 2972 19
2965 3367 3375 2973 2966 3368 3376 2974 19
2966 3368 3376 2974 2967 3369 3377 2975 19
2967 3369 3377 2975 2968 3370 3378 2976 19
2968 3370 3378 2976 2969 3371 3379 2977 19
2969 3371 3379 2977 2970 3372 3380 2978 19
2970 3372 3380 2978 2971 3373 3381 2979 19
2971 3373 3381 2979 2972 3374 3382 2980 19
2973 3375 3383 2981 2974 3376 3384 2982 19
2974 3376 3384 2982 2975 3377 3385 2983 19
2975 3377 3385 2983 2976 3378 3386 2984 19
2976 3378 3386 2984 2977 3379 3387 2985 19
2977 3379 3387 2985 2978 3380 3388 2986 19
2978 3380 3388 2986 2979 3381 3389 2987 19
2979 3381 3389 2987 2980 3382 3390 2988 19
2981 3383 3391 2989 2982 3384 3392 2990 19
2982 3384 3392 2990 2983 3385 3393 2991 19
2983 3385 3393 2991 2984 3386 3394 2992 19
2984 3386 3394 2992 2985 3387 3395 2993 19
2985 3387 3395 2993 2986 3388 3396 2994 19
2986 3388 3396 2994 2987 3389 3397 2995 19
2987 3389 3397 2995 2988 3390 3398 2996 19
2989 3391 3399 2997 2990 3392 3400 2998 19
2990 3392 3400 2998 2991 3393 3401 2999 19
2991 3393 3401 2999 2992 3394 3402 3000 19
2992 3394 3402 3000 2993 3395 3403 3001 19
2993 3395 3403 3001 2994 3396 3404 3002 19
2994 3396 3404 3002 2995 3397 3405 3003 19
2995 3397 3405 3003 2996 3398 3406 3004 19
2997 3399 3407 3005 2998 3400 3408 3006 19
2998 3400 3408 3006 2999 3401 3409 3007 19
2999 3401 3409 3007 3000 3402 3410 3008 19
3000 3402 3410 3008 3001 3403 3411 3009 19
3001 3403 3411 3009 3002 3404 3412 3010 19
3002 3404 3412 3010 3003 3405 3413 3011 19
3003 3405 3413 3011 3004 3406 3414 3012 19
3005 3407 3415 3013 3006 3408 3416 3014 19
3006 3408 3416 3014 3007 3409 3417 3015 19
3007 3409 3417 3015 3008 3410 3418 3016 21
3008 3410 3418 3016 3009 3411 3419 3017 21
3009 3411 3419 3017 3010 3412 3420 3018 21
3010 3412 3420 3018 3011 3413 3421 3019 19
3011 3413 3421 3019 3012 3414 3422 3020 19
3013 3415 3423 3021 3014 3416 3424 3022 19
3014 3416 3424 3022 3015 3417 3425 3023 19
3015 3417 3425 3023 3016 3418 3426 3024 21
3016 3418 3426 3024 3017 3419 3427 3025 21
3017 3419 3427 3025 3018 3420 3428 3026 21
3018 3420 3428 3026 3019 3421 3429 3027 19
3019 3421 3429 3027 3020 3422 3430 3028 19
3021 3423 3431 3029 3022 3424 3432 3030 19
3022 3424 3432 3030 3023 3425 3433 3031 19
3023 3425 3433 3031 3024 3426 3434 3032 21
3024 3426 3434 3032 3025 3427 3435 3033 21
3025 3427 3435 3033 3026 3428 3436 3034 21
3026 3428 3436 3034 3027 3429 3437 3035 19
3027 3429 3437 3035 3028 3430 3438 3036 19
3029 3431 3439 3037 3030 3432 3440 3038 19
3030 3432 3440 3038 3031 3433 3441 3039 19
3031 3433 3441 3039 3032 3434 3442 3040 21
3032 3434 3442 3040 3033 3435 3443 3041 21
3033 3435 3443 3041 3034 3436 3444 3042 21
3034 3436 3444 3042 3035 3437 3445 3043 19
3035 3437 3445 3043 3036 3438 3446 3044 19
3037 3439 3447 3045 3038 3440 3448 3046 19
3038 3440 3448 3046 3039 3441 3449 3047 19
3039 3441 3449 3047 3040 3442 3450 3048 19
3040 3442 3450 3048 3041 3443 3451 3049 19
3041 3443 3451 3049 3042 3444 3452 3050 19
3042 3444 3452 3050 3043 3445 3453 3051 19
3043 3445 3453 3051 3044 3446 3454 3052 19
3045 3447 3455 3053 3046 3448 3456 3054 19
3046 3448 3456 3054 3047 3449 3457 3055 19
3047 3449 3457 3055 3048 3450 3458 3056 19
3048 3450 3458 3056 3049 3451 3459 3057 19
3049 3451 3459 3057 3050 3452 3460 3058 19
3050 3452 3460 3058 3051 3453 3461 3059 19
3051 3453 3461 3059 3052 3454 3462 3060 19
3053 3455 3463 3061 3054 3456 3464 3062 19
3054 3456 3464 3062 3055 3457 3465 3063 19
3055 3457 3465 3063 3056 3458 3466 3064 19
3056 3458 3466 3064 3057 3459 3467 3065 19
3057 3459 3467 3065 3058 3460 3468 3066 19
3058 3460 3468 3066 3059 3461 3469 3067 19
3059 3461 3469 3067 3060 3462 3470 3068 19
3061 3463 3471 3069 3062 3464 3472 3070 19
3062 3464 3472 3070 3063 3465 3473 3071 19
3063 3465 3473 3071 3064 3466 3474 3072 22
3064 3466 3474 3072 3065 3467 3475 3073 22
3065 3467 3475 3073 3066 3468 3476 3074 22
3066 3468 3476 3074 3067 3469 3477 3075 19
3067 3469 3477 3075 3068 3470 3478 3076 19
3069 3471 3479 3077 3070 3472 3480 3078 19
3070 3472 3480 3078 3071 3473 3481 3079 19
3071 3473 3481 3079 3072 3474 3482 3080 22
3072 3474 3482 3080 3073 3475 3483 3081 22
3073 3475 3483 3081 3074 3476 3484 3082 22
3074 3476 3484 3082 3075 3477 3485 3083 19
3075 3477 3485 3083 3076 3478 3486 3084 19
3077 3479 3487 3085 3078 3480 3488 3086 19
3078 3480 3488 3086 3079 3481 3489 3087 19
3079 3481 3489 3087 3080 3482 3490 3088 22
3080 3482 3490 3088 3081 3483 3491 3089 22
3081 3483 3491 3089 3082 3484 3492 3090 22
3082 3484 3492 3090 3083 3485 3493 3091 19
3083 3485 3493 3091 3084 3486 3494 3092 19
3085 3487 3495 3093 3086 3488 3496 3094 19
3086 3488 3496 3094 3087 3489 3497 3095 19
3087 3489 3497 3095 3088 3490 3498 3096 19
3088 3490 3498 3096 3089 3491 3499 3097 19
3089 3491 3499 3097 3090 3492 3500 3098 19
3090 3492 3500 3098 3091 3493 3501 3099 19
3091 3493 3501 3099 3092 3494 3502 3100 19
3093 3495 3503 3101 3094 3496 3504 3102 19
3094 3496 3504 3102 3095 3497 3505 3103 19
3095 3497 3505 3103 3096 3498 3506 3104 25
3096 3498 3506 3104 3097 3499 3507 3105 25
3097 3499 3507 3105 3098 3500 3508 3106 25
3098 3500 3508 3106 3099 3501 3509 3107 25
3099 3501 3509 3107 3100 3502 3510 3108 19
3101 3503 3511 3109 3102 3504 3512 3110 19
3102 3504 3512 3110 3103 3505 3513 3111 19
3103 3505 3513 3111 3104 3506 3514 3112 25
3104 3506 3514 3112 3105 3507 3515 3113 25
3105 3507 3515 3113 3106 3508 3516 3114 25
3106 3508 3516 3114 3107 3509 3517 3115 25
3107 3509 3517 3115 3108 3510 3518 3116 19
3109 3511 3519 3117 3110 3512 3520 3118 19
3110 3512 3520 3118 3111 3513 3521 3119 19
3111 3513 3521 3119 3112 3514 3522 3120 25
3112 3514 3522 3120 3113 3515 3523 3121 25
3113 3515 3523 3121 3114 3516 3524 3122 25
3114 3516 3524 3122 3115 3517 3525 3123 25
3115 3517 3525 3123 3116 3518 3526 3124 19
3117 3519 3527 3125 3118 3520 3528 3126 11
3118 3520 3528 3126 3119 3521 3529 3127 11
3119 3521 3529 3127 3120 3522 3530 3128 11
3120 3522 3530 3128 3121 3523 3531 3129 11
3121 3523 3531 3129 3122 3524 3532 3130 11
3122 3524 3532 3130 3123 3525 3533 3131 11
3123 3525 3533 3131 3124 3526 3534 3132 11
3133 3535 3536 3134 3135 3537 3538 3136 19
3135 3537 3538 3136 3137 3539 3540 3138 20
3137 3539 3540 3138 3139 3541 3542 3140 20
3139 3541 3542 3140 3141 3543 3544 3142 20
3141 3543 3544 3142 3143 3545 3546 3144 19
3143 3545 3546 3144 3145 3547 3548 3146 19
3145 3547 3548 3146 3147 3549 3550 3148 19
3147 3549 3550 3148 3149 3551 3552 3150 3
3149 3551 3552 3150 3151 3553 3554 3152 3
3151 3553 3554 3152 3153 3555 3556 3154 3
3134 3536 3557 3155 3136 3538 3558 3156 19
3136 3538 3558 3156 3138 3540 3559 3157 20
3138 3540 3559 3157 3140 3542 3560 3158 20
3140 3542 3560 3158 3142 3544 3561 3159 20
3142 3544 3561 3159 3144 3546 3562 3160 19
3144 3546 3562 3160 3146 3548 3563 3161 19
3146 3548 3563 3161 3148 3550 3564 3162 19
3148 3550 3564 3162 3150 3552 3565 3163 3
3150 3552 3565 3163 3152 3554 3566 3164 3
3152 3554 3566 3164 3154 3556 3567 3165 3
3155 3557 3568 3166 3156 3558 3569 3167 19
3156 3558 3569 3167 3157 3559 3570 3168 20
3157 3559 3570 3168 3158 3560 3571 3169 20
3158 3560 3571 3169 3159 3561 3572 3170 20
3159 3561 3572 3170 3160 3562 3573 3171 19
3160 3562 3573 3171 3161 3563 3574 3172 19
3161 3563 3574 3172 3162 3564 3575 3173 19
3162 3564 3575 3173 3163 3565 3576 3174 3
3163 3565 3576 3174 3164 3566 3577 3175 3
3164 3566 3577 3175 3165 3567 3578 3176 3
3166 3568 3579 3177 3167 3569 3580 3178 19
3167 3569 3580 3178 3168 3570 3581 3179 20
3168 3570 3581 3179 3169 3571 3582 3180 20
3169 3571 3582 3180 3170 3572 3583 3181 20
3170 3572 3583 3181 3171 3573 3584 3182 19
3171 3573 3584 3182 3172 3574 3585 3183 19
3172 3574 3585 3183 3173 3575 3586 3184 19
3173 3575 3586 3184 3174 3576 3587 3185 3
3174 3576 3587 3185 3175 3577 3588 3186 3
3175 3577 3588 3186 3176 3578 3589 3187 3
3177 3579 3590 3188 3178 3580 3591 3189 19
3178 3580 3591 3189 3179 3581 3592 3190 20
3179 3581 3592 3190 3180 3582 3593 3191 20
3180 3582 3593 3191 3181 3583 3594 3192 20
3181 3583 3594 3192 3182 3584 3595 3193 19
3182 3584 3595 3193 3183 3585 3596 3194 19
3183 3585 3596 3194 3184 3586 3597 3195 19
3184 3586 3597 3195 3185 3587 3598 3196 3
3185 3587 3598 3196 3186 3588 3599 3197 3
3186 3588 3599 3197 3187 3589 3600 3198 3
3188 3590 3601 3199 3189 3591 3602 3200 19
3189 3591 3602 3200 3190 3592 3603 3201 20
3190 3592 3603 3201 3191 3593 3604 3202 20
3191 3593 3604 3202 3192 3594 3605 3203 20
3192 3594 3605 3203 3193 3595 3606 3204 19
3193 3595 3606 3204 3194 3596 3607 3205 19
3194 3596 3607 3205 3195 3597 3608 3206 19
3195 3597 3608 3206 3196 3598 3609 3207 3
3196 3598 3609 3207 3197 3599 3610 3208 3
3197 3599 3610 3208 3198 3600 3611 3209 3
3199 3601 3612 3210 3200 3602 3613 3211 19
3200 3602 3613 3211 3201 3603 3614 3212 20
3201 3603 3614 3212 3202 3604 3615 3213 20
3202 3604 3615 3213 3203 3605 3616 3214 20
3203 3605 3616 3214 3204 3606 3617 3215 19
3204 3606 3617 3215 3205 3607 3618 3216 19
3205 3607 3618 3216 3206 3608 3619 3217 19
3206 3608 3619 3217 3207 3609 3620 3218 3
3207 3609 3620 3218 3208 3610 3621 3219 3
3208 3610 3621 3219 3209 3611 3622 3220 3
3210 3612 3623 3221 3211 3613 3624 3222 19
3211 3613 3624 3222 3212 3614 3625 3223 20
3212 3614 3625 3223 3213 3615 3626 3224 20
3213 3615 3626 3224 3214 3616 3627 3225 20
3214 3616 3627 3225 3215 3617 3628 3226 19
3215 3617 3628 3226 3216 3618 3629 3227 19
3216 3618 3629 3227 3217 3619 3630 3228 19
3217 3619 3630 3228 3218 3620 3631 3229 3
3218 3620 3631 3229 3219 3621 3632 3230 3
3219 3621 3632 3230 3220 3622 3633 3231 3
3221 3623 3634 3232 3222 3624 3635 3233 19
3222 3624 3635 3233 3223 3625 3636 3234 20
3223 3625 3636 3234 3224 3626 3637 3235 20
3224 3626 3637 3235 3225 3627 3638 3236 20
3225 3627 3638 3236 3226 3628 3639 3237 19
3226 3628 3639 3237 3227 3629 3640 3238 19
3227 3629 3640 3238 3228 3630 3641 3239 19
3228 3630 3641 3239 3229 3631 3642 3240 3
3229 3631 3642 3240 3230 3632 3643 3241 3
3230 3632 3643 3241 3231 3633 3644 3242 3
3232 3634 3645 3243 3233 3635 3646 3244 19
3233 3635 3646 3244 3234 3636 3647 3245 20
3234 3636 3647 3245 3235 3637 3648 3246 20
3235 3637 3648 3246 3236 3638 3649 3247 20
3236 3638 3649 3247 3237 3639 3650 3248 19
3237 3639 3650 3248 3238 3640 3651 3249 19
3238 3640 3651 3249 3239 3641 3652 3250 19
3239 3641 3652 3250 3240 3642 3653 3251 3
3240 3642 3653 3251 3241 3643 3654 3252 3
3241 3643 3654 3252 3242 3644 3655 3253 3
3243 3645 3656 3254 3244 3646 3657 3255 19
3244 3646 3657 3255 3245 3647 3658 3256 20
3245 3647 3658 3256 3246 3648 3659 3257 20
3246 3648 3659 3257 3247 3649 3660 3258 20
3247 3649 3660 3258 3248 3650 3661 3259 19
3248 3650 3661 3259 3249 3651 3662 3260 19
3249 3651 3662 3260 3250 3652 3663 3261 19
3250 3652 3663 3261 3251 3653 3664 3262 3
3251 3653 3664 3262 3252 3654 3665 3263 3
3252 3654 3665 3263 3253 3655 3666 3264 3
3254 3656 3667 3265 3255 3657 3668 3266 19
3255 3657 3668 3266 3256 3658 3669 3267 20
3256 3658 3669 3267 3257 3659 3670 3268 20
3257 3659 3670 3268 3258 3660 3671 3269 20
3258 3660 3671 3269 3259 3661 3672 3270 19
3259 3661 3672 3270 3260 3662 3673 3271 19
3260 3662 3673 3271 3261 3663 3674 3272 19
3261 3663 3674 3272 3262 3664 3675 3273 3
3262 3664 3675 3273 3263 3665 3676 3274 3
3263 3665 3676 3274 3264 3666 3677 3275 3
3265 3667 3678 3276 3266 3668 3679 3277 19
3266 3668 3679 3277 3267 3669 3680 3278 19
3267 3669 3680 3278 3268 3670 3681 3279 19
3268 3670 3681 3279 3269 3671 3682 3280 19
3269 3671 3682 3280 3270 3672 3683 3281 19
3270 3672 3683 3281 3271 3673 3684 3282 19
3271 3673 3684 3282 3272 3674 3685 3283 19
3272 3674 3685 3283 3273 3675 3686 3284 3
3273 3675 3686 3284 3274 3676 3687 3285 3
3274 3676 3687 3285 3275 3677 3688 3286 3
3276 3678 3689 3287 3277 3679 3690 3288 19
3277 3679 3690 3288 3278 3680 3691 3289 19
3278 3680 3691 3289 3279 3681 3692 3290 19
3279 3681 3692 3290 3280 3682 3693 3291 19
3280 3682 3693 3291 3281 3683 3694 3292 19
3281 3683 3694 3292 3282 3684 3695 3293 19
3282 3684 3695 3293 3283 3685 3696 3294 19
3287 3689 3697 3295 3288 3690 3698 3296 19
3288 3690 3698 3296 3289 3691 3699 3297 19
3289 3691 3699 3297 3290 3692 3700 3298 19
3290 3692 3700 3298 3291 3693 3701 3299 19
3291 3693 3701 3299 3292 3694 3702 3300 19
3292 3694 3702 3300 3293 3695 3703 3301 19
3293 3695 3703 3301 3294 3696 3704 3302 19
3295 3697 3705 3303 3296 3698 3706 3304 19
3296 3698 3706 3304 3297 3699 3707 3305 19
3297 3699 3707 3305 3298 3700 3708 3306 19
3298 3700 3708 3306 3299 3701 3709 3307 19
3299 3701 3709 3307 3300 3702 3710 3308 19
3300 3702 3710 3308 3301 3703 3711 3309 19
3301 3703 3711 3309 3302 3704 3712 3310 19
3303 3705 3713 3311 3304 3706 3714 3312 19
3304 3706 3714 3312 3305 3707 3715 3313 19
3305 3707 3715 3313 3306 3708 3716 3314 19
3306 3708 3716 3314 3307 3709 3717 3315 19
3307 3709 3717 3315 3308 3710 3718 3316 19
3308 3710 3718 3316 3309 3711 3719 3317 19
3309 3711 3719 3317 3310 3712 3720 3318 19
3311 3713 3721 3319 3312 3714 3722 3320 19
3312 3714 3722 3320 3313 3715 3723 3321 19
3313 3715 3723 3321 3314 3716 3724 3322 19
3314 3716 3724 3322 3315 3717 3725 3323 19
3315 3717 3725 3323 3316 3718 3726 3324 19
3316 3718 3726 3324 3317 3719 3727 3325 19
3317 3719 3727 3325 3318 3720 3728 3326 19
3319 3721 3729 3327 3320 3722 3730 3328 19
3320 3722 3730 3328 3321 3723 3731 3329 19
3321 3723 3731 3329 3322 3724 3732 3330 19
3322 3724 3732 3330 3323 3725 3733 3331 19
3323 3725 3733 3331 3324 3726 3734 3332 19
3324 3726 3734 3332 3325 3727 3735 3333 19
3325 3727 3735 3333 3326 3728 3736 3334 19
3327 3729 3737 3335 3328 3730 3738 3336 19
3328 3730 3738 3336 3329 3731 3739 3337 19
3329 3731 3739 3337 3330 3732 3740 3338 19
3330 3732 3740 3338 3331 3733 3741 3339 19
3331 3733 3741 3339 3332 3734 3742 3340 19
3332 3734 3742 3340 3333 3735 3743 3341 19
3333 3735 3743 3341 3334 3736 3744 3342 19
3335 3737 3745 3343 3336 3738 3746 3344 19
3336 3738 3746 3344 3337 3739 3747 3345 19
3337 3739 3747 3345 3338 3740 3748 3346 19
3338 3740 3748 3346 3339 3741 3749 3347 19
3339 3741 3749 3347 3340 3742 3750 3348 19
3340 3742 3750 3348 3341 3743 3751 3349 19
3341 3743 3751 3349 3342 3744 3752 3350 19
3343 3745 3753 3351 3344 3746 3754 3352 19
3344 3746 3754 3352 3345 3747 3755 3353 19
3345 3747 3755 3353 3346 3748 3756 3354 19
3346 3748 3756 3354 3347 3749 3757 3355 19
3347 3749 3757 3355 3348 3750 3758 3356 19
3348 3750 3758 3356 3349 3751 3759 3357 19
3349 3751 3759 3357 3350 3752 3760 3358 19
3351 3753 3761 3359 3352 3754 3762 3360 19
3352 3754 3762 3360 3353 3755 3763 3361 19
3353 3755 3763 3361 3354 3756 3764 3362 19
3354 3756 3764 3362 3355 3757 3765 3363 19
3355 3757 3765 3363 3356 3758 3766 3364 19
3356 3758 3766 3364 3357 3759 3767 3365 19
3357 3759 3767 3365 3358 3760 3768 3366 19
3359 3761 3769 3367 3360 3762 3770 3368 19
3360 3762 3770 3368 3361 3763 3771 3369 19
3361 3763 3771 3369 3362 3764 3772 3370 19
3362 3764 3772 3370 3363 3765 3773 3371 19
3363 3765 3773 3371 3364 3766 3774 3372 19
3364 3766 3774 3372 3365 3767 3775 3373 19
3365 3767 3775 3373 3366 3768 3776 3374 19
3367 3769 3777 3375 3368 3770 3778 3376 19
3368 3770 3778 3376 3369 3771 3779 3377 19
3369 3771 3779 3377 3370 3772 3780 3378 19
3370 3772 3780 3378 3371 3773 3781 3379 19
3371 3773 3781 3379 3372 3774 3782 3380 19
3372 3774 3782 3380 3373 3775 3783 3381 19
3373 3775 3783 3381 3374 3776 3784 3382 19
3375 3777 3785 3383 3376 3778 3786 3384 19
3376 3778 3786 3384 3377 3779 3787 3385 19
3377 3779 3787 3385 3378 3780 3788 3386 19
3378 3780 3788 3386 3379 3781 3789 3387 19
3379 3781 3789 3387 3380 3782 3790 3388 19
3380 3782 3790 3388 3381 3783 3791 3389 19
3381 3783 3791 3389 3382 3784 3792 3390 19
3383 3785 3793 3391 3384 3786 3794 3392 19
3384 3786 3794 3392 3385 3787 3795 3393 19
3385 3787 3795 3393 3386 3788 3796 3394 19
3386 3788 3796 3394 3387 3789 3797 3395 19
3387 3789 3797 3395 3388 3790 3798 3396 19
3388 3790 3798 3396 3389 3791 3799 3397 19
3389 3791 3799 3397 3390 3792 3800 3398 19
3391 3793 3801 3399 3392 3794 3802 3400 19
3392 3794 3802 3400 3393 3795 3803 3401 19
3393 3795 3803 3401 3394 3796 3804 3402 19
3394 3796 3804 3402 3395 3797 3805 3403 19
3395 3797 3805 3403 3396 3798 3806 3404 19
3396 3798 3806 3404 3397 3799 3807 3405 19
3397 3799 3807 3405 3398 3800 3808 3406 19
3399 3801 3809 3407 3400 3802 3810 3408 19
3400 3802 3810 3408 3401 3803 3811 3409 19
3401 3803 3811 3409 3402 3804 3812 3410 19
3402 3804 3812 3410 3403 3805 3813 3411 19
3403 3805 3813 3411 3404 3806 3814 3412 19
3404 3806 3814 3412 3405 3807 3815 3413 19
3405 3807 3815 3413 3406 3808 3816 3414 19
3407 3809 3817 3415 3408 3810 3818 3416 19
3408 3810 3818 3416 3409 3811 3819 3417 19
3409 3811 3819 3417 3410 3812 3820 3418 21
3410 3812 3820 3418 3411 3813 3821 3419 21
3411 3813 3821 3419 3412 3814 3822 3420 21
3412 3814 3822 3420 3413 3815 3823 3421 19
3413 3815 3823 3421 3414 3816 3824 3422 19
3415 3817 3825 3423 3416 3818 3826 3424 19
3416 3818 3826 3424 3417 3819 3827 3425 19
3417 3819 3827 3425 3418 3820 3828 3426 21
3418 3820 3828 3426 3419 3821 3829 3427 21
3419 3821 3829 3427 3420 3822 3830 3428 21
3420 3822 3830 3428 3421 3823 3831 3429 19
3421 3823 3831 3429 3422 3824 3832 3430 19
3423 3825 3833 3431 3424 3826 3834 3432 19
3424 3826 3834 3432 3425 3827 3835 3433 19
3425 3827 3835 3433 3426 3828 3836 3434 21
3426 3828 3836 3434 3427 3829 3837 3435 21
3427 3829 3837 3435 3428 3830 3838 3436 21
3428 3830 3838 3436 3429 3831 3839 3437 19
3429 3831 3839 3437 3430 3832 3840 3438 19
3431 3833 3841 3439 3432 3834 3842 3440 19
3432 3834 3842 3440 3433 3835 3843 3441 19
3433 3835 3843 3441 3434 3836 3844 3442 21
3434 3836 3844 3442 3435 3837 3845 3443 21
3435 3837 3845 3443 3436 3838 3846 3444 21
3436 3838 3846 3444 3437 3839 3847 3445 19
3437 3839 3847 3445 3438 3840 3848 3446 19
3439 3841 3849 3447 3440 3842 3850 3448 19
3440 3842 3850 3448 3441 3843 3851 3449 19
3441 3843 3851 3449 3442 3844 3852 3450 19
3442 3844 3852 3450 3443 3845 3853 3451 19
3443 3845 3853 3451 3444 3846 3854 3452 19
3444 3846 3854 3452 3445 3847 3855 3453 19
3445 3847 3855 3453 3446 3848 3856 3454 19
3447 3849 3857 3455 3448 3850 3858 3456 19
3448 3850 3858 3456 3449 3851 3859 3457 19
3449 3851 3859 3457 3450 3852 3860 3458 19
3450 3852 3860 3458 3451 3853 3861 3459 19
3451 3853 3861 3459 3452 3854 3862 3460 19
3452 3854 3862 3460 3453 3855 3863 3461 19
3453 3855 3863 3461 3454 3856 3864 3462 19
3455 3857 3865 3463 3456 3858 3866 3464 19
3456 3858 3866 3464 3457 3859 3867 3465 19
3457 3859 3867 3465 3458 3860 3868 3466 19
3458 3860 3868 3466 3459 3861 3869 3467 19
3459 3861 3869 3467 3460 3862 3870 3468 19
3460 3862 3870 3468 3461 3863 3871 3469 19
3461 3863 3871 3469 3462 3864 3872 3470 19
3463 3865 3873 3471 3464 3866 3874 3472 19
3464 3866 3874 3472 3465 3867 3875 3473 19
3465 3867 3875 3473 3466 3868 3876 3474 22
3466 3868 3876 3474 3467 3869 3877 3475 22
3467 3869 3877 3475 3468 3870 3878 3476 22
3468 3870 3878 3476 3469 3871 3879 3477 19
3469 3871 3879 3477 3470 3872 3880 3478 19
3471 3873 3881 3479 3472 3874 3882 3480 19
3472 3874 3882 3480 3473 3875 3883 3481 19
3473 3875 3883 3481 3474 3876 3884 3482 22
3474 3876 3884 3482 3475 3877 3885 3483 22
3475 3877 3885 3483 3476 3878 3886 3484 22
3476 3878 3886 3484 3477 3879 3887 3485 19
3477 3879 3887 3485 3478 3880 3888 3486 19
3479 3881 3889 3487 3480 3882 3890 3488 19
3480 3882 3890 3488 3481 3883 3891 3489 19
3481 3883 3891 3489 3482 3884 3892 3490 22
3482 3884 3892 3490 3483 3885 3893 3491 22
3483 3885 3893 3491 3484 3886 3894 3492 22
3484 3886 3894 3492 3485 3887 3895 3493 19
3485 3887 3895 3493 3486 3888 3896 3494 19
3487 3889 3897 3495 3488 3890 3898 3496 19
3488 3890 3898 3496 3489 3891 3899 3497 19
3489 3891 3899 3497 3490 3892 3900 3498 19
3490 3892 3900 3498 3491 3893 3901 3499 19
3491 3893 3901 3499 3492 3894 3902 3500 19
3492 3894 3902 3500 3493 3895 3903 3501 19
3493 3895 3903 3501 3494 3896 3904 3502 19
3495 3897 3905 3503 3496 3898 3906 3504 19
3496 3898 3906 3504 3497 3899 3907 3505 19
3497 3899 3907 3505 3498 3900 3908 3506 25
3498 3900 3908 3506 3499 3901 3909 3507 25
3499 3901 3909 3507 3500 3902 3910 3508 25
3500 3902 3910 3508 3501 3903 3911 3509 25
3501 3903 3911 3509 3502 3904 3912 3510 19
3503 3905 3913 3511 3504 3906 3914 3512 19
3504 3906 3914 3512 3505 3907 3915 3513 19
3505 3907 3915 3513 3506 3908 3916 3514 25
3506 3908 3916 3514 3507 3909 3917 3515 25
3507 3909 3917 3515 3508 3910 3918 3516 25
3508 3910 3918 3516 3509 3911 3919 3517 25
3509 3911 3919 3517 3510 3912 3920 3518 19
3511 3913 3921 3519 3512 3914 3922 3520 19
3512 3914 3922 3520 3513 3915 3923 3521 19
3513 3915 3923 3521 3514 3916 3924 3522 25
3514 3916 3924 3522 3515 3917 3925 3523 25
3515 3917 3925 3523 3516 3918 3926 3524 25
3516 3918 3926 3524 3517 3919 3927 3525 25
3517 3919 3927 3525 3518 3920 3928 3526 19
3519 3921 3929 3527 3520 3922 3930 3528 11
3520 3922 3930 3528 3521 3923 3931 3529 11
3521 3923 3931 3529 3522 3924 3932 3530 11
3522 3924 3932 3530 3523 3925 3933 3531 11
3523 3925 3933 3531 3524 3926 3934 3532 11
3524 3926 3934 3532 3525 3927 3935 3533 11
3525 3927 3935 3533 3526 3928 3936 3534 11
3535 3937 3938 3536 3537 3939 3940 3538 19
3537 3939 3940 3538 3539 3941 3942 3540 20
3539 3941 3942 3540 3541 3943 3944 3542 20
3541 3943 3944 3542 3543 3945 3946 3544 20
3543 3945 3946 3544 3545 3947 3948 3546 19
3545 3947 3948 3546 3547 3949 3950 3548 19
3547 3949 3950 3548 3549 3951 3952 3550 19
3549 3951 3952 3550 3551 3953 3954 3552 3
3551 3953 3954 3552 3553 3955 3956 3554 3
3553 3955 3956 3554 3555 3957 3958 3556 3
3536 3938 3959 3557 3538 3940 3960 3558 19
3538 3940 3960 3558 3540 3942 3961 3559 20
3540 3942 3961 3559 3542 3944 3962 3560 20
3542 3944 3962 3560 3544 3946 3963 3561 20
3544 3946 3963 3561 3546 3948 3964 3562 19
3546 3948 3964 3562 3548 3950 3965 3563 19
3548 3950 3965 3563 3550 3952 3966 3564 19
3550 3952 3966 3564 3552 3954 3967 3565 3
3552 3954 3967 3565 3554 3956 3968 3566 3
3554 3956 3968 3566 3556 3958 3969 3567 3
3557 3959 3970 3568 3558 3960 3971 3569 19
3558 3960 3971 3569 3559 3961 3972 3570 20
3559 3961 3972 3570 3560 3962 3973 3571 20
3560 3962 3973 3571 3561 3963 3974 3572 20
3561 3963 3974 3572 3562 3964 3975 3573 19
3562 3964 3975 3573 3563 3965 3976 3574 19
3563 3965 3976 3574 3564 3966 3977 3575 19
3564 3966 3977 3575 3565 3967 3978 3576 3
3565 3967 3978 3576 3566 3968 3979 3577 3
3566 3968 3979 3577 3567 3969 3980 3578 3
3568 3970 3981 3579 3569 3971 3982 3580 19
3569 3971 3982 3580 3570 3972 3983 3581 20
3570 3972 3983 3581 3571 3973 3984 3582 20
3571 3973 3984 3582 3572 3974 3985 3583 20
3572 3974 3985 3583 3573 3975 3986 3584 19
3573 3975 3986 3584 3574 3976 3987 3585 19
3574 3976 3987 3585 3575 3977 3988 3586 19
3575 3977 3988 3586 3576 3978 3989 3587 3
3576 3978 3989 3587 3577 3979 3990 3588 3
3577 3979 3990 3588 3578 3980 3991 3589 3
3579 3981 3992 3590 3580 3982 3993 3591 19
3580 3982 3993 3591 3581 3983 3994 3592 20
3581 3983 3994 3592 3582 3984 3995 3593 20
3582 3984 3995 3593 3583 3985 3996 3594 20
3583 3985 3996 3594 3584 3986 3997 3595 19
3584 3986 3997 3595 3585 3987 3998 3596 19
3585 3987 3998 3596 3586 3988 3999 3597 19
3586 3988 3999 3597 3587 3989 4000 3598 3
3587 3989 4000 3598 3588 3990 4001 3599 3
3588 3990 4001 3599 3589 3991 4002 3600 3
3590 3992 4003 3601 3591 3993 4004 3602 19
3591 3993 4004 3602 3592 3994 4005 3603 20
3592 3994 4005 3603 3593 3995 4006 3604 20
3593 3995 4006 3604 3594 3996 4007 3605 20
3594 3996 4007 3605 3595 3997 4008 3606 19
3595 3997 4008 3606 3596 3998 4009 3607 19
3596 3998 4009 3607 3597 3999 4010 3608 19
3597 3999 4010 3608 3598 4000 4011 3609 3
3598 4000 4011 3609 3599 4001 4012 3610 3
3599 4001 4012 3610 3600 4002 4013 3611 3
3601 4003 4014 3612 3602 4004 4015 3613 19
3602 4004 4015 3613 3603 4005 4016 3614 20
3603 4005 4016 3614 3604 4006 4017 3615 20
3604 4006 4017 3615 3605 4007 4018 3616 20
3605 4007 4018 3616 3606 4008 4019 3617 19
3606 4008 4019 3617 3607 4009 4020 3618 19
3607 4009 4020 3618 3608 4010 4021 3619 19
3608 4010 4021 3619 3609 4011 4022 3620 3
3609 4011 4022 3620 3610 4012 4023 3621 3
3610 4012 4023 3621 3611 4013 4024 3622 3
3612 4014 4025 3623 3613 4015 4026 3624 19
3613 4015 4026 3624 3614 4016 4027 3625 20
3614 4016 4027 3625 3615 4017 4028 3626 20
3615 4017 4028 3626 3616 4018 4029 3627 20
3616 4018 4029 3627 3617 4019 4030 3628 19
3617 4019 4030 3628 3618 4020 4031 3629 19
3618 4020 4031 3629 3619 4021 4032 3630 19
3619 4021 4032 3630 3620 4022 4033 3631 3
3620 4022 4033 3631 3621 4023 4034 3632 3
3621 4023 4034 3632 3622 4024 4035 3633 3
3623 4025 4036 3634 3624 4026 4037 3635 19
3624 4026 4037 3635 3625 4027 4038 3636 20
3625 4027 4038 3636 3626 4028 4039 3637 20
3626 4028 4039 3637 3627 4029 4040 3638 20
3627 4029 4040 3638 3628 4030 4041 3639 19
3628 4030 4041 3639 3629 4031 4042 3640 19
3629 4031 4042 3640 3630 4032 4043 3641 19
3630 4032 4043 3641 3631 4033 4044 3642 3
3631 4033 4044 3642 3632 4034 4045 3643 3
3632 4034 4045 3643 3633 4035 4046 3644 3
3634 4036 4047 3645 3635 4037 4048 3646 19
3635 4037 4048 3646 3636 4038 4049 3647 20
3636 4038 4049 3647 3637 4039 4050 3648 20
3637 4039 4050 3648 3638 4040 4051 3649 20
3638 4040 4051 3649 3639 4041 4052 3650 19
3639 4041 4052 3650 3640 4042 4053 3651 19
3640 4042 4053 3651 3641 4043 4054 3652 19
3641 4043 4054 3652 3642 4044 4055 3653 3
3642 4044 4055 3653 3643 4045 4056 3654 3
3643 4045 4056 3654 3644 4046 4057 3655 3
3645 4047 4058 3656 3646 4048 4059 3657 19
3646 4048 4059 3657 3647 4049 4060 3658 20
3647 4049 4060 3658 3648 4050 4061 3659 20
3648 4050 4061 3659 3649 4051 4062 3660 26
3649 4051 4062 3660 3650 4052 4063 3661 26
3650 4052 4063 3661 3651 4053 4064 3662 26
3651 4053 4064 3662 3652 4054 4065 3663 19
3652 4054 4065 3663 3653 4055 4066 3664 3
3653 4055 4066 3664 3654 4056 4067 3665 3
3654 4056 4067 3665 3655 4057 4068 3666 3
3656 4058 4069 3667 3657 4059 4070 3668 19
3657 4059 4070 3668 3658 4060 4071 3669 20
3658 4060 4071 3669 3659 4061 4072 3670 20
3659 4061 4072 3670 3660 4062 4073 3671 26
3660 4062 4073 3671 3661 4063 4074 3672 26
3661 4063 4074 3672 3662 4064 4075 3673 26
3662 4064 4075 3673 3663 4065 4076 3674 19
3663 4065 4076 3674 3664 4066 4077 3675 3
3664 4066 4077 3675 3665 4067 4078 3676 3
3665 4067 4078 3676 3666 4068 4079 3677 3
3667 4069 4080 3678 3668 4070 4081 3679 19
3668 4070 4081 3679 3669 4071 4082 3680 19
3669 4071 4082 3680 3670 4072 4083 3681 19
3670 4072 4083 3681 3671 4073 4084 3682 26
3671 4073 4084 3682 3672 4074 4085 3683 26
3672 4074 4085 3683 3673 4075 4086 3684 26
3673 4075 4086 3684 3674 4076 4087 3685 19
3674 4076 4087 3685 3675 4077 4088 3686 3
3675 4077 4088 3686 3676 4078 4089 3687 3
3676 4078 4089 3687 3677 4079 4090 3688 3
3678 4080 4091 3689 3679 4081 4092 3690 19
3679 4081 4092 3690 3680 4082 4093 3691 19
3680 4082 4093 3691 3681 4083 4094 3692 19
3681 4083 4094 3692 3682 4084 4095 3693 26
3682 4084 4095 3693 3683 4085 4096 3694 26
3683 4085 4096 3694 3684 4086 4097 3695 26
3684 4086 4097 3695 3685 4087 4098 3696 19
3689 4091 4099 3697 3690 4092 4100 3698 19
3690 4092 4100 3698 3691 4093 4101 3699 19
3691 4093 4101 3699 3692 4094 4102 3700 19
3692 4094 4102 3700 3693 4095 4103 3701 26
3693 4095 4103 3701 3694 4096 4104 3702 26
3694 4096 4104 3702 3695 4097 4105 3703 26
3695 4097 4105 3703 3696 4098 4106 3704 19
3697 4099 4107 3705 3698 4100 4108 3706 19
3698 4100 4108 3706 3699 4101 4109 3707 19
3699 4101 4109 3707 3700 4102 4110 3708 19
3700 4102 4110 3708 3701 4103 4111 3709 26
3701 4103 4111 3709 3702 4104 4112 3710 26
3702 4104 4112 3710 3703 4105 4113 3711 26
3703 4105 4113 3711 3704 4106 4114 3712 19
3705 4107 4115 3713 3706 4108 4116 3714 19
3706 4108 4116 3714 3707 4109 4117 3715 19
3707 4109 4117 3715 3708 4110 4118 3716 19
3708 4110 4118 3716 3709 4111 4119 3717 26
3709 4111 4119 3717 3710 4112 4120 3718 26
3710 4112 4120 3718 3711 4113 4121 3719 26
3711 4113 4121 3719 3712 4114 4122 3720 19
3713 4115 4123 3721 3714 4116 4124 3722 19
3714 4116 4124 3722 3715 4117 4125 3723 19
3715 4117 4125 3723 3716 4118 4126 3724 19
3716 4118 4126 3724 3717 4119 4127 3725 26
3717 4119 4127 3725 3718 4120 4128 3726 26
3718 4120 4128 3726 3719 4121 4129 3727 26
3719 4121 4129 3727 3720 4122 4130 3728 19
3721 4123 4131 3729 3722 4124 4132 3730 19
3722 4124 4132 3730 3723 4125 4133 3731 19
3723 4125 4133 3731 3724 4126 4134 3732 19
3724 4126 4134 3732 3725 4127 4135 3733 26
3725 4127 4135 3733 3726 4128 4136 3734 26
3726 4128 4136 3734 3727 4129 4137 3735 26
3727 4129 4137 3735 3728 4130 4138 3736 19
3729 4131 4139 3737 3730 4132 4140 3738 19
3730 4132 4140 3738 3731 4133 4141 3739 19
3731 4133 4141 3739 3732 4134 4142 3740 19
3732 4134 4142 3740 3733 4135 4143 3741 26
3733 4135 4143 3741 3734 4136 4144 3742 26
3734 4136 4144 3742 3735 4137 4145 3743 26
3735 4137 4145 3743 3736 4138 4146 3744 19
3737 4139 4147 3745 3738 4140 4148 3746 19
3738 4140 4148 3746 3739 4141 4149 3747 19
3739 4141 4149 3747 3740 4142 4150 3748 19
3740 4142 4150 3748 3741 4143 4151 3749 26
3741 4143 4151 3749 3742 4144 4152 3750 26
3742 4144 4152 3750 3743 4145 4153 3751 26
3743 4145 4153 3751 3744 4146 4154 3752 19
3745 4147 4155 3753 3746 4148 4156 3754 19
3746 4148 4156 3754 3747 4149 4157 3755 19
3747 4149 4157 3755 3748 4150 4158 3756 19
3748 4150 4158 3756 3749 4151 4159 3757 26
3749 4151 4159 3757 3750 4152 4160 3758 26
3750 4152 4160 3758 3751 4153 4161 3759 26
3751 4153 4161 3759 3752 4154 4162 3760 19
3753 4155 4163 3761 3754 4156 4164 3762 19
3754 4156 4164 3762 3755 4157 4165 3763 19
3755 4157 4165 3763 3756 4158 4166 3764 19
3756 4158 4166 3764 3757 4159 4167 3765 26
3757 4159 4167 3765 3758 4160 4168 3766 26
3758 4160 4168 3766 3759 4161 4169 3767 26
3759 4161 4169 3767 3760 4162 4170 3768 19
3761 4163 4171 3769 3762 4164 4172 3770 19
3762 4164 4172 3770 3763 4165 4173 3771 19
3763 4165 4173 3771 3764 4166 4174 3772 19
3764 4166 4174 3772 3765 4167 4175 3773 26
3765 4167 4175 3773 3766 4168 4176 3774 26
3766 4168 4176 3774 3767 4169 4177 3775 26
3767 4169 4177 3775 3768 4170 4178 3776 19
3769 4171 4179 3777 3770 4172 4180 3778 19
3770 4172 4180 3778 3771 4173 4181 3779 19
3771 4173 4181 3779 3772 4174 4182 3780 19
3772 4174 4182 3780 3773 4175 4183 3781 26
3773 4175 4183 3781 3774 4176 4184 3782 26
3774 4176 4184 3782 3775 4177 4185 3783 26
3775 4177 4185 3783 3776 4178 4186 3784 19
3777 4179 4187 3785 3778 4180 4188 3786 19
3778 4180 4188 3786 3779 4181 4189 3787 19
3779 4181 4189 3787 3780 4182 4190 3788 19
3780 4182 4190 3788 3781 4183 4191 3789 26
3781 4183 4191 3789 3782 4184 4192 3790 26
3782 4184 4192 3790 3783 4185 4193 3791 26
3783 4185 4193 3791 3784 4186 4194 3792 19
3785 4187 4195 3793 3786 4188 4196 3794 19
3786 4188 4196 3794 3787 4189 4197 3795 19
3787 4189 4197 3795 3788 4190 4198 3796 19
3788 4190 4198 3796 3789 4191 4199 3797 26
3789 4191 4199 3797 3790 4192 4200 3798 26
3790 4192 4200 3798 3791 4193 4201 3799 26
3791 4193 4201 3799 3792 4194 4202 3800 19
3793 4195 4203 3801 3794 4196 4204 3802 19
3794 4196 4204 3802 3795 4197 4205 3803 19
3795 4197 4205 3803 3796 4198 4206 3804 19
3796 4198 4206 3804 3797 4199 4207 3805 26
3797 4199 4207 3805 3798 4200 4208 3806 26
3798 4200 4208 3806 3799 4201 4209 3807 26
3799 4201 4209 3807 3800 4202 4210 3808 19
3801 4203 4211 3809 3802 4204 4212 3810 19
3802 4204 4212 3810 3803 4205 4213 3811 19
3803 4205 4213 3811 3804 4206 4214 3812 19
3804 4206 4214 3812 3805 4207 4215 3813 26
3805 4207 4215 3813 3806 4208 4216 3814 26
3806 4208 4216 3814 3807 4209 4217 3815 26
3807 4209 4217 3815 3808 4210 4218 3816 19
3809 4211 4219 3817 3810 4212 4220 3818 19
3810 4212 4220 3818 3811 4213 4221 3819 19
3811 4213 4221 3819 3812 4214 4222 3820 21
3812 4214 4222 3820 3813 4215 4223 3821 26
3813 4215 4223 3821 3814 4216 4224 3822 26
3814 4216 4224 3822 3815 4217 4225 3823 26
3815 4217 4225 3823 3816 4218 4226 3824 19
3817 4219 4227 3825 3818 4220 4228 3826 19
3818 4220 4228 3826 3819 4221 4229 3827 19
3819 4221 4229 3827 3820 4222 4230 3828 21
3820 4222 4230 3828 3821 4223 4231 3829 26
3821 4223 4231 3829 3822 4224 4232 3830 26
3822 4224 4232 3830 3823 4225 4233 3831 26
3823 4225 4233 3831 3824 4226 4234 3832 19
3825 4227 4235 3833 3826 4228 4236 3834 19
3826 4228 4236 3834 3827 4229 4237 3835 19
3827 4229 4237 3835 3828 4230 4238 3836 21
3828 4230 4238 3836 3829 4231 4239 3837 26
3829 4231 4239 3837 3830 4232 4240 3838 26
3830 4232 4240 3838 3831 4233 4241 3839 26
3831 4233 4241 3839 3832 4234 4242 3840 19
3833 4235 4243 3841 3834 4236 4244 3842 19
3834 4236 4244 3842 3835 4237 4245 3843 19
3835 4237 4245 3843 3836 4238 4246 3844 21
3836 4238 4246 3844 3837 4239 4247 3845 21
3837 4239 4247 3845 3838 4240 4248 3846 21
3838 4240 4248 3846 3839 4241 4249 3847 19
3839 4241 4249 3847 3840 4242 4250 3848 19
3841 4243 4251 3849 3842 4244 4252 3850 19
3842 4244 4252 3850 3843 4245 4253 3851 19
3843 4245 4253 3851 3844 4246 4254 3852 19
3844 4246 4254 3852 3845 4247 4255 3853 19
3845 4247 4255 3853 3846 4248 4256 3854 19
3846 4248 4256 3854 3847 4249 4257 3855 19
3847 4249 4257 3855 3848 4250 4258 3856 19
3849 4251 4259 3857 3850 4252 4260 3858 19
3850 4252 4260 3858 3851 4253 4261 3859 19
3851 4253 4261 3859 3852 4254 4262 3860 19
3852 4254 4262 3860 3853 4255 4263 3861 19
3853 4255 4263 3861 3854 4256 4264 3862 19
3854 4256 4264 3862 3855 4257 4265 3863 19
3855 4257 4265 3863 3856 4258 4266 3864 19
3857 4259 4267 3865 3858 4260 4268 3866 19
3858 4260 4268 3866 3859 4261 4269 3867 19
3859 4261 4269 3867 3860 4262 4270 3868 19
3860 4262 4270 3868 3861 4263 4271 3869 19
3861 4263 4271 3869 3862 4264 4272 3870 19
3862 4264 4272 3870 3863 4265 4273 3871 19
3863 4265 4273 3871 3864 4266 4274 3872 19
3865 4267 4275 3873 3866 4268 4276 3874 19
3866 4268 4276 3874 3867 4269 4277 3875 19
3867 4269 4277 3875 3868 4270 4278 3876 22
3868 4270 4278 3876 3869 4271 4279 3877 22
3869 4271 4279 3877 3870 4272 4280 3878 22
3870 4272 4280 3878 3871 4273 4281 3879 19
3871 4273 4281 3879 3872 4274 4282 3880 19
3873 4275 4283 3881 3874 4276 4284 3882 19
3874 4276 4284 3882 3875 4277 4285 3883 19
3875 4277 4285 3883 3876 4278 4286 3884 22
3876 4278 4286 3884 3877 4279 4287 3885 22
3877 4279 4287 3885 3878 4280 4288 3886 22
3878 4280 4288 3886 3879 4281 4289 3887 19
3879 4281 4289 3887 3880 4282 4290 3888 19
3881 4283 4291 3889 3882 4284 4292 3890 19
3882 4284 4292 3890 3883 4285 4293 3891 19
3883 4285 4293 3891 3884 4286 4294 3892 22
3884 4286 4294 3892 3885 4287 4295 3893 22
3885 4287 4295 3893 3886 4288 4296 3894 22
3886 4288 4296 3894 3887 4289 4297 3895 19
3887 4289 4297 3895 3888 4290 4298 3896 19
3889 4291 4299 3897 3890 4292 4300 3898 19
3890 4292 4300 3898 3891 4293 4301 3899 19
3891 4293 4301 3899 3892 4294 4302 3900 19
3892 4294 4302 3900 3893 4295 4303 3901 19
3893 4295 4303 3901 3894 4296 4304 3902 19
3894 4296 4304 3902 3895 4297 4305 3903 19
3895 4297 4305 3903 3896 4298 4306 3904 19
3897 4299 4307 3905 3898 4300 4308 3906 19
3898 4300 4308 3906 3899 4301 4309 3907 19
3899 4301 4309 3907 3900 4302 4310 3908 25
3900 4302 4310 3908 3901 4303 4311 3909 25
3901 4303 4311 3909 3902 4304 4312 3910 25
3902 4304 4312 3910 3903 4305 4313 3911 25
3903 4305 4313 3911 3904 4306 4314 3912 19
3905 4307 4315 3913 3906 4308 4316 3914 19
3906 4308 4316 3914 3907 4309 4317 3915 19
3907 4309 4317 3915 3908 4310 4318 3916 25
3908 4310 4318 3916 3909 4311 4319 3917 25
3909 4311 4319 3917 3910 4312 4320 3918 25
3910 4312 4320 3918 3911 4313 4321 3919 25
3911 4313 4321 3919 3912 4314 4322 3920 19
3913 4315 4323 3921 3914 4316 4324 3922 19
3914 4316 4324 3922 3915 4317 4325 3923 19
3915 4317 4325 3923 3916 4318 4326 3924 25
3916 4318 4326 3924 3917 4319 4327 3925 25
3917 4319 4327 3925 3918 4320 4328 3926 25
3918 4320 4328 3926 3919 4321 4329 3927 25
3919 4321 4329 3927 3920 4322 4330 3928 19
3921 4323 4331 3929 3922 4324 4332 3930 11
3922 4324 4332 3930 3923 4325 4333 3931 11
3923 4325 4333 3931 3924 4326 4334 3932 11
3924 4326 4334 3932 3925 4327 4335 3933 11
3925 4327 4335 3933 3926 4328 4336 3934 11
3926 4328 4336 3934 3927 4329 4337 3935 11
3927 4329 4337 3935 3928 4330 4338 3936 11
3937 4339 4340 3938 3939 4341 4342 3940 19
3939 4341 4342 3940 3941 4343 4344 3942 20
3941 4343 4344 3942 3943 4345 4346 3944 20
3943 4345 4346 3944 3945 4347 4348 3946 20
3945 4347 4348 3946 3947 4349 4350 3948 19
3947 4349 4350 3948 3949 4351 4352 3950 19
3949 4351 4352 3950 3951 4353 4354 3952 19
3951 4353 4354 3952 3953 4355 4356 3954 3
3953 4355 4356 3954 3955 4357 4358 3956 3
3955 4357 4358 3956 3957 4359 4360 3958 3
3938 4340 4361 3959 3940 4342 4362 3960 19
3940 4342 4362 3960 3942 4344 4363 3961 20
3942 4344 4363 3961 3944 4346 4364 3962 20
3944 4346 4364 3962 3946 4348 4365 3963 20
3946 4348 4365 3963 3948 4350 4366 3964 19
3948 4350 4366 3964 3950 4352 4367 3965 19
3950 4352 4367 3965 3952 4354 4368 3966 19
3952 4354 4368 3966 3954 4356 4369 3967 3
3954 4356 4369 3967 3956 4358 4370 3968 3
3956 4358 4370 3968 3958 4360 4371 3969 3
3959 4361 4372 3970 3960 4362 4373 3971 19
3960 4362 4373 3971 3961 4363 4374 3972 20
3961 4363 4374 3972 3962 4364 4375 3973 20
3962 4364 4375 3973 3963 4365 4376 3974 20
3963 4365 4376 3974 3964 4366 4377 3975 19
3964 4366 4377 3975 3965 4367 4378 3976 19
3965 4367 4378 3976 3966 4368 4379 3977 19
3966 4368 4379 3977 3967 4369 4380 3978 3
3967 4369 4380 3978 3968 4370 4381 3979 3
3968 4370 4381 3979 3969 4371 4382 3980 3
3970 4372 4383 3981 3971 4373 4384 3982 19
3971 4373 4384 3982 3972 4374 4385 3983 20
3972 4374 4385 3983 3973 4375 4386 3984 20
3973 4375 4386 3984 3974 4376 4387 3985 20
3974 4376 4387 3985 3975 4377 4388 3986 19
3975 4377 4388 3986 3976 4378 4389 3987 19
3976 4378 4389 3987 3977 4379 4390 3988 19
3977 4379 4390 3988 3978 4380 4391 3989 3
3978 4380 4391 3989 3979 4381 4392 3990 3
3979 4381 4392 3990 3980 4382 4393 3991 3
3981 4383 4394 3992 3982 4384 4395 3993 19
3982 4384 4395 3993 3983 4385 4396 3994 20
3983 4385 4396 3994 3984 4386 4397 3995 20
3984 4386 4397 3995 3985 4387 4398 3996 20
3985 4387 4398 3996 3986 4388 4399 3997 19
3986 4388 4399 3997 3987 4389 4400 3998 19
3987 4389 4400 3998 3988 4390 4401 3999 19
3988 4390 4401 3999 3989 4391 4402 4000 3
3989 4391 4402 4000 3990 4392 4403 4001 3
3990 4392 4403 4001 3991 4393 4404 4002 3
3992 4394 4405 4003 3993 4395 4406 4004 19
3993 4395 4406 4004 3994 4396 4407 4005 20
3994 4396 4407 4005 3995 4397 4408 4006 20
3995 4397 4408 4006 3996 4398 4409 4007 20
3996 4398 4409 4007 3997 4399 4410 4008 19
3997 4399 4410 4008 3998 4400 4411 4009 19
3998 4400 4411 4009 3999 4401 4412 4010 19
3999 4401 4412 4010 4000 4402 4413 4011 3
4000 4402 4413 4011 4001 4403 4414 4012 3
4001 4403 4414 4012 4002 4404 4415 4013 3
4003 4405 4416 4014 4004 4406 4417 4015 19
4004 4406 4417 4015 4005 4407 4418 4016 20
4005 4407 4418 4016 4006 4408 4419 4017 20
4006 4408 4419 4017 4007 4409 4420 4018 20
4007 4409 4420 4018 4008 4410 4421 4019 19
4008 4410 4421 4019 4009 4411 4422 4020 19
4009 4411 4422 4020 4010 4412 4423 4021 19
4010 4412 4423 4021 4011 4413 4424 4022 3
4011 4413 4424 4022 4012 4414 4425 4023 3
4012 4414 4425 4023 4013 4415 4426 4024 3
4014 4416 4427 4025 4015 4417 4428 4026 19
4015 4417 4428 4026 4016 4418 4429 4027 20
4016 4418 4429 4027 4017 4419 4430 4028 20
4017 4419 4430 4028 4018 4420 4431 4029 20
4018 4420 4431 4029 4019 4421 4432 4030 19
4019 4421 4432 4030 4020 4422 4433 4031 19
4020 4422 4433 4031 4021 4423 4434 4032 19
4021 4423 4434 4032 4022 4424 4435 4033 3
4022 4424 4435 4033 4023 4425 4436 4034 3
4023 4425 4436 4034 4024 4426 4437 4035 3
4025 4427 4438 4036 4026 4428 4439 4037 19
4026 4428 4439 4037 4027 4429 4440 4038 20
4027 4429 4440 4038 4028 4430 4441 4039 20
4028 4430 4441 4039 4029 4431 4442 4040 20
4029 4431 4442 4040 4030 4432 4443 4041 19
4030 4432 4443 4041 4031 4433 4444 4042 19
4031 4433 4444 4042 4032 4434 4445 4043 19
4032 4434 4445 4043 4033 4435 4446 4044 3
4033 4435 4446 4044 4034 4436 4447 4045 3
4034 4436 4447 4045 4035 4437 4448 4046 3
4036 4438 4449 4047 4037 4439 4450 4048 19
4037 4439 4450 4048 4038 4440 4451 4049 20
4038 4440 4451 4049 4039 4441 4452 4050 20
4039 4441 4452 4050 4040 4442 4453 4051 20
4040 4442 4453 4051 4041 4443 4454 4052 19
4041 4443 4454 4052 4042 4444 4455 4053 19
4042 4444 4455 4053 4043 4445 4456 4054 19
4043 4445 4456 4054 4044 4446 4457 4055 3
4044 4446 4457 4055 4045 4447 4458 4056 3
4045 4447 4458 4056 4046 4448 4459 4057 3
4047 4449 4460 4058 4048 4450 4461 4059 19
4048 4450 4461 4059 4049 4451 4462 4060 20
4049 4451 4462 4060 4050 4452 4463 4061 20
4050 4452 4463 4061 4051 4453 4464 4062 26
4051 4453 4464 4062 4052 4454 4465 4063 26
4052 4454 4465 4063 4053 4455 4466 4064 26
4053 4455 4466 4064 4054 4456 4467 4065 19
4054 4456 4467 4065 4055 4457 4468 4066 3
4055 4457 4468 4066 4056 4458 4469 4067 3
4056 4458 4469 4067 4057 4459 4470 4068 3
4058 4460 4471 4069 4059 4461 4472 4070 19
4059 4461 4472 4070 4060 4462 4473 4071 20
4060 4462 4473 4071 4061 4463 4474 4072 20
4061 4463 4474 4072 4062 4464 4475 4073 26
4062 4464 4475 4073 4063 4465 4476 4074 26
4063 4465 4476 4074 4064 4466 4477 4075 26
4064 4466 4477 4075 4065 4467 4478 4076 19
4065 4467 4478 4076 4066 4468 4479 4077 3
4066 4468 4479 4077 4067 4469 4480 4078 3
4067 4469 4480 4078 4068 4470 4481 4079 3
4069 4471 4482 4080 4070 4472 4483 4081 19
4070 4472 4483 4081 4071 4473 4484 4082 19
4071 4473 4484 4082 4072 4474 4485 4083 19
4072 4474 4485 4083 4073 4475 4486 4084 26
4073 4475 4486 4084 4074 4476 4487 4085 26
4074 4476 4487 4085 4075 4477 4488 4086 26
4075 4477 4488 4086 4076 4478 4489 4087 19
4076 4478 4489 4087 4077 4479 4490 4088 3
4077 4479 4490 4088 4078 4480 4491 4089 3
4078 4480 4491 4089 4079 4481 4492 4090 3
4080 4482 4493 4091 4081 4483 4494 4092 19
4081 4483 4494 4092 4082 4484 4495 4093 19
4082 4484 4495 4093 4083 4485 4496 4094 19
4083 4485 4496 4094 4084 4486 4497 4095 26
4084 4486 4497 4095 4085 4487 4498 4096 26
4085 4487 4498 4096 4086 4488 4499 4097 26
4086 4488 4499 4097 4087 4489 4500 4098 19
4091 4493 4501 4099 4092 4494 4502 4100 19
4092 4494 4502 4100 4093 4495 4503 4101 19
4093 4495 4503 4101 4094 4496 4504 4102 19
4094 4496 4504 4102 4095 4497 4505 4103 26
4095 4497 4505 4103 4096 4498 4506 4104 26
4096 4498 4506 4104 4097 4499 4507 4105 26
4097 4499 4507 4105 4098 4500 4508 4106 19
4099 4501 4509 4107 4100 4502 4510 4108 19
4100 4502 4510 4108 4101 4503 4511 4109 19
4101 4503 4511 4109 4102 4504 4512 4110 19
4102 4504 4512 4110 4103 4505 4513 4111 26
4103 4505 4513 4111 4104 4506 4514 4112 26
4104 4506 4514 4112 4105 4507 4515 4113 26
4105 4507 4515 4113 4106 4508 4516 4114 19
4107 4509 4517 4115 4108 4510 4518 4116 19
4108 4510 4518 4116 4109 4511 4519 4117 19
4109 4511 4519 4117 4110 4512 4520 4118 19
4110 4512 4520 4118 4111 4513 4521 4119 26
4111 4513 4521 4119 4112 4514 4522 4120 26
4112 4514 4522 4120 4113 4515 4523 4121 26
4113 4515 4523 4121 4114 4516 4524 4122 19
4115 4517 4525 4123 4116 4518 4526 4124 19
4116 4518 4526 4124 4117 4519 4527 4125 19
4117 4519 4527 4125 4118 4520 4528 4126 19
4118 4520 4528 4126 4119 4521 4529 4127 26
4119 4521 4529 4127 4120 4522 4530 4128 26
4120 4522 4530 4128 4121 4523 4531 4129 26
4121 4523 4531 4129 4122 4524 4532 4130 19
4123 4525 4533 4131 4124 4526 4534 4132 19
4124 4526 4534 4132 4125 4527 4535 4133 19
4125 4527 4535 4133 4126 4528 4536 4134 19
4126 4528 4536 4134 4127 4529 4537 4135 26
4127 4529 4537 4135 4128 4530 4538 4136 26
4128 4530 4538 4136 4129 4531 4539 4137 26
4129 4531 4539 4137 4130 4532 4540 4138 19
4131 4533 4541 4139 4132 4534 4542 4140 19
4132 4534 4542 4140 4133 4535 4543 4141 19
4133 4535 4543 4141 4134 4536 4544 4142 19
4134 4536 4544 4142 4135 4537 4545 4143 26
4135 4537 4545 4143 4136 4538 4546 4144 26
4136 4538 4546 4144 4137 4539 4547 4145 26
4137 4539 4547 4145 4138 4540 4548 4146 19
4139 4541 4549 4147 4140 4542 4550 4148 19
4140 4542 4550 4148 4141 4543 4551 4149 19
4141 4543 4551 4149 4142 4544 4552 4150 19
4142 4544 4552 4150 4143 4545 4553 4151 26
4143 4545 4553 4151 4144 4546 4554 4152 26
4144 4546 4554 4152 4145 4547 4555 4153 26
4145 4547 4555 4153 4146 4548 4556 4154 19
4147 4549 4557 4155 4148 4550 4558 4156 19
4148 4550 4558 4156 4149 4551 4559 4157 19
4149 4551 4559 4157 4150 4552 4560 4158 19
4150 4552 4560 4158 4151 4553 4561 4159 26
4151 4553 4561 4159 4152 4554 4562 4160 26
4152 4554 4562 4160 4153 4555 4563 4161 26
4153 4555 4563 4161 4154 4556 4564 4162 19
4155 4557 4565 4163 4156 4558 4566 4164 19
4156 4558 4566 4164 4157 4559 4567 4165 19
4157 4559 4567 4165 4158 4560 4568 4166 19
4158 4560 4568 4166 4159 4561 4569 4167 26
4159 4561 4569 4167 4160 4562 4570 4168 26
4160 4562 4570 4168 4161 4563 4571 4169 26
4161 4563 4571 4169 4162 4564 4572 4170 19
4163 4565 4573 4171 4164 4566 4574 4172 19
4164 4566 4574 4172 4165 4567 4575 4173 19
4165 4567 4575 4173 4166 4568 4576 4174 19
4166 4568 4576 4174 4167 4569 4577 4175 26
4167 4569 4577 4175 4168 4570 4578 4176 26
4168 4570 4578 4176 4169 4571 4579 4177 26
4169 4571 4579 4177 4170 4572 4580 4178 19
4171 4573 4581 4179 4172 4574 4582 4180 19
4172 4574 4582 4180 4173 4575 4583 4181 19
4173 4575 4583 4181 4174 4576 4584 4182 19
4174 4576 4584 4182 4175 4577 4585 4183 26
4175 4577 4585 4183 4176 4578 4586 4184 26
4176 4578 4586 4184 4177 4579 4587 4185 26
4177 4579 4587 4185 4178 4580 4588 4186 19
4179 4581 4589 4187 4180 4582 4590 4188 19
4180 4582 4590 4188 4181 4583 4591 4189 19
4181 4583 4591 4189 4182 4584 4592 4190 19
4182 4584 4592 4190 4183 4585 4593 4191 26
4183 4585 4593 4191 4184 4586 4594 4192 26
4184 4586 4594 4192 4185 4587 4595 4193 26
4185 4587 4595 4193 4186 4588 4596 4194 19
4187 4589 4597 4195 4188 4590 4598 4196 19
4188 4590 4598 4196 4189 4591 4599 4197 19
4189 4591 4599 4197 4190 4592 4600 4198 19
4190 4592 4600 4198 4191 4593 4601 4199 26
4191 4593 4601 4199 4192 4594 4602 4200 26
4192 4594 4602 4200 4193 4595 4603 4201 26
4193 4595 4603 4201 4194 4596 4604 4202 19
4195 4597 4605 4203 4196 4598 4606 4204 19
4196 4598 4606 4204 4197 4599 4607 4205 19
4197 4599 4607 4205 4198 4600 4608 4206 19
4198 4600 4608 4206 4199 4601 4609 4207 26
4199 4601 4609 4207 4200 4602 4610 4208 26
4200 4602 4610 4208 4201 4603 4611 4209 26
4201 4603 4611 4209 4202 4604 4612 4210 19
4203 4605 4613 4211 4204 4606 4614 4212 19
4204 4606 4614 4212 4205 4607 4615 4213 19
4205 4607 4615 4213 4206 4608 4616 4214 19
4206 4608 4616 4214 4207 4609 4617 4215 26
4207 4609 4617 4215 4208 4610 4618 4216 26
4208 4610 4618 4216 4209 4611 4619 4217 26
4209 4611 4619 4217 4210 4612 4620 4218 19
4211 4613 4621 4219 4212 4614 4622 4220 19
4212 4614 4622 4220 4213 4615 4623 4221 19
4213 4615 4623 4221 4214 4616 4624 4222 21
4214 4616 4624 4222 4215 4617 4625 4223 26
4215 4617 4625 4223 4216 4618 4626 4224 26
4216 4618 4626 4224 4217 4619 4627 4225 26
4217 4619 4627 4225 4218 4620 4628 4226 19
4219 4621 4629 4227 4220 4622 4630 4228 19
4220 4622 4630 4228 4221 4623 4631 4229 19
4221 4623 4631 4229 4222 4624 4632 4230 21
4222 4624 4632 4230 4223 4625 4633 4231 26
4223 4625 4633 4231 4224 4626 4634 4232 26
4224 4626 4634 4232 4225 4627 4635 4233 26
4225 4627 4635 4233 4226 4628 4636 4234 19
4227 4629 4637 4235 4228 4630 4638 4236 19
4228 4630 4638 4236 4229 4631 4639 4237 19
4229 4631 4639 4237 4230 4632 4640 4238 21
4230 4632 4640 4238 4231 4633 4641 4239 26
4231 4633 4641 4239 4232 4634 4642 4240 26
4232 4634 4642 4240 4233 4635 4643 4241 26
4233 4635 4643 4241 4234 4636 4644 4242 19
4235 4637 4645 4243 4236 4638 4646 4244 19
4236 4638 4646 4244 4237 4639 4647 4245 19
4237 4639 4647 4245 4238 4640 4648 4246 21
4238 4640 4648 4246 4239 4641 4649 4247 21
4239 4641 4649 4247 4240 4642 4650 4248 21
4240 4642 4650 4248 4241 4643 4651 4249 19
4241 4643 4651 4249 4242 4644 4652 4250 19
4243 4645 4653 4251 4244 4646 4654 4252 19
4244 4646 4654 4252 4245 4647 4655 4253 19
4245 4647 4655 4253 4246 4648 4656 4254 19
4246 4648 4656 4254 4247 4649 4657 4255 19
4247 4649 4657 4255 4248 4650 4658 4256 19
4248 4650 4658 4256 4249 4651 4659 4257 19
4249 4651 4659 4257 4250 4652 4660 4258 19
4251 4653 4661 4259 4252 4654 4662 4260 19
4252 4654 4662 4260 4253 4655 4663 4261 19
4253 4655 4663 4261 4254 4656 4664 4262 19
4254 4656 4664 4262 4255 4657 4665 4263 19
4255 4657 4665 4263 4256 4658 4666 4264 19
4256 4658 4666 4264 4257 4659 4667 4265 19
4257 4659 4667 4265 4258 4660 4668 4266 19
4259 4661 4669 4267 4260 4662 4670 4268 19
4260 4662 4670 4268 4261 4663 4671 4269 19
4261 4663 4671 4269 4262 4664 4672 4270 19
4262 4664 4672 4270 4263 4665 4673 4271 19
4263 4665 4673 4271 4264 4666 4674 4272 19
4264 4666 4674 4272 4265 4667 4675 4273 19
4265 4667 4675 4273 4266 4668 4676 4274 19
4267 4669 4677 4275 4268 4670 4678 4276 19
4268 4670 4678 4276 4269 4671 4679 4277 19
4269 4671 4679 4277 4270 4672 4680 4278 19
4270 4672 4680 4278 4271 4673 4681 4279 19
4271 4673 4681 4279 4272 4674 4682 4280 19
4272 4674 4682 4280 4273 4675 4683 4281 19
4273 4675 4683 4281 4274 4676 4684 4282 19
4275 4677 4685 4283 4276 4678 4686 4284 19
4276 4678 4686 4284 4277 4679 4687 4285 19
4277 4679 4687 4285 4278 4680 4688 4286 19
4278 4680 4688 4286 4279 4681 4689 4287 19
4279 4681 4689 4287 4280 4682 4690 4288 19
4280 4682 4690 4288 4281 4683 4691 4289 19
4281 4683 4691 4289 4282 4684 4692 4290 19
4283 4685 4693 4291 4284 4686 4694 4292 19
4284 4686 4694 4292 4285 4687 4695 4293 19
4285 4687 4695 4293 4286 4688 4696 4294 19
4286 4688 4696 4294 4287 4689 4697 4295 19
4287 4689 4697 4295 4288 4690 4698 4296 19
4288 4690 4698 4296 4289 4691 4699 4297 19
4289 4691 4699 4297 4290 4692 4700 4298 19
4291 4693 4701 4299 4292 4694 4702 4300 19
4292 4694 4702 4300 4293 4695 4703 4301 19
4293 4695 4703 4301 4294 4696 4704 4302 19
4294 4696 4704 4302 4295 4697 4705 4303 19
4295 4697 4705 4303 4296 4698 4706 4304 19
4296 4698 4706 4304 4297 4699 4707 4305 19
4297 4699 4707 4305 4298 4700 4708 4306 19
4299 4701 4709 4307 4300 4702 4710 4308 19
4300 4702 4710 4308 4301 4703 4711 4309 19
4301 4703 4711 4309 4302 4704 4712 4310 25
4302 4704 4712 4310 4303 4705 4713 4311 25
4303 4705 4713 4311 4304 4706 4714 4312 25
4304 4706 4714 4312 4305 4707 4715 4313 25
4305 4707 4715 4313 4306 4708 4716 4314 19
4307 4709 4717 4315 4308 4710 4718 4316 19
4308 4710 4718 4316 4309 4711 4719 4317 19
4309 4711 4719 4317 4310 4712 4720 4318 25
4310 4712 4720 4318 4311 4713 4721 4319 25
4311 4713 4721 4319 4312 4714 4722 4320 25
4312 4714 4722 4320 4313 4715 4723 4321 25
4313 4715 4723 4321 4314 4716 4724 4322 19
4315 4717 4725 4323 4316 4718 4726 4324 19
4316 4718 4726 4324 4317 4719 4727 4325 19
4317 4719 4727 4325 4318 4720 4728 4326 25
4318 4720 4728 4326 4319 4721 4729 4327 25
4319 4721 4729 4327 4320 4722 4730 4328 25
4320 4722 4730 4328 4321 4723 4731 4329 25
4321 4723 4731 4329 4322 4724 4732 4330 19
4323 4725 4733 4331 4324 4726 4734 4332 11
4324 4726 4734 4332 4325 4727 4735 4333 11
4325 4727 4735 4333 4326 4728 4736 4334 11
4326 4728 4736 4334 4327 4729 4737 4335 11
4327 4729 4737 4335 4328 4730 4738 4336 11
4328 4730 4738 4336 4329 4731 4739 4337 11
4329 4731 4739 4337 4330 4732 4740 4338 11
4339 4741 4742 4340 4341 4743 4744 4342 19
4341 4743 4744 4342 4343 4745 4746 4344 20
4343 4745 4746 4344 4345 4747 4748 4346 20
4345 4747 4748 4346 4347 4749 4750 4348 20
4347 4749 4750 4348 4349 4751 4752 4350 19
4349 4751 4752 4350 4351 4753 4754 4352 19
4351 4753 4754 4352 4353 4755 4756 4354 19
4353 4755 4756 4354 4355 4757 4758 4356 3
4355 4757 4758 4356 4357 4759 4760 4358 3
4357 4759 4760 4358 4359 4761 4762 4360 3
4340 4742 4763 4361 4342 4744 4764 4362 19
4342 4744 4764 4362 4344 4746 4765 4363 20
4344 4746 4765 4363 4346 4748 4766 4364 20
4346 4748 4766 4364 4348 4750 4767 4365 20
4348 4750 4767 4365 4350 4752 4768 4366 19
4350 4752 4768 4366 4352 4754 4769 4367 19
4352 4754 4769 4367 4354 4756 4770 4368 19
4354 4756 4770 4368 4356 4758 4771 4369 3
4356 4758 4771 4369 4358 4760 4772 4370 3
4358 4760 4772 4370 4360 4762 4773 4371 3
4361 4763 4774 4372 4362 4764 4775 4373 19
4362 4764 4775 4373 4363 4765 4776 4374 20
4363 4765 4776 4374 4364 4766 4777 4375 20
4364 4766 4777 4375 4365 4767 4778 4376 20
4365 4767 4778 4376 4366 4768 4779 4377 19
4366 4768 4779 4377 4367 4769 4780 4378 19
4367 4769 4780 4378 4368 4770 4781 4379 19
4368 4770 4781 4379 4369 4771 4782 4380 3
4369 4771 4782 4380 4370 4772 4783 4381 3
4370 4772 4783 4381 4371 4773 4784 4382 3
4372 4774 4785 4383 4373 4775 4786 4384 19
4373 4775 4786 4384 4374 4776 4787 4385 20
4374 4776 4787 4385 4375 4777 4788 4386 20
4375 4777 4788 4386 4376 4778 4789 4387 20
4376 4778 4789 4387 4377 4779 4790 4388 19
4377 4779 4790 4388 4378 4780 4791 4389 19
4378 4780 4791 4389 4379 4781 4792 4390 19
4379 4781 4792 4390 4380 4782 4793 4391 3
4380 4782 4793 4391 4381 4783 4794 4392 3
4381 4783 4794 4392 4382 4784 4795 4393 3
4383 4785 4796 4394 4384 4786 4797 4395 19
4384 4786 4797 4395 4385 4787 4798 4396 20
4385 4787 4798 4396 4386 4788 4799 4397 20
4386 4788 4799 4397 4387 4789 4800 4398 20
4387 4789 4800 4398 4388 4790 4801 4399 19
4388 4790 4801 4399 4389 4791 4802 4400 19
4389 4791 4802 4400 4390 4792 4803 4401 19
4390 4792 4803 4401 4391 4793 4804 4402 3
4391 4793 4804 4402 4392 4794 4805 4403 3
4392 4794 4805 4403 4393 4795 4806 4404 3
4394 4796 4807 4405 4395 4797 4808 4406 19
4395 4797 4808 4406 4396 4798 4809 4407 20
4396 4798 4809 4407 4397 4799 4810 4408 20
4397 4799 4810 4408 4398 4800 4811 4409 20
4398 4800 4811 4409 4399 4801 4812 4410 19
4399 4801 4812 4410 4400 4802 4813 4411 19
4400 4802 4813 4411 4401 4803 4814 4412 19
4401 4803 4814 4412 4402 4804 4815 4413 3
4402 4804 4815 4413 4403 4805 4816 4414 3
4403 4805 4816 4414 4404 4806 4817 4415 3
4405 4807 4818 4416 4406 4808 4819 4417 19
4406 4808 4819 4417 4407 4809 4820 4418 20
4407 4809 4820 4418 4408 4810 4821 4419 20
4408 4810 4821 4419 4409 4811 4822 4420 20
4409 4811 4822 4420 4410 4812 4823 4421 19
4410 4812 4823 4421 4411 4813 4824 4422 19
4411 4813 4824 4422 4412 4814 4825 4423 19
4412 4814 4825 4423 4413 4815 4826 4424 3
4413 4815 4826 4424 4414 4816 4827 4425 3
4414 4816 4827 4425 4415 4817 4828 4426 3
4416 4818 4829 4427 4417 4819 4830 4428 19
4417 4819 4830 4428 4418 4820 4831 4429 20
4418 4820 4831 4429 4419 4821 4832 4430 20
4419 4821 4832 4430 4420 4822 4833 4431 20
4420 4822 4833 4431 4421 4823 4834 4432 19
4421 4823 4834 4432 4422 4824 4835 4433 19
4422 4824 4835 4433 4423 4825 4836 4434 19
4423 4825 4836 4434 4424 4826 4837 4435 3
4424 4826 4837 4435 4425 4827 4838 4436 3
4425 4827 4838 4436 4426 4828 4839 4437 3
4427 4829 4840 4438 4428 4830 4841 4439 19
4428 4830 4841 4439 4429 4831 4842 4440 20
4429 4831 4842 4440 4430 4832 4843 4441 20
4430 4832 4843 4441 4431 4833 4844 4442 20
4431 4833 4844 4442 4432 4834 4845 4443 19
4432 4834 4845 4443 4433 4835 4846 4444 19
4433 4835 4846 4444 4434 4836 4847 4445 19
4434 4836 4847 4445 4435 4837 4848 4446 3
4435 4837 4848 4446 4436 4838 4849 4447 3
4436 4838 4849 4447 4437 4839 4850 4448 3
4438 4840 4851 4449 4439 4841 4852 4450 19
4439 4841 4852 4450 4440 4842 4853 4451 20
4440 4842 4853 4451 4441 4843 4854 4452 20
4441 4843 4854 4452 4442 4844 4855 4453 20
4442 4844 4855 4453 4443 4845 4856 4454 19
4443 4845 4856 4454 4444 4846 4857 4455 19
4444 4846 4857 4455 4445 4847 4858 4456 19
4445 4847 4858 4456 4446 4848 4859 4457 3
4446 4848 4859 4457 4447 4849 4860 4458 3
4447 4849 4860 4458 4448 4850 4861 4459 3
4449 4851 4862 4460 4450 4852 4863 4461 19
4450 4852 4863 4461 4451 4853 4864 4462 20
4451 4853 4864 4462 4452 4854 4865 4463 20
4452 4854 4865 4463 4453 4855 4866 4464 26
4453 4855 4866 4464 4454 4856 4867 4465 26
4454 4856 4867 4465 4455 4857 4868 4466 26
4455 4857 4868 4466 4456 4858 4869 4467 19
4456 4858 4869 4467 4457 4859 4870 4468 3
4457 4859 4870 4468 4458 4860 4871 4469 3
4458 4860 4871 4469 4459 4861 4872 4470 3
4460 4862 4873 4471 4461 4863 4874 4472 19
4461 4863 4874 4472 4462 4864 4875 4473 20
4462 4864 4875 4473 4463 4865 4876 4474 20
4463 4865 4876 4474 4464 4866 4877 4475 26
4464 4866 4877 4475 4465 4867 4878 4476 26
4465 4867 4878 4476 4466 4868 4879 4477 26
4466 4868 4879 4477 4467 4869 4880 4478 19
4467 4869 4880 4478 4468 4870 4881 4479 3
4468 4870 4881 4479 4469 4871 4882 4480 3
4469 4871 4882 4480 4470 4872 4883 4481 3
4471 4873 4884 4482 4472 4874 4885 4483 19
4472 4874 4885 4483 4473 4875 4886 4484 19
4473 4875 4886 4484 4474 4876 4887 4485 19
4474 4876 4887 4485 4475 4877 4888 4486 26
4475 4877 4888 4486 4476 4878 4889 4487 26
4476 4878 4889 4487 4477 4879 4890 4488 26
4477 4879 4890 4488 4478 4880 4891 4489 19
4478 4880 4891 4489 4479 4881 4892 4490 3
4479 4881 4892 4490 4480 4882 4893 4491 3
4480 4882 4893 4491 4481 4883 4894 4492 3
4482 4884 4895 4493 4483 4885 4896 4494 19
4483 4885 4896 4494 4484 4886 4897 4495 19
4484 4886 4897 4495 4485 4887 4898 4496 19
4485 4887 4898 4496 4486 4888 4899 4497 26
4486 4888 4899 4497 4487 4889 4900 4498 26
4487 4889 4900 4498 4488 4890 4901 4499 26
4488 4890 4901 4499 4489 4891 4902 4500 19
4493 4895 4903 4501 4494 4896 4904 4502 19
4494 4896 4904 4502 4495 4897 4905 4503 19
4495 4897 4905 4503 4496 4898 4906 4504 19
4496 4898 4906 4504 4497 4899 4907 4505 26
4497 4899 4907 4505 4498 4900 4908 4506 26
4498 4900 4908 4506 4499 4901 4909 4507 26
4499 4901 4909 4507 4500 4902 4910 4508 19
4501 4903 4911 4509 4502 4904 4912 4510 19
4502 4904 4912 4510 4503 4905 4913 4511 19
4503 4905 4913 4511 4504 4906 4914 4512 19
4504 4906 4914 4512 4505 4907 4915 4513 26
4505 4907 4915 4513 4506 4908 4916 4514 26
4506 4908 4916 4514 4507 4909 4917 4515 26
4507 4909 4917 4515 4508 4910 4918 4516 19
4509 4911 4919 4517 4510 4912 4920 4518 19
4510 4912 4920 4518 4511 4913 4921 4519 19
4511 4913 4921 4519 4512 4914 4922 4520 19
4512 4914 4922 4520 4513 4915 4923 4521 26
4513 4915 4923 4521 4514 4916 4924 4522 26
4514 4916 4924 4522 4515 4917 4925 4523 26
4515 4917 4925 4523 4516 4918 4926 4524 19
4517 4919 4927 4525 4518 4920 4928 4526 19
4518 4920 4928 4526 4519 4921 4929 4527 19
4519 4921 4929 4527 4520 4922 4930 4528 19
4520 4922 4930 4528 4521 4923 4931 4529 26
4521 4923 4931 4529 4522 4924 4932 4530 26
4522 4924 4932 4530 4523 4925 4933 4531 26
4523 4925 4933 4531 4524 4926 4934 4532 19
4525 4927 4935 4533 4526 4928 4936 4534 19
4526 4928 4936 4534 4527 4929 4937 4535 19
4527 4929 4937 4535 4528 4930 4938 4536 19
4528 4930 4938 4536 4529 4931 4939 4537 26
4529 4931 4939 4537 4530 4932 4940 4538 26
4530 4932 4940 4538 4531 4933 4941 4539 26
4531 4933 4941 4539 4532 4934 4942 4540 19
4533 4935 4943 4541 4534 4936 4944 4542 19
4534 4936 4944 4542 4535 4937 4945 4543 19
4535 4937 4945 4543 4536 4938 4946 4544 19
4536 4938 4946 4544 4537 4939 4947 4545 26
4537 4939 4947 4545 4538 4940 4948 4546 26
4538 4940 4948 4546 4539 4941 4949 4547 26
4539 4941 4949 4547 4540 4942 4950 4548 19
4541 4943 4951 4549 4542 4944 4952 4550 19
4542 4944 4952 4550 4543 4945 4953 4551 19
4543 4945 4953 4551 4544 4946 4954 4552 19
4544 4946 4954 4552 4545 4947 4955 4553 26
4545 4947 4955 4553 4546 4948 4956 4554 26
4546 4948 4956 4554 4547 4949 4957 4555 26
4547 4949 4957 4555 4548 4950 4958 4556 19
4549 4951 4959 4557 4550 4952 4960 4558 19
4550 4952 4960 4558 4551 4953 4961 4559 19
4551 4953 4961 4559 4552 4954 4962 4560 19
4552 4954 4962 4560 4553 4955 4963 4561 26
4553 4955 4963 4561 4554 4956 4964 4562 26
4554 4956 4964 4562 4555 4957 4965 4563 26
4555 4957 4965 4563 4556 4958 4966 4564 19
4557 4959 4967 4565 4558 4960 4968 4566 19
4558 4960 4968 4566 4559 4961 4969 4567 19
4559 4961 4969 4567 4560 4962 4970 4568 19
4560 4962 4970 4568 4561 4963 4971 4569 26
4561 4963 4971 4569 4562 4964 4972 4570 26
4562 4964 4972 4570 4563 4965 4973 4571 26
4563 4965 4973 4571 4564 4966 4974 4572 19
4565 4967 4975 4573 4566 4968 4976 4574 19
4566 4968 4976 4574 4567 4969 4977 4575 19
4567 4969 4977 4575 4568 4970 4978 4576 19
4568 4970 4978 4576 4569 4971 4979 4577 26
4569 4971 4979 4577 4570 4972 4980 4578 26
4570 4972 4980 4578 4571 4973 4981 4579 26
4571 4973 4981 4579 4572 4974 4982 4580 19
4573 4975 4983 4581 4574 4976 4984 4582 19
4574 4976 4984 4582 4575 4977 4985 4583 19
4575 4977 4985 4583 4576 4978 4986 4584 19
4576 4978 4986 4584 4577 4979 4987 4585 26
4577 4979 4987 4585 4578 4980 4988 4586 26
4578 4980 4988 4586 4579 4981 4989 4587 26
4579 4981 4989 4587 4580 4982 4990 4588 19
4581 4983 4991 4589 4582 4984 4992 4590 19
4582 4984 4992 4590 4583 4985 4993 4591 19
4583 4985 4993 4591 4584 4986 4994 4592 19
4584 4986 4994 4592 4585 4987 4995 4593 26
4585 4987 4995 4593 4586 4988 4996 4594 26
4586 4988 4996 4594 4587 4989 4997 4595 26
4587 4989 4997 4595 4588 4990 4998 4596 19
4589 4991 4999 4597 4590 4992 5000 4598 19
4590 4992 5000 4598 4591 4993 5001 4599 19
4591 4993 5001 4599 4592 4994 5002 4600 19
4592 4994 5002 4600 4593 4995 5003 4601 26
4593 4995 5003 4601 4594 4996 5004 4602 26
4594 4996 5004 4602 4595 4997 5005 4603 26
4595 4997 5005 4603 4596 4998 5006 4604 19
4597 4999 5007 4605 4598 5000 5008 4606 19
4598 5000 5008 4606 4599 5001 5009 4607 19
4599 5001 5009 4607 4600 5002 5010 4608 19
4600 5002 5010 4608 4601 5003 5011 4609 26
4601 5003 5011 4609 4602 5004 5012 4610 26
4602 5004 5012 4610 4603 5005 5013 4611 26
4603 5005 5013 4611 4604 5006 5014 4612 19
4605 5007 5015 4613 4606 5008 5016 4614 19
4606 5008 5016 4614 4607 5009 5017 4615 19
4607 5009 5017 4615 4608 5010 5018 4616 19
4608 5010 5018 4616 4609 5011 5019 4617 26
4609 5011 5019 4617 4610 5012 5020 4618 26
4610 5012 5020 4618 4611 5013 5021 4619 26
4611 5013 5021 4619 4612 5014 5022 4620 19
4613 5015 5023 4621 4614 5016 5024 4622 19
4614 5016 5024 4622 4615 5017 5025 4623 19
4615 5017 5025 4623 4616 5018 5026 4624 19
4616 5018 5026 4624 4617 5019 5027 4625 26
4617 5019 5027 4625 4618 5020 5028 4626 26
4618 5020 5028 4626 4619 5021 5029 4627 26
4619 5021 5029 4627 4620 5022 5030 4628 19
4621 5023 5031 4629 4622 5024 5032 4630 19
4622 5024 5032 4630 4623 5025 5033 4631 19
4623 5025 5033 4631 4624 5026 5034 4632 19
4624 5026 5034 4632 4625 5027 5035 4633 26
4625 5027 5035 4633 4626 5028 5036 4634 26
4626 5028 5036 4634 4627 5029 5037 4635 26
4627 5029 5037 4635 4628 5030 5038 4636 19
4629 5031 5039 4637 4630 5032 5040 4638 19
4630 5032 5040 4638 4631 5033 5041 4639 19
4631 5033 5041 4639 4632 5034 5042 4640 19
4632 5034 5042 4640 4633 5035 5043 4641 26
4633 5035 5043 4641 4634 5036 5044 4642 26
4634 5036 5044 4642 4635 5037 5045 4643 26
4635 5037 5045 4643 4636 5038 5046 4644 19
4637 5039 5047 4645 4638 5040 5048 4646 19
4638 5040 5048 4646 4639 5041 5049 4647 19
4639 5041 5049 4647 4640 5042 5050 4648 19
4640 5042 5050 4648 4641 5043 5051 4649 19
4641 5043 5051 4649 4642 5044 5052 4650 19
4642 5044 5052 4650 4643 5045 5053 4651 19
4643 5045 5053 4651 4644 5046 5054 4652 19
4645 5047 5055 4653 4646 5048 5056 4654 19
4646 5048 5056 4654 4647 5049 5057 4655 19
4647 5049 5057 4655 4648 5050 5058 4656 19
4648 5050 5058 4656 4649 5051 5059 4657 19
4649 5051 5059 4657 4650 5052 5060 4658 19
4650 5052 5060 4658 4651 5053 5061 4659 19
4651 5053 5061 4659 4652 5054 5062 4660 19
4653 5055 5063 4661 4654 5056 5064 4662 19
4654 5056 5064 4662 4655 5057 5065 4663 19
4655 5057 5065 4663 4656 5058 5066 4664 19
4656 5058 5066 4664 4657 5059 5067 4665 19
4657 5059 5067 4665 4658 5060 5068 4666 19
4658 5060 5068 4666 4659 5061 5069 4667 19
4659 5061 5069 4667 4660 5062 5070 4668 19
4661 5063 5071 4669 4662 5064 5072 4670 19
4662 5064 5072 4670 4663 5065 5073 4671 19
4663 5065 5073 4671 4664 5066 5074 4672 19
4664 5066 5074 4672 4665 5067 5075 4673 19
4665 5067 5075 4673 4666 5068 5076 4674 19
4666 5068 5076 4674 4667 5069 5077 4675 19
4667 5069 5077 4675 4668 5070 5078 4676 19
4669 5071 5079 4677 4670 5072 5080 4678 19
4670 5072 5080 4678 4671 5073 5081 4679 19
4671 5073 5081 4679 4672 5074 5082 4680 19
4672 5074 5082 4680 4673 5075 5083 4681 19
4673 5075 5083 4681 4674 5076 5084 4682 19
4674 5076 5084 4682 4675 5077 5085 4683 19
4675 5077 5085 4683 4676 5078 5086 4684 19
4677 5079 5087 4685 4678 5080 5088 4686 19
4678 5080 5088 4686 4679 5081 5089 4687 19
4679 5081 5089 4687 4680 5082 5090 4688 19
4680 5082 5090 4688 4681 5083 5091 4689 19
4681 5083 5091 4689 4682 5084 5092 4690 19
4682 5084 5092 4690 4683 5085 5093 4691 19
4683 5085 5093 4691 4684 5086 5094 4692 19
4685 5087 5095 4693 4686 5088 5096 4694 19
4686 5088 5096 4694 4687 5089 5097 4695 19
4687 5089 5097 4695 4688 5090 5098 4696 19
4688 5090 5098 4696 4689 5091 5099 4697 19
4689 5091 5099 4697 4690 5092 5100 4698 19
4690 5092 5100 4698 4691 5093 5101 4699 19
4691 5093 5101 4699 4692 5094 5102 4700 19
4693 5095 5103 4701 4694 5096 5104 4702 19
4694 5096 5104 4702 4695 5097 5105 4703 19
4695 5097 5105 4703 4696 5098 5106 4704 19
4696 5098 5106 4704 4697 5099 5107 4705 19
4697 5099 5107 4705 4698 5100 5108 4706 19
4698 5100 5108 4706 4699 5101 5109 4707 19
4699 5101 5109 4707 4700 5102 5110 4708 19
4701 5103 5111 4709 4702 5104 5112 4710 19
4702 5104 5112 4710 4703 5105 5113 4711 19
4703 5105 5113 4711 4704 5106 5114 4712 25
4704 5106 5114 4712 4705 5107 5115 4713 25
4705 5107 5115 4713 4706 5108 5116 4714 25
4706 5108 5116 4714 4707 5109 5117 4715 25
4707 5109 5117 4715 4708 5110 5118 4716 19
4709 5111 5119 4717 4710 5112 5120 4718 19
4710 5112 5120 4718 4711 5113 5121 4719 19
4711 5113 5121 4719 4712 5114 5122 4720 25
4712 5114 5122 4720 4713 5115 5123 4721 25
4713 5115 5123 4721 4714 5116 5124 4722 25
4714 5116 5124 4722 4715 5117 5125 4723 25
4715 5117 5125 4723 4716 5118 5126 4724 19
4717 5119 5127 4725 4718 5120 5128 4726 19
4718 5120 5128 4726 4719 5121 5129 4727 19
4719 5121 5129 4727 4720 5122 5130 4728 25
4720 5122 5130 4728 4721 5123 5131 4729 25
4721 5123 5131 4729 4722 5124 5132 4730 25
4722 5124 5132 4730 4723 5125 5133 4731 25
4723 5125 5133 4731 4724 5126 5134 4732 19
4725 5127 5135 4733 4726 5128 5136 4734 11
4726 5128 5136 4734 4727 5129 5137 4735 11
4727 5129 5137 4735 4728 5130 5138 4736 11
4728 5130 5138 4736 4729 5131 5139 4737 11
4729 5131 5139 4737 4730 5132 5140 4738 11
4730 5132 5140 4738 4731 5133 5141 4739 11
4731 5133 5141 4739 4732 5134 5142 4740 11
4741 5143 5144 4742 4743 5145 5146 4744 19
4743 5145 5146 4744 4745 5147 5148 4746 20
4745 5147 5148 4746 4747 5149 5150 4748 20
4747 5149 5150 4748 4749 5151 5152 4750 20
4749 5151 5152 4750 4751 5153 5154 4752 19
4751 5153 5154 4752 4753 5155 5156 4754 19
4753 5155 5156 4754 4755 5157 5158 4756 19
4755 5157 5158 4756 4757 5159 5160 4758 3
4757 5159 5160 4758 4759 5161 5162 4760 3
4759 5161 5162 4760 4761 5163 5164 4762 3
4742 5144 5165 4763 4744 5146 5166 4764 19
4744 5146 5166 4764 4746 5148 5167 4765 20
4746 5148 5167 4765 4748 5150 5168 4766 20
4748 5150 5168 4766 4750 5152 5169 4767 20
4750 5152 5169 4767 4752 5154 5170 4768 19
4752 5154 5170 4768 4754 5156 5171 4769 19
4754 5156 5171 4769 4756 5158 5172 4770 19
4756 5158 5172 4770 4758 5160 5173 4771 3
4758 5160 5173 4771 4760 5162 5174 4772 3
4760 5162 5174 4772 4762 5164 5175 4773 3
4763 5165 5176 4774 4764 5166 5177 4775 19
4764 5166 5177 4775 4765 5167 5178 4776 20
4765 5167 5178 4776 4766 5168 5179 4777 20
4766 5168 5179 4777 4767 5169 5180 4778 20
4767 5169 5180 4778 4768 5170 5181 4779 19
4768 5170 5181 4779 4769 5171 5182 4780 19
4769 5171 5182 4780 4770 5172 5183 4781 19
4770 5172 5183 4781 4771 5173 5184 4782 3
4771 5173 5184 4782 4772 5174 5185 4783 3
4772 5174 5185 4783 4773 5175 5186 4784 3
4774 5176 5187 4785 4775 5177 5188 4786 19
4775 5177 5188 4786 4776 5178 5189 4787 20
4776 5178 5189 4787 4777 5179 5190 4788 20
4777 5179 5190 4788 4778 5180 5191 4789 20
4778 5180 5191 4789 4779 5181 5192 4790 19
4779 5181 5192 4790 4780 5182 5193 4791 19
4780 5182 5193 4791 4781 5183 5194 4792 19
4781 5183 5194 4792 4782 5184 5195 4793 3
4782 5184 5195 4793 4783 5185 5196 4794 3
4783 5185 5196 4794 4784 5186 5197 4795 3
4785 5187 5198 4796 4786 5188 5199 4797 19
4786 5188 5199 4797 4787 5189 5200 4798 20
4787 5189 5200 4798 4788 5190 5201 4799 20
4788 5190 5201 4799 4789 5191 5202 4800 20
4789 5191 5202 4800 4790 5192 5203 4801 19
4790 5192 5203 4801 4791 5193 5204 4802 19
4791 5193 5204 4802 4792 5194 5205 4803 19
4792 5194 5205 4803 4793 5195 5206 4804 3
4793 5195 5206 4804 4794 5196 5207 4805 3
4794 5196 5207 4805 4795 5197 5208 4806 3
4796 5198 5209 4807 4797 5199 5210 4808 19
4797 5199 5210 4808 4798 5200 5211 4809 20
4798 5200 5211 4809 4799 5201 5212 4810 20
4799 5201 5212 4810 4800 5202 5213 4811 20
4800 5202 5213 4811 4801 5203 5214 4812 19
4801 5203 5214 4812 4802 5204 5215 4813 19
4802 5204 5215 4813 4803 5205 5216 4814 19
4803 5205 5216 4814 4804 5206 5217 4815 3
4804 5206 5217 4815 4805 5207 5218 4816 3
4805 5207 5218 4816 4806 5208 5219 4817 3
4807 5209 5220 4818 4808 5210 5221 4819 19
4808 5210 5221 4819 4809 5211 5222 4820 20
4809 5211 5222 4820 4810 5212 5223 4821 20
4810 5212 5223 4821 4811 5213 5224 4822 20
4811 5213 5224 4822 4812 5214 5225 4823 19
4812 5214 5225 4823 4813 5215 5226 4824 19
4813 5215 5226 4824 4814 5216 5227 4825 19
4814 5216 5227 4825 4815 5217 5228 4826 3
4815 5217 5228 4826 4816 5218 5229 4827 3
4816 5218 5229 4827 4817 5219 5230 4828 3
4818 5220 5231 4829 4819 5221 5232 4830 19
4819 5221 5232 4830 4820 5222 5233 4831 20
4820 5222 5233 4831 4821 5223 5234 4832 20
4821 5223 5234 4832 4822 5224 5235 4833 20
4822 5224 5235 4833 4823 5225 5236 4834 19
4823 5225 5236 4834 4824 5226 5237 4835 19
4824 5226 5237 4835 4825 5227 5238 4836 19
4825 5227 5238 4836 4826 5228 5239 4837 3
4826 5228 5239 4837 4827 5229 5240 4838 3
4827 5229 5240 4838 4828 5230 5241 4839 3
4829 5231 5242 4840 4830 5232 5243 4841 19
4830 5232 5243 4841 4831 5233 5244 4842 20
4831 5233 5244 4842 4832 5234 5245 4843 20
4832 5234 5245 4843 4833 5235 5246 4844 20
4833 5235 5246 4844 4834 5236 5247 4845 19
4834 5236 5247 4845 4835 5237 5248 4846 19
4835 5237 5248 4846 4836 5238 5249 4847 19
4836 5238 5249 4847 4837 5239 5250 4848 3
4837 5239 5250 4848 4838 5240 5251 4849 3
4838 5240 5251 4849 4839 5241 5252 4850 3
4840 5242 5253 4851 4841 5243 5254 4852 19
4841 5243 5254 4852 4842 5244 5255 4853 20
4842 5244 5255 4853 4843 5245 5256 4854 20
4843 5245 5256 4854 4844 5246 5257 4855 20
4844 5246 5257 4855 4845 5247 5258 4856 19
4845 5247 5258 4856 4846 5248 5259 4857 19
4846 5248 5259 4857 4847 5249 5260 4858 19
4847 5249 5260 4858 4848 5250 5261 4859 3
4848 5250 5261 4859 4849 5251 5262 4860 3
4849 5251 5262 4860 4850 5252 5263 4861 3
4851 5253 5264 4862 4852 5254 5265 4863 19
4852 5254 5265 4863 4853 5255 5266 4864 20
4853 5255 5266 4864 4854 5256 5267 4865 20
4854 5256 5267 4865 4855 5257 5268 4866 26
4855 5257 5268 4866 4856 5258 5269 4867 26
4856 5258 5269 4867 4857 5259 5270 4868 26
4857 5259 5270 4868 4858 5260 5271 4869 19
4858 5260 5271 4869 4859 5261 5272 4870 3
4859 5261 5272 4870 4860 5262 5273 4871 3
4860 5262 5273 4871 4861 5263 5274 4872 3
4862 5264 5275 4873 4863 5265 5276 4874 19
4863 5265 5276 4874 4864 5266 5277 4875 20
4864 5266 5277 4875 4865 5267 5278 4876 20
4865 5267 5278 4876 4866 5268 5279 4877 26
4866 5268 5279 4877 4867 5269 5280 4878 26
4867 5269 5280 4878 4868 5270 5281 4879 26
4868 5270 5281 4879 4869 5271 5282 4880 19
4869 5271 5282 4880 4870 5272 5283 4881 3
4870 5272 5283 4881 4871 5273 5284 4882 3
4871 5273 5284 4882 4872 5274 5285 4883 3
4873 5275 5286 4884 4874 5276 5287 4885 19
4874 5276 5287 4885 4875 5277 5288 4886 19
4875 5277 5288 4886 4876 5278 5289 4887 19
4876 5278 5289 4887 4877 5279 5290 4888 26
4877 5279 5290 4888 4878 5280 5291 4889 26
4878 5280 5291 4889 4879 5281 5292 4890 26
4879 5281 5292 4890 4880 5282 5293 4891 19
4880 5282 5293 4891 4881 5283 5294 4892 3
4881 5283 5294 4892 4882 5284 5295 4893 3
4882 5284 5295 4893 4883 5285 5296 4894 3
4884 5286 5297 4895 4885 5287 5298 4896 19
4885 5287 5298 4896 4886 5288 5299 4897 19
4886 5288 5299 4897 4887 5289 5300 4898 19
4887 5289 5300 4898 4888 5290 5301 4899 26
4888 5290 5301 4899 4889 5291 5302 4900 26
4889 5291 5302 4900 4890 5292 5303 4901 26
4890 5292 5303 4901 4891 5293 5304 4902 19
4895 5297 5305 4903 4896 5298 5306 4904 19
4896 5298 5306 4904 4897 5299 5307 4905 19
4897 5299 5307 4905 4898 5300 5308 4906 19
4898 5300 5308 4906 4899 5301 5309 4907 26
4899 5301 5309 4907 4900 5302 5310 4908 26
4900 5302 5310 4908 4901 5303 5311 4909 26
4901 5303 5311 4909 4902 5304 5312 4910 19
4903 5305 5313 4911 4904 5306 5314 4912 19
4904 5306 5314 4912 4905 5307 5315 4913 19
4905 5307 5315 4913 4906 5308 5316 4914 19
4906 5308 5316 4914 4907 5309 5317 4915 26
4907 5309 5317 4915 4908 5310 5318 4916 26
4908 5310 5318 4916 4909 5311 5319 4917 26
4909 5311 5319 4917 4910 5312 5320 4918 19
4911 5313 5321 4919 4912 5314 5322 4920 19
4912 5314 5322 4920 4913 5315 5323 4921 19
4913 5315 5323 4921 4914 5316 5324 4922 19
4914 5316 5324 4922 4915 5317 5325 4923 26
4915 5317 5325 4923 4916 5318 5326 4924 26
4916 5318 5326 4924 4917 5319 5327 4925 26
4917 5319 5327 4925 4918 5320 5328 4926 19
4919 5321 5329 4927 4920 5322 5330 4928 19
4920 5322 5330 4928 4921 5323 5331 4929 19
4921 5323 5331 4929 4922 5324 5332 4930 19
4922 5324 5332 4930 4923 5325 5333 4931 26
4923 5325 5333 4931 4924 5326 5334 4932 26
4924 5326 5334 4932 4925 5327 5335 4933 26
4925 5327 5335 4933 4926 5328 5336 4934 19
4927 5329 5337 4935 4928 5330 5338 4936 19
4928 5330 5338 4936 4929 5331 5339 4937 19
4929 5331 5339 4937 4930 5332 5340 4938 19
4930 5332 5340 4938 4931 5333 5341 4939 26
4931 5333 5341 4939 4932 5334 5342 4940 26
4932 5334 5342 4940 4933 5335 5343 4941 26
4933 5335 5343 4941 4934 5336 5344 4942 19
4935 5337 5345 4943 4936 5338 5346 4944 19
4936 5338 5346 4944 4937 5339 5347 4945 19
4937 5339 5347 4945 4938 5340 5348 4946 19
4938 5340 5348 4946 4939 5341 5349 4947 26
4939 5341 5349 4947 4940 5342 5350 4948 26
4940 5342 5350 4948 4941 5343 5351 4949 26
4941 5343 5351 4949 4942 5344 5352 4950 19
4943 5345 5353 4951 4944 5346 5354 4952 19
4944 5346 5354 4952 4945 5347 5355 4953 19
4945 5347 5355 4953 4946 5348 5356 4954 19
4946 5348 5356 4954 4947 5349 5357 4955 26
4947 5349 5357 4955 4948 5350 5358 4956 26
4948 5350 5358 4956 4949 5351 5359 4957 26
4949 5351 5359 4957 4950 5352 5360 4958 19
4951 5353 5361 4959 4952 5354 5362 4960 19
4952 5354 5362 4960 4953 5355 5363 4961 19
4953 5355 5363 4961 4954 5356 5364 4962 19
4954 5356 5364 4962 4955 5357 5365 4963 26
4955 5357 5365 4963 4956 5358 5366 4964 26
4956 5358 5366 4964 4957 5359 5367 4965 26
4957 5359 5367 4965 4958 5360 5368 4966 19
4959 5361 5369 4967 4960 5362 5370 4968 19
4960 5362 5370 4968 4961 5363 5371 4969 19
4961 5363 5371 4969 4962 5364 5372 4970 19
4962 5364 5372 4970 4963 5365 5373 4971 26
4963 5365 5373 4971 4964 5366 5374 4972 26
4964 5366 5374 4972 4965 5367 5375 4973 26
4965 5367 5375 4973 4966 5368 5376 4974 19
4967 5369 5377 4975 4968 5370 5378 4976 19
4968 5370 5378 4976 4969 5371 5379 4977 19
4969 5371 5379 4977 4970 5372 5380 4978 19
4970 5372 5380 4978 4971 5373 5381 4979 26
4971 5373 5381 4979 4972 5374 5382 4980 26
4972 5374 5382 4980 4973 5375 5383 4981 26
4973 5375 5383 4981 4974 5376 5384 4982 19
4975 5377 5385 4983 4976 5378 5386 4984 19
4976 5378 5386 4984 4977 5379 5387 4985 19
4977 5379 5387 4985 4978 5380 5388 4986 19
4978 5380 5388 4986 4979 5381 5389 4987 26
4979 5381 5389 4987 4980 5382 5390 4988 26
4980 5382 5390 4988 4981 5383 5391 4989 26
4981 5383 5391 4989 4982 5384 5392 4990 19
4983 5385 5393 4991 4984 5386 5394 4992 19
4984 5386 5394 4992 4985 5387 5395 4993 19
4985 5387 5395 4993 4986 5388 5396 4994 19
4986 5388 5396 4994 4987 5389 5397 4995 26
4987 5389 5397 4995 4988 5390 5398 4996 26
4988 5390 5398 4996 4989 5391 5399 4997 26
4989 5391 5399 4997 4990 5392 5400 4998 19
4991 5393 5401 4999 4992 5394 5402 5000 19
4992 5394 5402 5000 4993 5395 5403 5001 19
4993 5395 5403 5001 4994 5396 5404 5002 19
4994 5396 5404 5002 4995 5397 5405 5003 26
4995 5397 5405 5003 4996 5398 5406 5004 26
4996 5398 5406 5004 4997 5399 5407 5005 26
4997 5399 5407 5005 4998 5400 5408 5006 19
4999 5401 5409 5007 5000 5402 5410 5008 19
5000 5402 5410 5008 5001 5403 5411 5009 19
5001 5403 5411 5009 5002 5404 5412 5010 19
5002 5404 5412 5010 5003 5405 5413 5011 26
5003 5405 5413 5011 5004 5406 5414 5012 26
5004 5406 5414 5012 5005 5407 5415 5013 26
5005 5407 5415 5013 5006 5408 5416 5014 19
5007 5409 5417 5015 5008 5410 5418 5016 19
5008 5410 5418 5016 5009 5411 5419 5017 19
5009 5411 5419 5017 5010 5412 5420 5018 19
5010 5412 5420 5018 5011 5413 5421 5019 26
5011 5413 5421 5019 5012 5414 5422 5020 26
5012 5414 5422 5020 5013 5415 5423 5021 26
5013 5415 5423 5021 5014 5416 5424 5022 19
5015 5417 5425 5023 5016 5418 5426 5024 19
5016 5418 5426 5024 5017 5419 5427 5025 19
5017 5419 5427 5025 5018 5420 5428 5026 24
5018 5420 5428 5026 5019 5421 5429 5027 26
5019 5421 5429 5027 5020 5422 5430 5028 26
5020 5422 5430 5028 5021 5423 5431 5029 26
5021 5423 5431 5029 5022 5424 5432 5030 19
5023 5425 5433 5031 5024 5426 5434 5032 19
5024 5426 5434 5032 5025 5427 5435 5033 19
5025 5427 5435 5033 5026 5428 5436 5034 24
5026 5428 5436 5034 5027 5429 5437 5035 26
5027 5429 5437 5035 5028 5430 5438 5036 26
5028 5430 5438 5036 5029 5431 5439 5037 26
5029 5431 5439 5037 5030 5432 5440 5038 19
5031 5433 5441 5039 5032 5434 5442 5040 19
5032 5434 5442 5040 5033 5435 5443 5041 19
5033 5435 5443 5041 5034 5436 5444 5042 24
5034 5436 5444 5042 5035 5437 5445 5043 26
5035 5437 5445 5043 5036 5438 5446 5044 26
5036 5438 5446 5044 5037 5439 5447 5045 26
5037 5439 5447 5045 5038 5440 5448 5046 19
5039 5441 5449 5047 5040 5442 5450 5048 19
5040 5442 5450 5048 5041 5443 5451 5049 19
5041 5443 5451 5049 5042 5444 5452 5050 24
5042 5444 5452 5050 5043 5445 5453 5051 24
5043 5445 5453 5051 5044 5446 5454 5052 24
5044 5446 5454 5052 5045 5447 5455 5053 19
5045 5447 5455 5053 5046 5448 5456 5054 19
5047 5449 5457 5055 5048 5450 5458 5056 19
5048 5450 5458 5056 5049 5451 5459 5057 19
5049 5451 5459 5057 5050 5452 5460 5058 19
5050 5452 5460 5058 5051 5453 5461 5059 19
5051 5453 5461 5059 5052 5454 5462 5060 19
5052 5454 5462 5060 5053 5455 5463 5061 19
5053 5455 5463 5061 5054 5456 5464 5062 19
5055 5457 5465 5063 5056 5458 5466 5064 19
5056 5458 5466 5064 5057 5459 5467 5065 19
5057 5459 5467 5065 5058 5460 5468 5066 19
5058 5460 5468 5066 5059 5461 5469 5067 19
5059 5461 5469 5067 5060 5462 5470 5068 19
5060 5462 5470 5068 5061 5463 5471 5069 19
5061 5463 5471 5069 5062 5464 5472 5070 19
5063 5465 5473 5071 5064 5466 5474 5072 19
5064 5466 5474 5072 5065 5467 5475 5073 19
5065 5467 5475 5073 5066 5468 5476 5074 19
5066 5468 5476 5074 5067 5469 5477 5075 19
5067 5469 5477 5075 5068 5470 5478 5076 19
5068 5470 5478 5076 5069 5471 5479 5077 19
5069 5471 5479 5077 5070 5472 5480 5078 19
5071 5473 5481 5079 5072 5474 5482 5080 19
5072 5474 5482 5080 5073 5475 5483 5081 19
5073 5475 5483 5081 5074 5476 5484 5082 23
5074 5476 5484 5082 5075 5477 5485 5083 23
5075 5477 5485 5083 5076 5478 5486 5084 23
5076 5478 5486 5084 5077 5479 5487 5085 19
5077 5479 5487 5085 5078 5480 5488 5086 19
5079 5481 5489 5087 5080 5482 5490 5088 19
5080 5482 5490 5088 5081 5483 5491 5089 19
5081 5483 5491 5089 5082 5484 5492 5090 23
5082 5484 5492 5090 5083 5485 5493 5091 23
5083 5485 5493 5091 5084 5486 5494 5092 23
5084 5486 5494 5092 5085 5487 5495 5093 19
5085 5487 5495 5093 5086 5488 5496 5094 19
5087 5489 5497 5095 5088 5490 5498 5096 19
5088 5490 5498 5096 5089 5491 5499 5097 19
5089 5491 5499 5097 5090 5492 5500 5098 23
5090 5492 5500 5098 5091 5493 5501 5099 23
5091 5493 5501 5099 5092 5494 5502 5100 23
5092 5494 5502 5100 5093 5495 5503 5101 19
5093 5495 5503 5101 5094 5496 5504 5102 19
5095 5497 5505 5103 5096 5498 5506 5104 19
5096 5498 5506 5104 5097 5499 5507 5105 19
5097 5499 5507 5105 5098 5500 5508 5106 19
5098 5500 5508 5106 5099 5501 5509 5107 19
5099 5501 5509 5107 5100 5502 5510 5108 19
5100 5502 5510 5108 5101 5503 5511 5109 19
5101 5503 5511 5109 5102 5504 5512 5110 19
5103 5505 5513 5111 5104 5506 5514 5112 19
5104 5506 5514 5112 5105 5507 5515 5113 19
5105 5507 5515 5113 5106 5508 5516 5114 25
5106 5508 5516 5114 5107 5509 5517 5115 25
5107 5509 5517 5115 5108 5510 5518 5116 25
5108 5510 5518 5116 5109 5511 5519 5117 25
5109 5511 5519 5117 5110 5512 5520 5118 19
5111 5513 5521 5119 5112 5514 5522 5120 19
5112 5514 5522 5120 5113 5515 5523 5121 19
5113 5515 5523 5121 5114 5516 5524 5122 25
5114 5516 5524 5122 5115 5517 5525 5123 25
5115 5517 5525 5123 5116 5518 5526 5124 25
5116 5518 5526 5124 5117 5519 5527 5125 25
5117 5519 5527 5125 5118 5520 5528 5126 19
5119 5521 5529 5127 5120 5522 5530 5128 19
5120 5522 5530 5128 5121 5523 5531 5129 19
5121 5523 5531 5129 5122 5524 5532 5130 25
5122 5524 5532 5130 5123 5525 5533 5131 25
5123 5525 5533 5131 5124 5526 5534 5132 25
5124 5526 5534 5132 5125 5527 5535 5133 25
5125 5527 5535 5133 5126 5528 5536 5134 19
5127 5529 5537 5135 5128 5530 5538 5136 11
5128 5530 5538 5136 5129 5531 5539 5137 11
5129 5531 5539 5137 5130 5532 5540 5138 11
5130 5532 5540 5138 5131 5533 5541 5139 11
5131 5533 5541 5139 5132 5534 5542 5140 11
5132 5534 5542 5140 5133 5535 5543 5141 11
5133 5535 5543 5141 5134 5536 5544 5142 11
5143 5545 5546 5144 5145 5547 5548 5146 19
5145 5547 5548 5146 5147 5549 5550 5148 20
5147 5549 5550 5148 5149 5551 5552 5150 20
5149 5551 5552 5150 5151 5553 5554 5152 20
5151 5553 5554 5152 5153 5555 5556 5154 19
5153 5555 5556 5154 5155 5557 5558 5156 19
5155 5557 5558 5156 5157 5559 5560 5158 19
5157 5559 5560 5158 5159 5561 5562 5160 3
5159 5561 5562 5160 5161 5563 5564 5162 3
5161 5563 5564 5162 5163 5565 5566 5164 3
5144 5546 5567 5165 5146 5548 5568 5166 19
5146 5548 5568 5166 5148 5550 5569 5167 20
5148 5550 5569 5167 5150 5552 5570 5168 20
5150 5552 5570 5168 5152 5554 5571 5169 20
5152 5554 5571 5169 5154 5556 5572 5170 19
5154 5556 5572 5170 5156 5558 5573 5171 19
5156 5558 5573 5171 5158 5560 5574 5172 19
5158 5560 5574 5172 5160 5562 5575 5173 3
5160 5562 5575 5173 5162 5564 5576 5174 3
5162 5564 5576 5174 5164 5566 5577 5175 3
5165 5567 5578 5176 5166 5568 5579 5177 19
5166 5568 5579 5177 5167 5569 5580 5178 20
5167 5569 5580 5178 5168 5570 5581 5179 20
5168 5570 5581 5179 5169 5571 5582 5180 20
5169 5571 5582 5180 5170 5572 5583 5181 19
5170 5572 5583 5181 5171 5573 5584 5182 19
5171 5573 5584 5182 5172 5574 5585 5183 19
5172 5574 5585 5183 5173 5575 5586 5184 3
5173 5575 5586 5184 5174 5576 5587 5185 3
5174 5576 5587 5185 5175 5577 5588 5186 3
5176 5578 5589 5187 5177 5579 5590 5188 19
5177 5579 5590 5188 5178 5580 5591 5189 20
5178 5580 5591 5189 5179 5581 5592 5190 20
5179 5581 5592 5190 5180 5582 5593 5191 20
5180 5582 5593 5191 5181 5583 5594 5192 19
5181 5583 5594 5192 5182 5584 5595 5193 19
5182 5584 5595 5193 5183 5585 5596 5194 19
5183 5585 5596 5194 5184 5586 5597 5195 3
5184 5586 5597 5195 5185 5587 5598 5196 3
5185 5587 5598 5196 5186 5588 5599 5197 3
5187 5589 5600 5198 5188 5590 5601 5199 19
5188 5590 5601 5199 5189 5591 5602 5200 20
5189 5591 5602 5200 5190 5592 5603 5201 20
5190 5592 5603 5201 5191 5593 5604 5202 20
5191 5593 5604 5202 5192 5594 5605 5203 19
5192 5594 5605 5203 5193 5595 5606 5204 19
5193 5595 5606 5204 5194 5596 5607 5205 19
5194 5596 5607 5205 5195 5597 5608 5206 3
5195 5597 5608 5206 5196 5598 5609 5207 3
5196 5598 5609 5207 5197 5599 5610 5208 3
5198 5600 5611 5209 5199 5601 5612 5210 19
5199 5601 5612 5210 5200 5602 5613 5211 20
5200 5602 5613 5211 5201 5603 5614 5212 20
5201 5603 5614 5212 5202 5604 5615 5213 20
5202 5604 5615 5213 5203 5605 5616 5214 19
5203 5605 5616 5214 5204 5606 5617 5215 19
5204 5606 5617 5215 5205 5607 5618 5216 19
5205 5607 5618 5216 5206 5608 5619 5217 3
5206 5608 5619 5217 5207 5609 5620 5218 3
5207 5609 5620 5218 5208 5610 5621 5219 3
5209 5611 5622 5220 5210 5612 5623 5221 19
5210 5612 5623 5221 5211 5613 5624 5222 20
5211 5613 5624 5222 5212 5614 5625 5223 20
5212 5614 5625 5223 5213 5615 5626 5224 20
5213 5615 5626 5224 5214 5616 5627 5225 19
5214 5616 5627 5225 5215 5617 5628 5226 19
5215 5617 5628 5226 5216 5618 5629 5227 19
5216 5618 5629 5227 5217 5619 5630 5228 3
5217 5619 5630 5228 5218 5620 5631 5229 3
5218 5620 5631 5229 5219 5621 5632 5230 3
5220 5622 5633 5231 5221 5623 5634 5232 19
5221 5623 5634 5232 5222 5624 5635 5233 20
5222 5624 5635 5233 5223 5625 5636 5234 20
5223 5625 5636 5234 5224 5626 5637 5235 20
5224 5626 5637 5235 5225 5627 5638 5236 19
5225 5627 5638 5236 5226 5628 5639 5237 19
5226 5628 5639 5237 5227 5629 5640 5238 19
5227 5629 5640 5238 5228 5630 5641 5239 3
5228 5630 5641 5239 5229 5631 5642 5240 3
5229 5631 5642 5240 5230 5632 5643 5241 3
5231 5633 5644 5242 5232 5634 5645 5243 19
5232 5634 5645 5243 5233 5635 5646 5244 20
5233 5635 5646 5244 5234 5636 5647 5245 20
5234 5636 5647 5245 5235 5637 5648 5246 20
5235 5637 5648 5246 5236 5638 5649 5247 19
5236 5638 5649 5247 5237 5639 5650 5248 19
5237 5639 5650 5248 5238 5640 5651 5249 19
5238 5640 5651 5249 5239 5641 5652 5250 3
5239 5641 5652 5250 5240 5642 5653 5251 3
5240 5642 5653 5251 5241 5643 5654 5252 3
5242 5644 5655 5253 5243 5645 5656 5254 19
5243 5645 5656 5254 5244 5646 5657 5255 20
5244 5646 5657 5255 5245 5647 5658 5256 20
5245 5647 5658 5256 5246 5648 5659 5257 20
5246 5648 5659 5257 5247 5649 5660 5258 19
5247 5649 5660 5258 5248 5650 5661 5259 19
5248 5650 5661 5259 5249 5651 5662 5260 19
5249 5651 5662 5260 5250 5652 5663 5261 3
5250 5652 5663 5261 5251 5653 5664 5262 3
5251 5653 5664 5262 5252 5654 5665 5263 3
5253 5655 5666 5264 5254 5656 5667 5265 19
5254 5656 5667 5265 5255 5657 5668 5266 20
5255 5657 5668 5266 5256 5658 5669 5267 20
5256 5658 5669 5267 5257 5659 5670 5268 26
5257 5659 5670 5268 5258 5660 5671 5269 26
5258 5660 5671 5269 5259 5661 5672 5270 26
5259 5661 5672 5270 5260 5662 5673 5271 19
5260 5662 5673 5271 5261 5663 5674 5272 3
5261 5663 5674 5272 5262 5664 5675 5273 3
5262 5664 5675 5273 5263 5665 5676 5274 3
5264 5666 5677 5275 5265 5667 5678 5276 19
5265 5667 5678 5276 5266 5668 5679 5277 20
5266 5668 5679 5277 5267 5669 5680 5278 20
5267 5669 5680 5278 5268 5670 5681 5279 26
5268 5670 5681 5279 5269 5671 5682 5280 26
5269 5671 5682 5280 5270 5672 5683 5281 26
5270 5672 5683 5281 5271 5673 5684 5282 19
5271 5673 5684 5282 5272 5674 5685 5283 3
5272 5674 5685 5283 5273 5675 5686 5284 3
5273 5675 5686 5284 5274 5676 5687 5285 3
5275 5677 5688 5286 5276 5678 5689 5287 19
5276 5678 5689 5287 5277 5679 5690 5288 19
5277 5679 5690 5288 5278 5680 5691 5289 19
5278 5680 5691 5289 5279 5681 5692 5290 26
5279 5681 5692 5290 5280 5682 5693 5291 26
5280 5682 5693 5291 5281 5683 5694 5292 26
5281 5683 5694 5292 5282 5684 5695 5293 19
5282 5684 5695 5293 5283 5685 5696 5294 3
5283 5685 5696 5294 5284 5686 5697 5295 3
5284 5686 5697 5295 5285 5687 5698 5296 3
5286 5688 5699 5297 5287 5689 5700 5298 19
5287 5689 5700 5298 5288 5690 5701 5299 19
5288 5690 5701 5299 5289 5691 5702 5300 19
5289 5691 5702 5300 5290 5692 5703 5301 26
5290 5692 5703 5301 5291 5693 5704 5302 26
5291 5693 5704 5302 5292 5694 5705 5303 26
5292 5694 5705 5303 5293 5695 5706 5304 19
5297 5699 5707 5305 5298 5700 5708 5306 19
5298 5700 5708 5306 5299 5701 5709 5307 19
5299 5701 5709 5307 5300 5702 5710 5308 19
5300 5702 5710 5308 5301 5703 5711 5309 26
5301 5703 5711 5309 5302 5704 5712 5310 26
5302 5704 5712 5310 5303 5705 5713 5311 26
5303 5705 5713 5311 5304 5706 5714 5312 19
5305 5707 5715 5313 5306 5708 5716 5314 19
5306 5708 5716 5314 5307 5709 5717 5315 19
5307 5709 5717 5315 5308 5710 5718 5316 19
5308 5710 5718 5316 5309 5711 5719 5317 26
5309 5711 5719 5317 5310 5712 5720 5318 26
5310 5712 5720 5318 5311 5713 5721 5319 26
5311 5713 5721 5319 5312 5714 5722 5320 19
5313 5715 5723 5321 5314 5716 5724 5322 19
5314 5716 5724 5322 5315 5717 5725 5323 19
5315 5717 5725 5323 5316 5718 5726 5324 19
5316 5718 5726 5324 5317 5719 5727 5325 26
5317 5719 5727 5325 5318 5720 5728 5326 26
5318 5720 5728 5326 5319 5721 5729 5327 26
5319 5721 5729 5327 5320 5722 5730 5328 19
5321 5723 5731 5329 5322 5724 5732 5330 19
5322 5724 5732 5330 5323 5725 5733 5331 19
5323 5725 5733 5331 5324 5726 5734 5332 19
5324 5726 5734 5332 5325 5727 5735 5333 26
5325 5727 5735 5333 5326 5728 5736 5334 26
5326 5728 5736 5334 5327 5729 5737 5335 26
5327 5729 5737 5335 5328 5730 5738 5336 19
5329 5731 5739 5337 5330 5732 5740 5338 19
5330 5732 5740 5338 5331 5733 5741 5339 19
5331 5733 5741 5339 5332 5734 5742 5340 19
5332 5734 5742 5340 5333 5735 5743 5341 26
5333 5735 5743 5341 5334 5736 5744 5342 26
5334 5736 5744 5342 5335 5737 5745 5343 26
5335 5737 5745 5343 5336 5738 5746 5344 19
5337 5739 5747 5345 5338 5740 5748 5346 19
5338 5740 5748 5346 5339 5741 5749 5347 19
5339 5741 5749 5347 5340 5742 5750 5348 19
5340 5742 5750 5348 5341 5743 5751 5349 26
5341 5743 5751 5349 5342 5744 5752 5350 26
5342 5744 5752 5350 5343 5745 5753 5351 26
5343 5745 5753 5351 5344 5746 5754 5352 19
5345 5747 5755 5353 5346 5748 5756 5354 19
5346 5748 5756 5354 5347 5749 5757 5355 19
5347 5749 5757 5355 5348 5750 5758 5356 19
5348 5750 5758 5356 5349 5751 5759 5357 26
5349 5751 5759 5357 5350 5752 5760 5358 26
5350 5752 5760 5358 5351 5753 5761 5359 26
5351 5753 5761 5359 5352 5754 5762 5360 19
5353 5755 5763 5361 5354 5756 5764 5362 19
5354 5756 5764 5362 5355 5757 5765 5363 19
5355 5757 5765 5363 5356 5758 5766 5364 19
5356 5758 5766 5364 5357 5759 5767 5365 26
5357 5759 5767 5365 5358 5760 5768 5366 26
5358 5760 5768 5366 5359 5761 5769 5367 26
5359 5761 5769 5367 5360 5762 5770 5368 19
5361 5763 5771 5369 5362 5764 5772 5370 19
5362 5764 5772 5370 5363 5765 5773 5371 19
5363 5765 5773 5371 5364 5766 5774 5372 19
5364 5766 5774 5372 5365 5767 5775 5373 26
5365 5767 5775 5373 5366 5768 5776 5374 26
5366 5768 5776 5374 5367 5769 5777 5375 26
5367 5769 5777 5375 5368 5770 5778 5376 19
5369 5771 5779 5377 5370 5772 5780 5378 19
5370 5772 5780 5378 5371 5773 5781 5379 19
5371 5773 5781 5379 5372 5774 5782 5380 19
5372 5774 5782 5380 5373 5775 5783 5381 26
5373 5775 5783 5381 5374 5776 5784 5382 26
5374 5776 5784 5382 5375 5777 5785 5383 26
5375 5777 5785 5383 5376 5778 5786 5384 19
5377 5779 5787 5385 5378 5780 5788 5386 19
5378 5780 5788 5386 5379 5781 5789 5387 19
5379 5781 5789 5387 5380 5782 5790 5388 19
5380 5782 5790 5388 5381 5783 5791 5389 26
5381 5783 5791 5389 5382 5784 5792 5390 26
5382 5784 5792 5390 5383 5785 5793 5391 26
5383 5785 5793 5391 5384 5786 5794 5392 19
5385 5787 5795 5393 5386 5788 5796 5394 19
5386 5788 5796 5394 5387 5789 5797 5395 19
5387 5789 5797 5395 5388 5790 5798 5396 19
5388 5790 5798 5396 5389 5791 5799 5397 26
5389 5791 5799 5397 5390 5792 5800 5398 26
5390 5792 5800 5398 5391 5793 5801 5399 26
5391 5793 5801 5399 5392 5794 5802 5400 19
5393 5795 5803 5401 5394 5796 5804 5402 19
5394 5796 5804 5402 5395 5797 5805 5403 19
5395 5797 5805 5403 5396 5798 5806 5404 19
5396 5798 5806 5404 5397 5799 5807 5405 26
5397 5799 5807 5405 5398 5800 5808 5406 26
5398 5800 5808 5406 5399 5801 5809 5407 26
5399 5801 5809 5407 5400 5802 5810 5408 19
5401 5803 5811 5409 5402 5804 5812 5410 19
5402 5804 5812 5410 5403 5805 5813 5411 19
5403 5805 5813 5411 5404 5806 5814 5412 19
5404 5806 5814 5412 5405 5807 5815 5413 26
5405 5807 5815 5413 5406 5808 5816 5414 26
5406 5808 5816 5414 5407 5809 5817 5415 26
5407 5809 5817 5415 5408 5810 5818 5416 19
5409 5811 5819 5417 5410 5812 5820 5418 19
5410 5812 5820 5418 5411 5813 5821 5419 19
5411 5813 5821 5419 5412 5814 5822 5420 19
5412 5814 5822 5420 5413 5815 5823 5421 26
5413 5815 5823 5421 5414 5816 5824 5422 26
5414 5816 5824 5422 5415 5817 5825 5423 26
5415 5817 5825 5423 5416 5818 5826 5424 19
5417 5819 5827 5425 5418 5820 5828 5426 19
5418 5820 5828 5426 5419 5821 5829 5427 19
5419 5821 5829 5427 5420 5822 5830 5428 24
5420 5822 5830 5428 5421 5823 5831 5429 26
5421 5823 5831 5429 5422 5824 5832 5430 26
5422 5824 5832 5430 5423 5825 5833 5431 26
5423 5825 5833 5431 5424 5826 5834 5432 19
5425 5827 5835 5433 5426 5828 5836 5434 19
5426 5828 5836 5434 5427 5829 5837 5435 19
5427 5829 5837 5435 5428 5830 5838 5436 24
5428 5830 5838 5436 5429 5831 5839 5437 26
5429 5831 5839 5437 5430 5832 5840 5438 26
5430 5832 5840 5438 5431 5833 5841 5439 26
5431 5833 5841 5439 5432 5834 5842 5440 19
5433 5835 5843 5441 5434 5836 5844 5442 19
5434 5836 5844 5442 5435 5837 5845 5443 19
5435 5837 5845 5443 5436 5838 5846 5444 24
5436 5838 5846 5444 5437 5839 5847 5445 26
5437 5839 5847 5445 5438 5840 5848 5446 26
5438 5840 5848 5446 5439 5841 5849 5447 26
5439 5841 5849 5447 5440 5842 5850 5448 19
5441 5843 5851 5449 5442 5844 5852 5450 19
5442 5844 5852 5450 5443 5845 5853 5451 19
5443 5845 5853 5451 5444 5846 5854 5452 24
5444 5846 5854 5452 5445 5847 5855 5453 24
5445 5847 5855 5453 5446 5848 5856 5454 24
5446 5848 5856 5454 5447 5849 5857 5455 19
5447 5849 5857 5455 5448 5850 5858 5456 19
5449 5851 5859 5457 5450 5852 5860 5458 19
5450 5852 5860 5458 5451 5853 5861 5459 19
5451 5853 5861 5459 5452 5854 5862 5460 19
5452 5854 5862 5460 5453 5855 5863 5461 19
5453 5855 5863 5461 5454 5856 5864 5462 19
5454 5856 5864 5462 5455 5857 5865 5463 19
5455 5857 5865 5463 5456 5858 5866 5464 19
5457 5859 5867 5465 5458 5860 5868 5466 19
5458 5860 5868 5466 5459 5861 5869 5467 19
5459 5861 5869 5467 5460 5862 5870 5468 19
5460 5862 5870 5468 5461 5863 5871 5469 19
5461 5863 5871 5469 5462 5864 5872 5470 19
5462 5864 5872 5470 5463 5865 5873 5471 19
5463 5865 5873 5471 5464 5866 5874 5472 19
5465 5867 5875 5473 5466 5868 5876 5474 19
5466 5868 5876 5474 5467 5869 5877 5475 19
5467 5869 5877 5475 5468 5870 5878 5476 19
5468 5870 5878 5476 5469 5871 5879 5477 19
5469 5871 5879 5477 5470 5872 5880 5478 19
5470 5872 5880 5478 5471 5873 5881 5479 19
5471 5873 5881 5479 5472 5874 5882 5480 19
5473 5875 5883 5481 5474 5876 5884 5482 19
5474 5876 5884 5482 5475 5877 5885 5483 19
5475 5877 5885 5483 5476 5878 5886 5484 23
5476 5878 5886 5484 5477 5879 5887 5485 23
5477 5879 5887 5485 5478 5880 5888 5486 23
5478 5880 5888 5486 5479 5881 5889 5487 19
5479 5881 5889 5487 5480 5882 5890 5488 19
5481 5883 5891 5489 5482 5884 5892 5490 19
5482 5884 5892 5490 5483 5885 5893 5491 19
5483 5885 5893 5491 5484 5886 5894 5492 23
5484 5886 5894 5492 5485 5887 5895 5493 23
5485 5887 5895 5493 5486 5888 5896 5494 23
5486 5888 5896 5494 5487 5889 5897 5495 19
5487 5889 5897 5495 5488 5890 5898 5496 19
5489 5891 5899 5497 5490 5892 5900 5498 19
5490 5892 5900 5498 5491 5893 5901 5499 19
5491 5893 5901 5499 5492 5894 5902 5500 23
5492 5894 5902 5500 5493 5895 5903 5501 23
5493 5895 5903 5501 5494 5896 5904 5502 23
5494 5896 5904 5502 5495 5897 5905 5503 19
5495 5897 5905 5503 5496 5898 5906 5504 19
5497 5899 5907 5505 5498 5900 5908 5506 19
5498 5900 5908 5506 5499 5901 5909 5507 19
5499 5901 5909 5507 5500 5902 5910 5508 19
5500 5902 5910 5508 5501 5903 5911 5509 19
5501 5903 5911 5509 5502 5904 5912 5510 19
5502 5904 5912 5510 5503 5905 5913 5511 19
5503 5905 5913 5511 5504 5906 5914 5512 19
5505 5907 5915 5513 5506 5908 5916 5514 19
5506 5908 5916 5514 5507 5909 5917 5515 19
5507 5909 5917 5515 5508 5910 5918 5516 19
5508 5910 5918 5516 5509 5911 5919 5517 19
5509 5911 5919 5517 5510 5912 5920 5518 19
5510 5912 5920 5518 5511 5913 5921 5519 19
5511 5913 5921 5519 5512 5914 5922 5520 19
5513 5915 5923 5521 5514 5916 5924 5522 19
5514 5916 5924 5522 5515 5917 5925 5523 19
5515 5917 5925 5523 5516 5918 5926 5524 19
5516 5918 5926 5524 5517 5919 5927 5525 19
5517 5919 5927 5525 5518 5920 5928 5526 19
5518 5920 5928 5526 5519 5921 5929 5527 19
5519 5921 5929 5527 5520 5922 5930 5528 19
5521 5923 5931 5529 5522 5924 5932 5530 19
5522 5924 5932 5530 5523 5925 5933 5531 19
5523 5925 5933 5531 5524 5926 5934 5532 19
5524 5926 5934 5532 5525 5927 5935 5533 19
5525 5927 5935 5533 5526 5928 5936 5534 19
5526 5928 5936 5534 5527 5929 5937 5535 19
5527 5929 5937 5535 5528 5930 5938 5536 19
5529 5931 5939 5537 5530 5932 5940 5538 11
5530 5932 5940 5538 5531 5933 5941 5539 11
5531 5933 5941 5539 5532 5934 5942 5540 11
5532 5934 5942 5540 5533 5935 5943 5541 11
5533 5935 5943 5541 5534 5936 5944 5542 11
5534 5936 5944 5542 5535 5937 5945 5543 11
5535 5937 5945 5543 5536 5938 5946 5544 11
5545 5947 5948 5546 5547 5949 5950 5548 19
5547 5949 5950 5548 5549 5951 5952 5550 20
5549 5951 5952 5550 5551 5953 5954 5552 20
5551 5953 5954 5552 5553 5955 5956 5554 20
5553 5955 5956 5554 5555 5957 5958 5556 19
5555 5957 5958 5556 5557 5959 5960 5558 19
5557 5959 5960 5558 5559 5961 5962 5560 19
5559 5961 5962 5560 5561 5963 5964 5562 3
5561 5963 5964 5562 5563 5965 5966 5564 3
5563 5965 5966 5564 5565 5967 5968 5566 3
5546 5948 5969 5567 5548 5950 5970 5568 19
5548 5950 5970 5568 5550 5952 5971 5569 20
5550 5952 5971 5569 5552 5954 5972 5570 20
5552 5954 5972 5570 5554 5956 5973 5571 20
5554 5956 5973 5571 5556 5958 5974 5572 19
5556 5958 5974 5572 5558 5960 5975 5573 19
5558 5960 5975 5573 5560 5962 5976 5574 19
5560 5962 5976 5574 5562 5964 5977 5575 3
5562 5964 5977 5575 5564 5966 5978 5576 3
5564 5966 5978 5576 5566 5968 5979 5577 3
5567 5969 5980 5578 5568 5970 5981 5579 19
5568 5970 5981 5579 5569 5971 5982 5580 20
5569 5971 5982 5580 5570 5972 5983 5581 20
5570 5972 5983 5581 5571 5973 5984 5582 20
5571 5973 5984 5582 5572 5974 5985 5583 19
5572 5974 5985 5583 5573 5975 5986 5584 19
5573 5975 5986 5584 5574 5976 5987 5585 19
5574 5976 5987 5585 5575 5977 5988 5586 3
5575 5977 5988 5586 5576 5978 5989 5587 3
5576 5978 5989 5587 5577 5979 5990 5588 3
5578 5980 5991 5589 5579 5981 5992 5590 19
5579 5981 5992 5590 5580 5982 5993 5591 20
5580 5982 5993 5591 5581 5983 5994 5592 20
5581 5983 5994 5592 5582 5984 5995 5593 20
5582 5984 5995 5593 5583 5985 5996 5594 19
5583 5985 5996 5594 5584 5986 5997 5595 19
5584 5986 5997 5595 5585 5987 5998 5596 19
5585 5987 5998 5596 5586 5988 5999 5597 3
5586 5988 5999 5597 5587 5989 6000 5598 3
5587 5989 6000 5598 5588 5990 6001 5599 3
5589 5991 6002 5600 5590 5992 6003 5601 19
5590 5992 6003 5601 5591 5993 6004 5602 20
5591 5993 6004 5602 5592 5994 6005 5603 20
5592 5994 6005 5603 5593 5995 6006 5604 20
5593 5995 6006 5604 5594 5996 6007 5605 19
5594 5996 6007 5605 5595 5997 6008 5606 19
5595 5997 6008 5606 5596 5998 6009 5607 19
5596 5998 6009 5607 5597 5999 6010 5608 3
5597 5999 6010 5608 5598 6000 6011 5609 3
5598 6000 6011 5609 5599 6001 6012 5610 3
5600 6002 6013 5611 5601 6003 6014 5612 19
5601 6003 6014 5612 5602 6004 6015 5613 20
5602 6004 6015 5613 5603 6005 6016 5614 20
5603 6005 6016 5614 5604 6006 6017 5615 20
5604 6006 6017 5615 5605 6007 6018 5616 19
5605 6007 6018 5616 5606 6008 6019 5617 19
5606 6008 6019 5617 5607 6009 6020 5618 19
5607 6009 6020 5618 5608 6010 6021 5619 3
5608 6010 6021 5619 5609 6011 6022 5620 3
5609 6011 6022 5620 5610 6012 6023 5621 3
5611 6013 6024 5622 5612 6014 6025 5623 19
5612 6014 6025 5623 5613 6015 6026 5624 20
5613 6015 6026 5624 5614 6016 6027 5625 20
5614 6016 6027 5625 5615 6017 6028 5626 20
5615 6017 6028 5626 5616 6018 6029 5627 19
5616 6018 6029 5627 5617 6019 6030 5628 19
5617 6019 6030 5628 5618 6020 6031 5629 19
5618 6020 6031 5629 5619 6021 6032 5630 3
5619 6021 6032 5630 5620 6022 6033 5631 3
5620 6022 6033 5631 5621 6023 6034 5632 3
5622 6024 6035 5633 5623 6025 6036 5634 19
5623 6025 6036 5634 5624 6026 6037 5635 20
5624 6026 6037 5635 5625 6027 6038 5636 20
5625 6027 6038 5636 5626 6028 6039 5637 20
5626 6028 6039 5637 5627 6029 6040 5638 19
5627 6029 6040 5638 5628 6030 6041 5639 19
5628 6030 6041 5639 5629 6031 6042 5640 19
5629 6031 6042 5640 5630 6032 6043 5641 3
5630 6032 6043 5641 5631 6033 6044 5642 3
5631 6033 6044 5642 5632 6034 6045 5643 3
5633 6035 6046 5644 5634 6036 6047 5645 19
5634 6036 6047 5645 5635 6037 6048 5646 20
5635 6037 6048 5646 5636 6038 6049 5647 20
5636 6038 6049 5647 5637 6039 6050 5648 20
5637 6039 6050 5648 5638 6040 6051 5649 19
5638 6040 6051 5649 5639 6041 6052 5650 19
5639 6041 6052 5650 5640 6042 6053 5651 19
5640 6042 6053 5651 5641 6043 6054 5652 3
5641 6043 6054 5652 5642 6044 6055 5653 3
5642 6044 6055 5653 5643 6045 6056 5654 3
5644 6046 6057 5655 5645 6047 6058 5656 19
5645 6047 6058 5656 5646 6048 6059 5657 20
5646 6048 6059 5657 5647 6049 6060 5658 20
5647 6049 6060 5658 5648 6050 6061 5659 20
5648 6050 6061 5659 5649 6051 6062 5660 19
5649 6051 6062 5660 5650 6052 6063 5661 19
5650 6052 6063 5661 5651 6053 6064 5662 19
5651 6053 6064 5662 5652 6054 6065 5663 3
5652 6054 6065 5663 5653 6055 6066 5664 3
5653 6055 6066 5664 5654 6056 6067 5665 3
5655 6057 6068 5666 5656 6058 6069 5667 19
5656 6058 6069 5667 5657 6059 6070 5668 20
5657 6059 6070 5668 5658 6060 6071 5669 20
5658 6060 6071 5669 5659 6061 6072 5670 26
5659 6061 6072 5670 5660 6062 6073 5671 26
5660 6062 6073 5671 5661 6063 6074 5672 26
5661 6063 6074 5672 5662 6064 6075 5673 19
5662 6064 6075 5673 5663 6065 6076 5674 3
5663 6065 6076 5674 5664 6066 6077 5675 3
5664 6066 6077 5675 5665 6067 6078 5676 3
5666 6068 6079 5677 5667 6069 6080 5678 19
5667 6069 6080 5678 5668 6070 6081 5679 20
5668 6070 6081 5679 5669 6071 6082 5680 20
5669 6071 6082 5680 5670 6072 6083 5681 26
5670 6072 6083 5681 5671 6073 6084 5682 26
5671 6073 6084 5682 5672 6074 6085 5683 26
5672 6074 6085 5683 5673 6075 6086 5684 19
5673 6075 6086 5684 5674 6076 6087 5685 3
5674 6076 6087 5685 5675 6077 6088 5686 3
5675 6077 6088 5686 5676 6078 6089 5687 3
5677 6079 6090 5688 5678 6080 6091 5689 19
5678 6080 6091 5689 5679 6081 6092 5690 19
5679 6081 6092 5690 5680 6082 6093 5691 19
5680 6082 6093 5691 5681 6083 6094 5692 26
5681 6083 6094 5692 5682 6084 6095 5693 26
5682 6084 6095 5693 5683 6085 6096 5694 26
5683 6085 6096 5694 5684 6086 6097 5695 19
5684 6086 6097 5695 5685 6087 6098 5696 3
5685 6087 6098 5696 5686 6088 6099 5697 3
5686 6088 6099 5697 5687 6089 6100 5698 3
5688 6090 6101 5699 5689 6091 6102 5700 19
5689 6091 6102 5700 5690 6092 6103 5701 19
5690 6092 6103 5701 5691 6093 6104 5702 19
5691 6093 6104 5702 5692 6094 6105 5703 26
5692 6094 6105 5703 5693 6095 6106 5704 26
5693 6095 6106 5704 5694 6096 6107 5705 26
5694 6096 6107 5705 5695 6097 6108 5706 19
5699 6101 6109 5707 5700 6102 6110 5708 19
5700 6102 6110 5708 5701 6103 6111 5709 19
5701 6103 6111 5709 5702 6104 6112 5710 19
5702 6104 6112 5710 5703 6105 6113 5711 26
5703 6105 6113 5711 5704 6106 6114 5712 26
5704 6106 6114 5712 5705 6107 6115 5713 26
5705 6107 6115 5713 5706 6108 6116 5714 19
5707 6109 6117 5715 5708 6110 6118 5716 19
5708 6110 6118 5716 5709 6111 6119 5717 19
5709 6111 6119 5717 5710 6112 6120 5718 19
5710 6112 6120 5718 5711 6113 6121 5719 26
5711 6113 6121 5719 5712 6114 6122 5720 26
5712 6114 6122 5720 5713 6115 6123 5721 26
5713 6115 6123 5721 5714 6116 6124 5722 19
5715 6117 6125 5723 5716 6118 6126 5724 19
5716 6118 6126 5724 5717 6119 6127 5725 19
5717 6119 6127 5725 5718 6120 6128 5726 19
5718 6120 6128 5726 5719 6121 6129 5727 26
5719 6121 6129 5727 5720 6122 6130 5728 26
5720 6122 6130 5728 5721 6123 6131 5729 26
5721 6123 6131 5729 5722 6124 6132 5730 19
5723 6125 6133 5731 5724 6126 6134 5732 19
5724 6126 6134 5732 5725 6127 6135 5733 19
5725 6127 6135 5733 5726 6128 6136 5734 19
5726 6128 6136 5734 5727 6129 6137 5735 26
5727 6129 6137 5735 5728 6130 6138 5736 26
5728 6130 6138 5736 5729 6131 6139 5737 26
5729 6131 6139 5737 5730 6132 6140 5738 19
5731 6133 6141 5739 5732 6134 6142 5740 19
5732 6134 6142 5740 5733 6135 6143 5741 19
5733 6135 6143 5741 5734 6136 6144 5742 19
5734 6136 6144 5742 5735 6137 6145 5743 26
5735 6137 6145 5743 5736 6138 6146 5744 26
5736 6138 6146 5744 5737 6139 6147 5745 26
5737 6139 6147 5745 5738 6140 6148 5746 19
5739 6141 6149 5747 5740 6142 6150 5748 19
5740 6142 6150 5748 5741 6143 6151 5749 19
5741 6143 6151 5749 5742 6144 6152 5750 19
5742 6144 6152 5750 5743 6145 6153 5751 26
5743 6145 6153 5751 5744 6146 6154 5752 26
5744 6146 6154 5752 5745 6147 6155 5753 26
5745 6147 6155 5753 5746 6148 6156 5754 19
5747 6149 6157 5755 5748 6150 6158 5756 19
5748 6150 6158 5756 5749 6151 6159 5757 19
5749 6151 6159 5757 5750 6152 6160 5758 19
5750 6152 6160 5758 5751 6153 6161 5759 26
5751 6153 6161 5759 5752 6154 6162 5760 26
5752 6154 6162 5760 5753 6155 6163 5761 26
5753 6155 6163 5761 5754 6156 6164 5762 19
5755 6157 6165 5763 5756 6158 6166 5764 19
5756 6158 6166 5764 5757 6159 6167 5765 19
5757 6159 6167 5765 5758 6160 6168 5766 19
5758 6160 6168 5766 5759 6161 6169 5767 26
5759 6161 6169 5767 5760 6162 6170 5768 26
5760 6162 6170 5768 5761 6163 6171 5769 26
5761 6163 6171 5769 5762 6164 6172 5770 19
5763 6165 6173 5771 5764 6166 6174 5772 19
5764 6166 6174 5772 5765 6167 6175 5773 19
5765 6167 6175 5773 5766 6168 6176 5774 19
5766 6168 6176 5774 5767 6169 6177 5775 26
5767 6169 6177 5775 5768 6170 6178 5776 26
5768 6170 6178 5776 5769 6171 6179 5777 26
5769 6171 6179 5777 5770 6172 6180 5778 19
5771 6173 6181 5779 5772 6174 6182 5780 19
5772 6174 6182 5780 5773 6175 6183 5781 19
5773 6175 6183 5781 5774 6176 6184 5782 19
5774 6176 6184 5782 5775 6177 6185 5783 26
5775 6177 6185 5783 5776 6178 6186 5784 26
5776 6178 6186 5784 5777 6179 6187 5785 26
5777 6179 6187 5785 5778 6180 6188 5786 19
5779 6181 6189 5787 5780 6182 6190 5788 19
5780 6182 6190 5788 5781 6183 6191 5789 19
5781 6183 6191 5789 5782 6184 6192 5790 19
5782 6184 6192 5790 5783 6185 6193 5791 26
5783 6185 6193 5791 5784 6186 6194 5792 26
5784 6186 6194 5792 5785 6187 6195 5793 26
5785 6187 6195 5793 5786 6188 6196 5794 19
5787 6189 6197 5795 5788 6190 6198 5796 19
5788 6190 6198 5796 5789 6191 6199 5797 19
5789 6191 6199 5797 5790 6192 6200 5798 19
5790 6192 6200 5798 5791 6193 6201 5799 26
5791 6193 6201 5799 5792 6194 6202 5800 26
5792 6194 6202 5800 5793 6195 6203 5801 26
5793 6195 6203 5801 5794 6196 6204 5802 19
5795 6197 6205 5803 5796 6198 6206 5804 19
5796 6198 6206 5804 5797 6199 6207 5805 19
5797 6199 6207 5805 5798 6200 6208 5806 19
5798 6200 6208 5806 5799 6201 6209 5807 26
5799 6201 6209 5807 5800 6202 6210 5808 26
5800 6202 6210 5808 5801 6203 6211 5809 26
5801 6203 6211 5809 5802 6204 6212 5810 19
5803 6205 6213 5811 5804 6206 6214 5812 19
5804 6206 6214 5812 5805 6207 6215 5813 19
5805 6207 6215 5813 5806 6208 6216 5814 19
5806 6208 6216 5814 5807 6209 6217 5815 26
5807 6209 6217 5815 5808 6210 6218 5816 26
5808 6210 6218 5816 5809 6211 6219 5817 26
5809 6211 6219 5817 5810 6212 6220 5818 19
5811 6213 6221 5819 5812 6214 6222 5820 19
5812 6214 6222 5820 5813 6215 6223 5821 19
5813 6215 6223 5821 5814 6216 6224 5822 19
5814 6216 6224 5822 5815 6217 6225 5823 26
5815 6217 6225 5823 5816 6218 6226 5824 26
5816 6218 6226 5824 5817 6219 6227 5825 26
5817 6219 6227 5825 5818 6220 6228 5826 19
5819 6221 6229 5827 5820 6222 6230 5828 19
5820 6222 6230 5828 5821 6223 6231 5829 19
5821 6223 6231 5829 5822 6224 6232 5830 24
5822 6224 6232 5830 5823 6225 6233 5831 26
5823 6225 6233 5831 5824 6226 6234 5832 26
5824 6226 6234 5832 5825 6227 6235 5833 26
5825 6227 6235 5833 5826 6228 6236 5834 19
5827 6229 6237 5835 5828 6230 6238 5836 19
5828 6230 6238 5836 5829 6231 6239 5837 19
5829 6231 6239 5837 5830 6232 6240 5838 24
5830 6232 6240 5838 5831 6233 6241 5839 26
5831 6233 6241 5839 5832 6234 6242 5840 26
5832 6234 6242 5840 5833 6235 6243 5841 26
5833 6235 6243 5841 5834 6236 6244 5842 19
5835 6237 6245 5843 5836 6238 6246 5844 19
5836 6238 6246 5844 5837 6239 6247 5845 19
5837 6239 6247 5845 5838 6240 6248 5846 24
5838 6240 6248 5846 5839 6241 6249 5847 26
5839 6241 6249 5847 5840 6242 6250 5848 26
5840 6242 6250 5848 5841 6243 6251 5849 26
5841 6243 6251 5849 5842 6244 6252 5850 19
5843 6245 6253 5851 5844 6246 6254 5852 19
5844 6246 6254 5852 5845 6247 6255 5853 19
5845 6247 6255 5853 5846 6248 6256 5854 24
5846 6248 6256 5854 5847 6249 6257 5855 24
5847 6249 6257 5855 5848 6250 6258 5856 24
5848 6250 6258 5856 5849 6251 6259 5857 19
5849 6251 6259 5857 5850 6252 6260 5858 19
5851 6253 6261 5859 5852 6254 6262 5860 19
5852 6254 6262 5860 5853 6255 6263 5861 19
5853 6255 6263 5861 5854 6256 6264 5862 19
5854 6256 6264 5862 5855 6257 6265 5863 19
5855 6257 6265 5863 5856 6258 6266 5864 19
5856 6258 6266 5864 5857 6259 6267 5865 19
5857 6259 6267 5865 5858 6260 6268 5866 19
5859 6261 6269 5867 5860 6262 6270 5868 19
5860 6262 6270 5868 5861 6263 6271 5869 19
5861 6263 6271 5869 5862 6264 6272 5870 19
5862 6264 6272 5870 5863 6265 6273 5871 19
5863 6265 6273 5871 5864 6266 6274 5872 19
5864 6266 6274 5872 5865 6267 6275 5873 19
5865 6267 6275 5873 5866 6268 6276 5874 19
5867 6269 6277 5875 5868 6270 6278 5876 19
5868 6270 6278 5876 5869 6271 6279 5877 19
5869 6271 6279 5877 5870 6272 6280 5878 19
5870 6272 6280 5878 5871 6273 6281 5879 19
5871 6273 6281 5879 5872 6274 6282 5880 19
5872 6274 6282 5880 5873 6275 6283 5881 19
5873 6275 6283 5881 5874 6276 6284 5882 19
5875 6277 6285 5883 5876 6278 6286 5884 19
5876 6278 6286 5884 5877 6279 6287 5885 19
5877 6279 6287 5885 5878 6280 6288 5886 23
5878 6280 6288 5886 5879 6281 6289 5887 23
5879 6281 6289 5887 5880 6282 6290 5888 23
5880 6282 6290 5888 5881 6283 6291 5889 19
5881 6283 6291 5889 5882 6284 6292 5890 19
5883 6285 6293 5891 5884 6286 6294 5892 19
5884 6286 6294 5892 5885 6287 6295 5893 19
5885 6287 6295 5893 5886 6288 6296 5894 23
5886 6288 6296 5894 5887 6289 6297 5895 23
5887 6289 6297 5895 5888 6290 6298 5896 23
5888 6290 6298 5896 5889 6291 6299 5897 19
5889 6291 6299 5897 5890 6292 6300 5898 19
5891 6293 6301 5899 5892 6294 6302 5900 19
5892 6294 6302 5900 5893 6295 6303 5901 19
5893 6295 6303 5901 5894 6296 6304 5902 23
5894 6296 6304 5902 5895 6297 6305 5903 23
5895 6297 6305 5903 5896 6298 6306 5904 23
5896 6298 6306 5904 5897 6299 6307 5905 19
5897 6299 6307 5905 5898 6300 6308 5906 19
5899 6301 6309 5907 5900 6302 6310 5908 19
5900 6302 6310 5908 5901 6303 6311 5909 19
5901 6303 6311 5909 5902 6304 6312 5910 19
5902 6304 6312 5910 5903 6305 6313 5911 19
5903 6305 6313 5911 5904 6306 6314 5912 19
5904 6306 6314 5912 5905 6307 6315 5913 19
5905 6307 6315 5913 5906 6308 6316 5914 19
5907 6309 6317 5915 5908 6310 6318 5916 19
5908 6310 6318 5916 5909 6311 6319 5917 19
5909 6311 6319 5917 5910 6312 6320 5918 19
5910 6312 6320 5918 5911 6313 6321 5919 19
5911 6313 6321 5919 5912 6314 6322 5920 19
5912 6314 6322 5920 5913 6315 6323 5921 19
5913 6315 6323 5921 5914 6316 6324 5922 19
5915 6317 6325 5923 5916 6318 6326 5924 19
5916 6318 6326 5924 5917 6319 6327 5925 19
5917 6319 6327 5925 5918 6320 6328 5926 19
5918 6320 6328 5926 5919 6321 6329 5927 19
5919 6321 6329 5927 5920 6322 6330 5928 19
5920 6322 6330 5928 5921 6323 6331 5929 19
5921 6323 6331 5929 5922 6324 6332 5930 19
5923 6325 6333 5931 5924 6326 6334 5932 19
5924 6326 6334 5932 5925 6327 6335 5933 19
5925 6327 6335 5933 5926 6328 6336 5934 19
5926 6328 6336 5934 5927 6329 6337 5935 19
5927 6329 6337 5935 5928 6330 6338 5936 19
5928 6330 6338 5936 5929 6331 6339 5937 19
5929 6331 6339 5937 5930 6332 6340 5938 19
5931 6333 6341 5939 5932 6334 6342 5940 11
5932 6334 6342 5940 5933 6335 6343 5941 11
5933 6335 6343 5941 5934 6336 6344 5942 11
5934 6336 6344 5942 5935 6337 6345 5943 11
5935 6337 6345 5943 5936 6338 6346 5944 11
5936 6338 6346 5944 5937 6339 6347 5945 11
5937 6339 6347 5945 5938 6340 6348 5946 11
5947 6349 6350 5948 5949 6351 6352 5950 19
5949 6351 6352 5950 5951 6353 6354 5952 20
5951 6353 6354 5952 5953 6355 6356 5954 20
5953 6355 6356 5954 5955 6357 6358 5956 20
5955 6357 6358 5956 5957 6359 6360 5958 19
5957 6359 6360 5958 5959 6361 6362 5960 19
5959 6361 6362 5960 5961 6363 6364 5962 19
5961 6363 6364 5962 5963 6365 6366 5964 3
5963 6365 6366 5964 5965 6367 6368 5966 3
5965 6367 6368 5966 5967 6369 6370 5968 3
5948 6350 6371 5969 5950 6352 6372 5970 19
5950 6352 6372 5970 5952 6354 6373 5971 20
5952 6354 6373 5971 5954 6356 6374 5972 20
5954 6356 6374 5972 5956 6358 6375 5973 20
5956 6358 6375 5973 5958 6360 6376 5974 19
5958 6360 6376 5974 5960 6362 6377 5975 19
5960 6362 6377 5975 5962 6364 6378 5976 19
5962 6364 6378 5976 5964 6366 6379 5977 3
5964 6366 6379 5977 5966 6368 6380 5978 3
5966 6368 6380 5978 5968 6370 6381 5979 3
5969 6371 6382 5980 5970 6372 6383 5981 19
5970 6372 6383 5981 5971 6373 6384 5982 20
5971 6373 6384 5982 5972 6374 6385 5983 20
5972 6374 6385 5983 5973 6375 6386 5984 20
5973 6375 6386 5984 5974 6376 6387 5985 19
5974 6376 6387 5985 5975 6377 6388 5986 19
5975 6377 6388 5986 5976 6378 6389 5987 19
5976 6378 6389 5987 5977 6379 6390 5988 3
5977 6379 6390 5988 5978 6380 6391 5989 3
5978 6380 6391 5989 5979 6381 6392 5990 3
5980 6382 6393 5991 5981 6383 6394 5992 19
5981 6383 6394 5992 5982 6384 6395 5993 20
5982 6384 6395 5993 5983 6385 6396 5994 20
5983 6385 6396 5994 5984 6386 6397 5995 20
5984 6386 6397 5995 5985 6387 6398 5996 19
5985 6387 6398 5996 5986 6388 6399 5997 19
5986 6388 6399 5997 5987 6389 6400 5998 19
5987 6389 6400 5998 5988 6390 6401 5999 3
5988 6390 6401 5999 5989 6391 6402 6000 3
5989 6391 6402 6000 5990 6392 6403 6001 3
5991 6393 6404 6002 5992 6394 6405 6003 19
5992 6394 6405 6003 5993 6395 6406 6004 20
5993 6395 6406 6004 5994 6396 6407 6005 20
5994 6396 6407 6005 5995 6397 6408 6006 20
5995 6397 6408 6006 5996 6398 6409 6007 19
5996 6398 6409 6007 5997 6399 6410 6008 19
5997 6399 6410 6008 5998 6400 6411 6009 19
5998 6400 6411 6009 5999 6401 6412 6010 3
5999 6401 6412 6010 6000 6402 6413 6011 3
6000 6402 6413 6011 6001 6403 6414 6012 3
6002 6404 6415 6013 6003 6405 6416 6014 19
6003 6405 6416 6014 6004 6406 6417 6015 20
6004 6406 6417 6015 6005 6407 6418 6016 20
6005 6407 6418 6016 6006 6408 6419 6017 20
6006 6408 6419 6017 6007 6409 6420 6018 19
6007 6409 6420 6018 6008 6410 6421 6019 19
6008 6410 6421 6019 6009 6411 6422 6020 19
6009 6411 6422 6020 6010 6412 6423 6021 3
6010 6412 6423 6021 6011 6413 6424 6022 3
6011 6413 6424 6022 6012 6414 6425 6023 3
6013 6415 6426 6024 6014 6416 6427 6025 19
6014 6416 6427 6025 6015 6417 6428 6026 20
6015 6417 6428 6026 6016 6418 6429 6027 20
6016 6418 6429 6027 6017 6419 6430 6028 20
6017 6419 6430 6028 6018 6420 6431 6029 19
6018 6420 6431 6029 6019 6421 6432 6030 19
6019 6421 6432 6030 6020 6422 6433 6031 19
6020 6422 6433 6031 6021 6423 6434 6032 3
6021 6423 6434 6032 6022 6424 6435 6033 3
6022 6424 6435 6033 6023 6425 6436 6034 3
6024 6426 6437 6035 6025 6427 6438 6036 19
6025 6427 6438 6036 6026 6428 6439 6037 20
6026 6428 6439 6037 6027 6429 6440 6038 20
6027 6429 6440 6038 6028 6430 6441 6039 20
6028 6430 6441 6039 6029 6431 6442 6040 19
6029 6431 6442 6040 6030 6432 6443 6041 19
6030 6432 6443 6041 6031 6433 6444 6042 19
6031 6433 6444 6042 6032 6434 6445 6043 3
6032 6434 6445 6043 6033 6435 6446 6044 3
6033 6435 6446 6044 6034 6436 6447 6045 3
6035 6437 6448 6046 6036 6438 6449 6047 19
6036 6438 6449 6047 6037 6439 6450 6048 20
6037 6439 6450 6048 6038 6440 6451 6049 20
6038 6440 6451 6049 6039 6441 6452 6050 20
6039 6441 6452 6050 6040 6442 6453 6051 19
6040 6442 6453 6051 6041 6443 6454 6052 19
6041 6443 6454 6052 6042 6444 6455 6053 19
6042 6444 6455 6053 6043 6445 6456 6054 3
6043 6445 6456 6054 6044 6446 6457 6055 3
6044 6446 6457 6055 6045 6447 6458 6056 3
6046 6448 6459 6057 6047 6449 6460 6058 19
6047 6449 6460 6058 6048 6450 6461 6059 20
6048 6450 6461 6059 6049 6451 6462 6060 20
6049 6451 6462 6060 6050 6452 6463 6061 20
6050 6452 6463 6061 6051 6453 6464 6062 19
6051 6453 6464 6062 6052 6454 6465 6063 19
6052 6454 6465 6063 6053 6455 6466 6064 19
6053 6455 6466 6064 6054 6456 6467 6065 3
6054 6456 6467 6065 6055 6457 6468 6066 3
6055 6457 6468 6066 6056 6458 6469 6067 3
6057 6459 6470 6068 6058 6460 6471 6069 19
6058 6460 6471 6069 6059 6461 6472 6070 20
6059 6461 6472 6070 6060 6462 6473 6071 20
6060 6462 6473 6071 6061 6463 6474 6072 26
6061 6463 6474 6072 6062 6464 6475 6073 26
6062 6464 6475 6073 6063 6465 6476 6074 26
6063 6465 6476 6074 6064 6466 6477 6075 19
6064 6466 6477 6075 6065 6467 6478 6076 3
6065 6467 6478 6076 6066 6468 6479 6077 3
6066 6468 6479 6077 6067 6469 6480 6078 3
6068 6470 6481 6079 6069 6471 6482 6080 19
6069 6471 6482 6080 6070 6472 6483 6081 20
6070 6472 6483 6081 6071 6473 6484 6082 20
6071 6473 6484 6082 6072 6474 6485 6083 26
6072 6474 6485 6083 6073 6475 6486 6084 26
6073 6475 6486 6084 6074 6476 6487 6085 26
6074 6476 6487 6085 6075 6477 6488 6086 19
6075 6477 6488 6086 6076 6478 6489 6087 3
6076 6478 6489 6087 6077 6479 6490 6088 3
6077 6479 6490 6088 6078 6480 6491 6089 3
6079 6481 6492 6090 6080 6482 6493 6091 19
6080 6482 6493 6091 6081 6483 6494 6092 19
6081 6483 6494 6092 6082 6484 6495 6093 19
6082 6484 6495 6093 6083 6485 6496 6094 26
6083 6485 6496 6094 6084 6486 6497 6095 26
6084 6486 6497 6095 6085 6487 6498 6096 26
6085 6487 6498 6096 6086 6488 6499 6097 19
6086 6488 6499 6097 6087 6489 6500 6098 3
6087 6489 6500 6098 6088 6490 6501 6099 3
6088 6490 6501 6099 6089 6491 6502 6100 3
6090 6492 6503 6101 6091 6493 6504 6102 19
6091 6493 6504 6102 6092 6494 6505 6103 19
6092 6494 6505 6103 6093 6495 6506 6104 19
6093 6495 6506 6104 6094 6496 6507 6105 26
6094 6496 6507 6105 6095 6497 6508 6106 26
6095 6497 6508 6106 6096 6498 6509 6107 26
6096 6498 6509 6107 6097 6499 6510 6108 19
6101 6503 6511 6109 6102 6504 6512 6110 19
6102 6504 6512 6110 6103 6505 6513 6111 19
6103 6505 6513 6111 6104 6506 6514 6112 19
6104 6506 6514 6112 6105 6507 6515 6113 26
6105 6507 6515 6113 6106 6508 6516 6114 26
6106 6508 6516 6114 6107 6509 6517 6115 26
6107 6509 6517 6115 6108 6510 6518 6116 19
6109 6511 6519 6117 6110 6512 6520 6118 19
6110 6512 6520 6118 6111 6513 6521 6119 19
6111 6513 6521 6119 6112 6514 6522 6120 19
6112 6514 6522 6120 6113 6515 6523 6121 26
6113 6515 6523 6121 6114 6516 6524 6122 26
6114 6516 6524 6122 6115 6517 6525 6123 26
6115 6517 6525 6123 6116 6518 6526 6124 19
6117 6519 6527 6125 6118 6520 6528 6126 19
6118 6520 6528 6126 6119 6521 6529 6127 19
6119 6521 6529 6127 6120 6522 6530 6128 19
6120 6522 6530 6128 6121 6523 6531 6129 26
6121 6523 6531 6129 6122 6524 6532 6130 26
6122 6524 6532 6130 6123 6525 6533 6131 26
6123 6525 6533 6131 6124 6526 6534 6132 19
6125 6527 6535 6133 6126 6528 6536 6134 19
6126 6528 6536 6134 6127 6529 6537 6135 19
6127 6529 6537 6135 6128 6530 6538 6136 19
6128 6530 6538 6136 6129 6531 6539 6137 26
6129 6531 6539 6137 6130 6532 6540 6138 26
6130 6532 6540 6138 6131 6533 6541 6139 26
6131 6533 6541 6139 6132 6534 6542 6140 19
6133 6535 6543 6141 6134 6536 6544 6142 19
6134 6536 6544 6142 6135 6537 6545 6143 19
6135 6537 6545 6143 6136 6538 6546 6144 19
6136 6538 6546 6144 6137 6539 6547 6145 26
6137 6539 6547 6145 6138 6540 6548 6146 26
6138 6540 6548 6146 6139 6541 6549 6147 26
6139 6541 6549 6147 6140 6542 6550 6148 19
6141 6543 6551 6149 6142 6544 6552 6150 19
6142 6544 6552 6150 6143 6545 6553 6151 19
6143 6545 6553 6151 6144 6546 6554 6152 19
6144 6546 6554 6152 6145 6547 6555 6153 26
6145 6547 6555 6153 6146 6548 6556 6154 26
6146 6548 6556 6154 6147 6549 6557 6155 26
6147 6549 6557 6155 6148 6550 6558 6156 19
6149 6551 6559 6157 6150 6552 6560 6158 19
6150 6552 6560 6158 6151 6553 6561 6159 19
6151 6553 6561 6159 6152 6554 6562 6160 19
6152 6554 6562 6160 6153 6555 6563 6161 26
6153 6555 6563 6161 6154 6556 6564 6162 26
6154 6556 6564 6162 6155 6557 6565 6163 26
6155 6557 6565 6163 6156 6558 6566 6164 19
6157 6559 6567 6165 6158 6560 6568 6166 19
6158 6560 6568 6166 6159 6561 6569 6167 19
6159 6561 6569 6167 6160 6562 6570 6168 19
6160 6562 6570 6168 6161 6563 6571 6169 26
6161 6563 6571 6169 6162 6564 6572 6170 26
6162 6564 6572 6170 6163 6565 6573 6171 26
6163 6565 6573 6171 6164 6566 6574 6172 19
6165 6567 6575 6173 6166 6568 6576 6174 19
6166 6568 6576 6174 6167 6569 6577 6175 19
6167 6569 6577 6175 6168 6570 6578 6176 19
6168 6570 6578 6176 6169 6571 6579 6177 26
6169 6571 6579 6177 6170 6572 6580 6178 26
6170 6572 6580 6178 6171 6573 6581 6179 26
6171 6573 6581 6179 6172 6574 6582 6180 19
6173 6575 6583 6181 6174 6576 6584 6182 19
6174 6576 6584 6182 6175 6577 6585 6183 19
6175 6577 6585 6183 6176 6578 6586 6184 19
6176 6578 6586 6184 6177 6579 6587 6185 26
6177 6579 6587 6185 6178 6580 6588 6186 26
6178 6580 6588 6186 6179 6581 6589 6187 26
6179 6581 6589 6187 6180 6582 6590 6188 19
6181 6583 6591 6189 6182 6584 6592 6190 19
6182 6584 6592 6190 6183 6585 6593 6191 19
6183 6585 6593 6191 6184 6586 6594 6192 19
6184 6586 6594 6192 6185 6587 6595 6193 26
6185 6587 6595 6193 6186 6588 6596 6194 26
6186 6588 6596 6194 6187 6589 6597 6195 26
6187 6589 6597 6195 6188 6590 6598 6196 19
6189 6591 6599 6197 6190 6592 6600 6198 19
6190 6592 6600 6198 6191 6593 6601 6199 19
6191 6593 6601 6199 6192 6594 6602 6200 19
6192 6594 6602 6200 6193 6595 6603 6201 26
6193 6595 6603 6201 6194 6596 6604 6202 26
6194 6596 6604 6202 6195 6597 6605 6203 26
6195 6597 6605 6203 6196 6598 6606 6204 19
6197 6599 6607 6205 6198 6600 6608 6206 19
6198 6600 6608 6206 6199 6601 6609 6207 19
6199 6601 6609 6207 6200 6602 6610 6208 19
6200 6602 6610 6208 6201 6603 6611 6209 26
6201 6603 6611 6209 6202 6604 6612 6210 26
6202 6604 6612 6210 6203 6605 6613 6211 26
6203 6605 6613 6211 6204 6606 6614 6212 19
6205 6607 6615 6213 6206 6608 6616 6214 19
6206 6608 6616 6214 6207 6609 6617 6215 19
6207 6609 6617 6215 6208 6610 6618 6216 19
6208 6610 6618 6216 6209 6611 6619 6217 26
6209 6611 6619 6217 6210 6612 6620 6218 26
6210 6612 6620 6218 6211 6613 6621 6219 26
6211 6613 6621 6219 6212 6614 6622 6220 19
6213 6615 6623 6221 6214 6616 6624 6222 19
6214 6616 6624 6222 6215 6617 6625 6223 19
6215 6617 6625 6223 6216 6618 6626 6224 19
6216 6618 6626 6224 6217 6619 6627 6225 26
6217 6619 6627 6225 6218 6620 6628 6226 26
6218 6620 6628 6226 6219 6621 6629 6227 26
6219 6621 6629 6227 6220 6622 6630 6228 19
6221 6623 6631 6229 6222 6624 6632 6230 19
6222 6624 6632 6230 6223 6625 6633 6231 19
6223 6625 6633 6231 6224 6626 6634 6232 24
6224 6626 6634 6232 6225 6627 6635 6233 26
6225 6627 6635 6233 6226 6628 6636 6234 26
6226 6628 6636 6234 6227 6629 6637 6235 26
6227 6629 6637 6235 6228 6630 6638 6236 19
6229 6631 6639 6237 6230 6632 6640 6238 19
6230 6632 6640 6238 6231 6633 6641 6239 19
6231 6633 6641 6239 6232 6634 6642 6240 24
6232 6634 6642 6240 6233 6635 6643 6241 26
6233 6635 6643 6241 6234 6636 6644 6242 26
6234 6636 6644 6242 6235 6637 6645 6243 26
6235 6637 6645 6243 6236 6638 6646 6244 19
6237 6639 6647 6245 6238 6640 6648 6246 19
6238 6640 6648 6246 6239 6641 6649 6247 19
6239 6641 6649 6247 6240 6642 6650 6248 24
6240 6642 6650 6248 6241 6643 6651 6249 26
6241 6643 6651 6249 6242 6644 6652 6250 26
6242 6644 6652 6250 6243 6645 6653 6251 26
6243 6645 6653 6251 6244 6646 6654 6252 19
6245 6647 6655 6253 6246 6648 6656 6254 19
6246 6648 6656 6254 6247 6649 6657 6255 19
6247 6649 6657 6255 6248 6650 6658 6256 24
6248 6650 6658 6256 6249 6651 6659 6257 24
6249 6651 6659 6257 6250 6652 6660 6258 24
6250 6652 6660 6258 6251 6653 6661 6259 19
6251 6653 6661 6259 6252 6654 6662 6260 19
6253 6655 6663 6261 6254 6656 6664 6262 19
6254 6656 6664 6262 6255 6657 6665 6263 19
6255 6657 6665 6263 6256 6658 6666 6264 19
6256 6658 6666 6264 6257 6659 6667 6265 19
6257 6659 6667 6265 6258 6660 6668 6266 19
6258 6660 6668 6266 6259 6661 6669 6267 19
6259 6661 6669 6267 6260 6662 6670 6268 19
6261 6663 6671 6269 6262 6664 6672 6270 19
6262 6664 6672 6270 6263 6665 6673 6271 19
6263 6665 6673 6271 6264 6666 6674 6272 19
6264 6666 6674 6272 6265 6667 6675 6273 19
6265 6667 6675 6273 6266 6668 6676 6274 19
6266 6668 6676 6274 6267 6669 6677 6275 19
6267 6669 6677 6275 6268 6670 6678 6276 19
6269 6671 6679 6277 6270 6672 6680 6278 19
6270 6672 6680 6278 6271 6673 6681 6279 19
6271 6673 6681 6279 6272 6674 6682 6280 19
6272 6674 6682 6280 6273 6675 6683 6281 19
6273 6675 6683 6281 6274 6676 6684 6282 19
6274 6676 6684 6282 6275 6677 6685 6283 19
6275 6677 6685 6283 6276 6678 6686 6284 19
6277 6679 6687 6285 6278 6680 6688 6286 19
6278 6680 6688 6286 6279 6681 6689 6287 19
6279 6681 6689 6287 6280 6682 6690 6288 23
6280 6682 6690 6288 6281 6683 6691 6289 23
6281 6683 6691 6289 6282 6684 6692 6290 23
6282 6684 6692 6290 6283 6685 6693 6291 19
6283 6685 6693 6291 6284 6686 6694 6292 19
6285 6687 6695 6293 6286 6688 6696 6294 19
6286 6688 6696 6294 6287 6689 6697 6295 19
6287 6689 6697 6295 6288 6690 6698 6296 23
6288 6690 6698 6296 6289 6691 6699 6297 23
6289 6691 6699 6297 6290 6692 6700 6298 23
6290 6692 6700 6298 6291 6693 6701 6299 19
6291 6693 6701 6299 6292 6694 6702 6300 19
6293 6695 6703 6301 6294 6696 6704 6302 19
6294 6696 6704 6302 6295 6697 6705 6303 19
6295 6697 6705 6303 6296 6698 6706 6304 23
6296 6698 6706 6304 6297 6699 6707 6305 23
6297 6699 6707 6305 6298 6700 6708 6306 23
6298 6700 6708 6306 6299 6701 6709 6307 19
6299 6701 6709 6307 6300 6702 6710 6308 19
6301 6703 6711 6309 6302 6704 6712 6310 19
6302 6704 6712 6310 6303 6705 6713 6311 19
6303 6705 6713 6311 6304 6706 6714 6312 19
6304 6706 6714 6312 6305 6707 6715 6313 19
6305 6707 6715 6313 6306 6708 6716 6314 19
6306 6708 6716 6314 6307 6709 6717 6315 19
6307 6709 6717 6315 6308 6710 6718 6316 19
6309 6711 6719 6317 6310 6712 6720 6318 19
6310 6712 6720 6318 6311 6713 6721 6319 19
6311 6713 6721 6319 6312 6714 6722 6320 19
6312 6714 6722 6320 6313 6715 6723 6321 19
6313 6715 6723 6321 6314 6716 6724 6322 19
6314 6716 6724 6322 6315 6717 6725 6323 19
6315 6717 6725 6323 6316 6718 6726 6324 19
6317 6719 6727 6325 6318 6720 6728 6326 19
6318 6720 6728 6326 6319 6721 6729 6327 19
6319 6721 6729 6327 6320 6722 6730 6328 19
6320 6722 6730 6328 6321 6723 6731 6329 19
6321 6723 6731 6329 6322 6724 6732 6330 19
6322 6724 6732 6330 6323 6725 6733 6331 19
6323 6725 6733 6331 6324 6726 6734 6332 19
6325 6727 6735 6333 6326 6728 6736 6334 19
6326 6728 6736 6334 6327 6729 6737 6335 19
6327 6729 6737 6335 6328 6730 6738 6336 19
6328 6730 6738 6336 6329 6731 6739 6337 19
6329 6731 6739 6337 6330 6732 6740 6338 19
6330 6732 6740 6338 6331 6733 6741 6339 19
6331 6733 6741 6339 6332 6734 6742 6340 19
6333 6735 6743 6341 6334 6736 6744 6342 11
6334 6736 6744 6342 6335 6737 6745 6343 11
6335 6737 6745 6343 6336 6738 6746 6344 11
6336 6738 6746 6344 6337 6739 6747 6345 11
6337 6739 6747 6345 6338 6740 6748 6346 11
6338 6740 6748 6346 6339 6741 6749 6347 11
6339 6741 6749 6347 6340 6742 6750 6348 11
6349 6751 6752 6350 6351 6753 6754 6352 19
6351 6753 6754 6352 6353 6755 6756 6354 20
6353 6755 6756 6354 6355 6757 6758 6356 20
6355 6757 6758 6356 6357 6759 6760 6358 20
6357 6759 6760 6358 6359 6761 6762 6360 19
6359 6761 6762 6360 6361 6763 6764 6362 19
6361 6763 6764 6362 6363 6765 6766 6364 19
6363 6765 6766 6364 6365 6767 6768 6366 3
6365 6767 6768 6366 6367 6769 6770 6368 3
6367 6769 6770 6368 6369 6771 6772 6370 3
6350 6752 6773 6371 6352 6754 6774 6372 19
6352 6754 6774 6372 6354 6756 6775 6373 20
6354 6756 6775 6373 6356 6758 6776 6374 20
6356 6758 6776 6374 6358 6760 6777 6375 20
6358 6760 6777 6375 6360 6762 6778 6376 19
6360 6762 6778 6376 6362 6764 6779 6377 19
6362 6764 6779 6377 6364 6766 6780 6378 19
6364 6766 6780 6378 6366 6768 6781 6379 3
6366 6768 6781 6379 6368 6770 6782 6380 3
6368 6770 6782 6380 6370 6772 6783 6381 3
6371 6773 6784 6382 6372 6774 6785 6383 19
6372 6774 6785 6383 6373 6775 6786 6384 20
6373 6775 6786 6384 6374 6776 6787 6385 20
6374 6776 6787 6385 6375 6777 6788 6386 20
6375 6777 6788 6386 6376 6778 6789 6387 19
6376 6778 6789 6387 6377 6779 6790 6388 19
6377 6779 6790 6388 6378 6780 6791 6389 19
6378 6780 6791 6389 6379 6781 6792 6390 3
6379 6781 6792 6390 6380 6782 6793 6391 3
6380 6782 6793 6391 6381 6783 6794 6392 3
6382 6784 6795 6393 6383 6785 6796 6394 19
6383 6785 6796 6394 6384 6786 6797 6395 20
6384 6786 6797 6395 6385 6787 6798 6396 20
6385 6787 6798 6396 6386 6788 6799 6397 20
6386 6788 6799 6397 6387 6789 6800 6398 19
6387 6789 6800 6398 6388 6790 6801 6399 19
6388 6790 6801 6399 6389 6791 6802 6400 19
6389 6791 6802 6400 6390 6792 6803 6401 3
6390 6792 6803 6401 6391 6793 6804 6402 3
6391 6793 6804 6402 6392 6794 6805 6403 3
6393 6795 6806 6404 6394 6796 6807 6405 19
6394 6796 6807 6405 6395 6797 6808 6406 20
6395 6797 6808 6406 6396 6798 6809 6407 20
6396 6798 6809 6407 6397 6799 6810 6408 20
6397 6799 6810 6408 6398 6800 6811 6409 19
6398 6800 6811 6409 6399 6801 6812 6410 19
6399 6801 6812 6410 6400 6802 6813 6411 19
6400 6802 6813 6411 6401 6803 6814 6412 3
6401 6803 6814 6412 6402 6804 6815 6413 3
6402 6804 6815 6413 6403 6805 6816 6414 3
6404 6806 6817 6415 6405 6807 6818 6416 19
6405 6807 6818 6416 6406 6808 6819 6417 20
6406 6808 6819 6417 6407 6809 6820 6418 20
6407 6809 6820 6418 6408 6810 6821 6419 20
6408 6810 6821 6419 6409 6811 6822 6420 19
6409 6811 6822 6420 6410 6812 6823 6421 19
6410 6812 6823 6421 6411 6813 6824 6422 19
6411 6813 6824 6422 6412 6814 6825 6423 3
6412 6814 6825 6423 6413 6815 6826 6424 3
6413 6815 6826 6424 6414 6816 6827 6425 3
6415 6817 6828 6426 6416 6818 6829 6427 19
6416 6818 6829 6427 6417 6819 6830 6428 20
6417 6819 6830 6428 6418 6820 6831 6429 20
6418 6820 6831 6429 6419 6821 6832 6430 20
6419 6821 6832 6430 6420 6822 6833 6431 19
6420 6822 6833 6431 6421 6823 6834 6432 19
6421 6823 6834 6432 6422 6824 6835 6433 19
6422 6824 6835 6433 6423 6825 6836 6434 3
6423 6825 6836 6434 6424 6826 6837 6435 3
6424 6826 6837 6435 6425 6827 6838 6436 3
6426 6828 6839 6437 6427 6829 6840 6438 19
6427 6829 6840 6438 6428 6830 6841 6439 20
6428 6830 6841 6439 6429 6831 6842 6440 20
6429 6831 6842 6440 6430 6832 6843 6441 20
6430 6832 6843 6441 6431 6833 6844 6442 19
6431 6833 6844 6442 6432 6834 6845 6443 19
6432 6834 6845 6443 6433 6835 6846 6444 19
6433 6835 6846 6444 6434 6836 6847 6445 3
6434 6836 6847 6445 6435 6837 6848 6446 3
6435 6837 6848 6446 6436 6838 6849 6447 3
6437 6839 6850 6448 6438 6840 6851 6449 19
6438 6840 6851 6449 6439 6841 6852 6450 20
6439 6841 6852 6450 6440 6842 6853 6451 20
6440 6842 6853 6451 6441 6843 6854 6452 20
6441 6843 6854 6452 6442 6844 6855 6453 19
6442 6844 6855 6453 6443 6845 6856 6454 19
6443 6845 6856 6454 6444 6846 6857 6455 19
6444 6846 6857 6455 6445 6847 6858 6456 3
6445 6847 6858 6456 6446 6848 6859 6457 3
6446 6848 6859 6457 6447 6849 6860 6458 3
6448 6850 6861 6459 6449 6851 6862 6460 19
6449 6851 6862 6460 6450 6852 6863 6461 20
6450 6852 6863 6461 6451 6853 6864 6462 20
6451 6853 6864 6462 6452 6854 6865 6463 20
6452 6854 6865 6463 6453 6855 6866 6464 19
6453 6855 6866 6464 6454 6856 6867 6465 19
6454 6856 6867 6465 6455 6857 6868 6466 19
6455 6857 6868 6466 6456 6858 6869 6467 3
6456 6858 6869 6467 6457 6859 6870 6468 3
6457 6859 6870 6468 6458 6860 6871 6469 3
6459 6861 6872 6470 6460 6862 6873 6471 19
6460 6862 6873 6471 6461 6863 6874 6472 20
6461 6863 6874 6472 6462 6864 6875 6473 20
6462 6864 6875 6473 6463 6865 6876 6474 26
6463 6865 6876 6474 6464 6866 6877 6475 26
6464 6866 6877 6475 6465 6867 6878 6476 26
6465 6867 6878 6476 6466 6868 6879 6477 19
6466 6868 6879 6477 6467 6869 6880 6478 3
6467 6869 6880 6478 6468 6870 6881 6479 3
6468 6870 6881 6479 6469 6871 6882 6480 3
6470 6872 6883 6481 6471 6873 6884 6482 19
6471 6873 6884 6482 6472 6874 6885 6483 20
6472 6874 6885 6483 6473 6875 6886 6484 20
6473 6875 6886 6484 6474 6876 6887 6485 26
6474 6876 6887 6485 6475 6877 6888 6486 26
6475 6877 6888 6486 6476 6878 6889 6487 26
6476 6878 6889 6487 6477 6879 6890 6488 19
6477 6879 6890 6488 6478 6880 6891 6489 3
6478 6880 6891 6489 6479 6881 6892 6490 3
6479 6881 6892 6490 6480 6882 6893 6491 3
6481 6883 6894 6492 6482 6884 6895 6493 19
6482 6884 6895 6493 6483 6885 6896 6494 19
6483 6885 6896 6494 6484 6886 6897 6495 19
6484 6886 6897 6495 6485 6887 6898 6496 26
6485 6887 6898 6496 6486 6888 6899 6497 26
6486 6888 6899 6497 6487 6889 6900 6498 26
6487 6889 6900 6498 6488 6890 6901 6499 19
6488 6890 6901 6499 6489 6891 6902 6500 3
6489 6891 6902 6500 6490 6892 6903 6501 3
6490 6892 6903 6501 6491 6893 6904 6502 3
6492 6894 6905 6503 6493 6895 6906 6504 19
6493 6895 6906 6504 6494 6896 6907 6505 19
6494 6896 6907 6505 6495 6897 6908 6506 19
6495 6897 6908 6506 6496 6898 6909 6507 26
6496 6898 6909 6507 6497 6899 6910 6508 26
6497 6899 6910 6508 6498 6900 6911 6509 26
6498 6900 6911 6509 6499 6901 6912 6510 19
6503 6905 6913 6511 6504 6906 6914 6512 19
6504 6906 6914 6512 6505 6907 6915 6513 19
6505 6907 6915 6513 6506 6908 6916 6514 19
6506 6908 6916 6514 6507 6909 6917 6515 26
6507 6909 6917 6515 6508 6910 6918 6516 26
6508 6910 6918 6516 6509 6911 6919 6517 26
6509 6911 6919 6517 6510 6912 6920 6518 19
6511 6913 6921 6519 6512 6914 6922 6520 19
6512 6914 6922 6520 6513 6915 6923 6521 19
6513 6915 6923 6521 6514 6916 6924 6522 19
6514 6916 6924 6522 6515 6917 6925 6523 26
6515 6917 6925 6523 6516 6918 6926 6524 26
6516 6918 6926 6524 6517 6919 6927 6525 26
6517 6919 6927 6525 6518 6920 6928 6526 19
6519 6921 6929 6527 6520 6922 6930 6528 19
6520 6922 6930 6528 6521 6923 6931 6529 19
6521 6923 6931 6529 6522 6924 6932 6530 19
6522 6924 6932 6530 6523 6925 6933 6531 26
6523 6925 6933 6531 6524 6926 6934 6532 26
6524 6926 6934 6532 6525 6927 6935 6533 26
6525 6927 6935 6533 6526 6928 6936 6534 19
6527 6929 6937 6535 6528 6930 6938 6536 19
6528 6930 6938 6536 6529 6931 6939 6537 19
6529 6931 6939 6537 6530 6932 6940 6538 19
6530 6932 6940 6538 6531 6933 6941 6539 26
6531 6933 6941 6539 6532 6934 6942 6540 26
6532 6934 6942 6540 6533 6935 6943 6541 26
6533 6935 6943 6541 6534 6936 6944 6542 19
6535 6937 6945 6543 6536 6938 6946 6544 19
6536 6938 6946 6544 6537 6939 6947 6545 19
6537 6939 6947 6545 6538 6940 6948 6546 19
6538 6940 6948 6546 6539 6941 6949 6547 26
6539 6941 6949 6547 6540 6942 6950 6548 26
6540 6942 6950 6548 6541 6943 6951 6549 26
6541 6943 6951 6549 6542 6944 6952 6550 19
6543 6945 6953 6551 6544 6946 6954 6552 19
6544 6946 6954 6552 6545 6947 6955 6553 19
6545 6947 6955 6553 6546 6948 6956 6554 19
6546 6948 6956 6554 6547 6949 6957 6555 26
6547 6949 6957 6555 6548 6950 6958 6556 26
6548 6950 6958 6556 6549 6951 6959 6557 26
6549 6951 6959 6557 6550 6952 6960 6558 19
6551 6953 6961 6559 6552 6954 6962 6560 19
6552 6954 6962 6560 6553 6955 6963 6561 19
6553 6955 6963 6561 6554 6956 6964 6562 19
6554 6956 6964 6562 6555 6957 6965 6563 26
6555 6957 6965 6563 6556 6958 6966 6564 26
6556 6958 6966 6564 6557 6959 6967 6565 26
6557 6959 6967 6565 6558 6960 6968 6566 19
6559 6961 6969 6567 6560 6962 6970 6568 19
6560 6962 6970 6568 6561 6963 6971 6569 19
6561 6963 6971 6569 6562 6964 6972 6570 19
6562 6964 6972 6570 6563 6965 6973 6571 26
6563 6965 6973 6571 6564 6966 6974 6572 26
6564 6966 6974 6572 6565 6967 6975 6573 26
6565 6967 6975 6573 6566 6968 6976 6574 19
6567 6969 6977 6575 6568 6970 6978 6576 19
6568 6970 6978 6576 6569 6971 6979 6577 19
6569 6971 6979 6577 6570 6972 6980 6578 19
6570 6972 6980 6578 6571 6973 6981 6579 26
6571 6973 6981 6579 6572 6974 6982 6580 26
6572 6974 6982 6580 6573 6975 6983 6581 26
6573 6975 6983 6581 6574 6976 6984 6582 19
6575 6977 6985 6583 6576 6978 6986 6584 19
6576 6978 6986 6584 6577 6979 6987 6585 19
6577 6979 6987 6585 6578 6980 6988 6586 19
6578 6980 6988 6586 6579 6981 6989 6587 26
6579 6981 6989 6587 6580 6982 6990 6588 26
6580 6982 6990 6588 6581 6983 6991 6589 26
6581 6983 6991 6589 6582 6984 6992 6590 19
6583 6985 6993 6591 6584 6986 6994 6592 19
6584 6986 6994 6592 6585 6987 6995 6593 19
6585 6987 6995 6593 6586 6988 6996 6594 19
6586 6988 6996 6594 6587 6989 6997 6595 26
6587 6989 6997 6595 6588 6990 6998 6596 26
6588 6990 6998 6596 6589 6991 6999 6597 26
6589 6991 6999 6597 6590 6992 7000 6598 19
6591 6993 7001 6599 6592 6994 7002 6600 19
6592 6994 7002 6600 6593 6995 7003 6601 19
6593 6995 7003 6601 6594 6996 7004 6602 19
6594 6996 7004 6602 6595 6997 7005 6603 26
6595 6997 7005 6603 6596 6998 7006 6604 26
6596 6998 7006 6604 6597 6999 7007 6605 26
6597 6999 7007 6605 6598 7000 7008 6606 19
6599 7001 7009 6607 6600 7002 7010 6608 19
6600 7002 7010 6608 6601 7003 7011 6609 19
6601 7003 7011 6609 6602 7004 7012 6610 19
6602 7004 7012 6610 6603 7005 7013 6611 26
6603 7005 7013 6611 6604 7006 7014 6612 26
6604 7006 7014 6612 6605 7007 7015 6613 26
6605 7007 7015 6613 6606 7008 7016 6614 19
6607 7009 7017 6615 6608 7010 7018 6616 19
6608 7010 7018 6616 6609 7011 7019 6617 19
6609 7011 7019 6617 6610 7012 7020 6618 19
6610 7012 7020 6618 6611 7013 7021 6619 26
6611 7013 7021 6619 6612 7014 7022 6620 26
6612 7014 7022 6620 6613 7015 7023 6621 26
6613 7015 7023 6621 6614 7016 7024 6622 19
6615 7017 7025 6623 6616 7018 7026 6624 19
6616 7018 7026 6624 6617 7019 7027 6625 19
6617 7019 7027 6625 6618 7020 7028 6626 19
6618 7020 7028 6626 6619 7021 7029 6627 26
6619 7021 7029 6627 6620 7022 7030 6628 26
6620 7022 7030 6628 6621 7023 7031 6629 26
6621 7023 7031 6629 6622 7024 7032 6630 19
6623 7025 7033 6631 6624 7026 7034 6632 19
6624 7026 7034 6632 6625 7027 7035 6633 19
6625 7027 7035 6633 6626 7028 7036 6634 19
6626 7028 7036 6634 6627 7029 7037 6635 26
6627 7029 7037 6635 6628 7030 7038 6636 26
6628 7030 7038 6636 6629 7031 7039 6637 26
6629 7031 7039 6637 6630 7032 7040 6638 19
6631 7033 7041 6639 6632 7034 7042 6640 19
6632 7034 7042 6640 6633 7035 7043 6641 19
6633 7035 7043 6641 6634 7036 7044 6642 19
6634 7036 7044 6642 6635 7037 7045 6643 26
6635 7037 7045 6643 6636 7038 7046 6644 26
6636 7038 7046 6644 6637 7039 7047 6645 26
6637 7039 7047 6645 6638 7040 7048 6646 19
6639 7041 7049 6647 6640 7042 7050 6648 19
6640 7042 7050 6648 6641 7043 7051 6649 19
6641 7043 7051 6649 6642 7044 7052 6650 19
6642 7044 7052 6650 6643 7045 7053 6651 26
6643 7045 7053 6651 6644 7046 7054 6652 26
6644 7046 7054 6652 6645 7047 7055 6653 26
6645 7047 7055 6653 6646 7048 7056 6654 19
6647 7049 7057 6655 6648 7050 7058 6656 19
6648 7050 7058 6656 6649 7051 7059 6657 19
6649 7051 7059 6657 6650 7052 7060 6658 19
6650 7052 7060 6658 6651 7053 7061 6659 19
6651 7053 7061 6659 6652 7054 7062 6660 19
6652 7054 7062 6660 6653 7055 7063 6661 19
6653 7055 7063 6661 6654 7056 7064 6662 19
6655 7057 7065 6663 6656 7058 7066 6664 19
6656 7058 7066 6664 6657 7059 7067 6665 19
6657 7059 7067 6665 6658 7060 7068 6666 19
6658 7060 7068 6666 6659 7061 7069 6667 19
6659 7061 7069 6667 6660 7062 7070 6668 19
6660 7062 7070 6668 6661 7063 7071 6669 19
6661 7063 7071 6669 6662 7064 7072 6670 19
6663 7065 7073 6671 6664 7066 7074 6672 19
6664 7066 7074 6672 6665 7067 7075 6673 19
6665 7067 7075 6673 6666 7068 7076 6674 19
6666 7068 7076 6674 6667 7069 7077 6675 19
6667 7069 7077 6675 6668 7070 7078 6676 19
6668 7070 7078 6676 6669 7071 7079 6677 19
6669 7071 7079 6677 6670 7072 7080 6678 19
6671 7073 7081 6679 6672 7074 7082 6680 19
6672 7074 7082 6680 6673 7075 7083 6681 19
6673 7075 7083 6681 6674 7076 7084 6682 19
6674 7076 7084 6682 6675 7077 7085 6683 19
6675 7077 7085 6683 6676 7078 7086 6684 19
6676 7078 7086 6684 6677 7079 7087 6685 19
6677 7079 7087 6685 6678 7080 7088 6686 19
6679 7081 7089 6687 6680 7082 7090 6688 19
6680 7082 7090 6688 6681 7083 7091 6689 19
6681 7083 7091 6689 6682 7084 7092 6690 19
6682 7084 7092 6690 6683 7085 7093 6691 19
6683 7085 7093 6691 6684 7086 7094 6692 19
6684 7086 7094 6692 6685 7087 7095 6693 19
6685 7087 7095 6693 6686 7088 7096 6694 19
6687 7089 7097 6695 6688 7090 7098 6696 19
6688 7090 7098 6696 6689 7091 7099 6697 19
6689 7091 7099 6697 6690 7092 7100 6698 19
6690 7092 7100 6698 6691 7093 7101 6699 19
6691 7093 7101 6699 6692 7094 7102 6700 19
6692 7094 7102 6700 6693 7095 7103 6701 19
6693 7095 7103 6701 6694 7096 7104 6702 19
6695 7097 7105 6703 6696 7098 7106 6704 19
6696 7098 7106 6704 6697 7099 7107 6705 19
6697 7099 7107 6705 6698 7100 7108 6706 19
6698 7100 7108 6706 6699 7101 7109 6707 19
6699 7101 7109 6707 6700 7102 7110 6708 19
6700 7102 7110 6708 6701 7103 7111 6709 19
6701 7103 7111 6709 6702 7104 7112 6710 19
6703 7105 7113 6711 6704 7106 7114 6712 19
6704 7106 7114 6712 6705 7107 7115 6713 19
6705 7107 7115 6713 6706 7108 7116 6714 19
6706 7108 7116 6714 6707 7109 7117 6715 19
6707 7109 7117 6715 6708 7110 7118 6716 19
6708 7110 7118 6716 6709 7111 7119 6717 19
6709 7111 7119 6717 6710 7112 7120 6718 19
6711 7113 7121 6719 6712 7114 7122 6720 19
6712 7114 7122 6720 6713 7115 7123 6721 19
6713 7115 7123 6721 6714 7116 7124 6722 19
6714 7116 7124 6722 6715 7117 7125 6723 19
6715 7117 7125 6723 6716 7118 7126 6724 19
6716 7118 7126 6724 6717 7119 7127 6725 19
6717 7119 7127 6725 6718 7120 7128 6726 19
6719 7121 7129 6727 6720 7122 7130 6728 19
6720 7122 7130 6728 6721 7123 7131 6729 19
6721 7123 7131 6729 6722 7124 7132 6730 19
6722 7124 7132 6730 6723 7125 7133 6731 19
6723 7125 7133 6731 6724 7126 7134 6732 19
6724 7126 7134 6732 6725 7127 7135 6733 19
6725 7127 7135 6733 6726 7128 7136 6734 19
6727 7129 7137 6735 6728 7130 7138 6736 19
6728 7130 7138 6736 6729 7131 7139 6737 19
6729 7131 7139 6737 6730 7132 7140 6738 19
6730 7132 7140 6738 6731 7133 7141 6739 19
6731 7133 7141 6739 6732 7134 7142 6740 19
6732 7134 7142 6740 6733 7135 7143 6741 19
6733 7135 7143 6741 6734 7136 7144 6742 19
6735 7137 7145 6743 6736 7138 7146 6744 11
6736 7138 7146 6744 6737 7139 7147 6745 11
6737 7139 7147 6745 6738 7140 7148 6746 11
6738 7140 7148 6746 6739 7141 7149 6747 11
6739 7141 7149 6747 6740 7142 7150 6748 11
6740 7142 7150 6748 6741 7143 7151 6749 11
6741 7143 7151 6749 6742 7144 7152 6750 11
6751 7153 7154 6752 6753 7155 7156 6754 19
6753 7155 7156 6754 6755 7157 7158 6756 20
6755 7157 7158 6756 6757 7159 7160 6758 20
6757 7159 7160 6758 6759 7161 7162 6760 20
6759 7161 7162 6760 6761 7163 7164 6762 19
6761 7163 7164 6762 6763 7165 7166 6764 19
6763 7165 7166 6764 6765 7167 7168 6766 19
6765 7167 7168 6766 6767 7169 7170 6768 3
6767 7169 7170 6768 6769 7171 7172 6770 3
6769 7171 7172 6770 6771 7173 7174 6772 3
6752 7154 7175 6773 6754 7156 7176 6774 19
6754 7156 7176 6774 6756 7158 7177 6775 20
6756 7158 7177 6775 6758 7160 7178 6776 20
6758 7160 7178 6776 6760 7162 7179 6777 20
6760 7162 7179 6777 6762 7164 7180 6778 19
6762 7164 7180 6778 6764 7166 7181 6779 19
6764 7166 7181 6779 6766 7168 7182 6780 19
6766 7168 7182 6780 6768 7170 7183 6781 3
6768 7170 7183 6781 6770 7172 7184 6782 3
6770 7172 7184 6782 6772 7174 7185 6783 3
6773 7175 7186 6784 6774 7176 7187 6785 19
6774 7176 7187 6785 6775 7177 7188 6786 20
6775 7177 7188 6786 6776 7178 7189 6787 20
6776 7178 7189 6787 6777 7179 7190 6788 20
6777 7179 7190 6788 6778 7180 7191 6789 19
6778 7180 7191 6789 6779 7181 7192 6790 19
6779 7181 7192 6790 6780 7182 7193 6791 19
6780 7182 7193 6791 6781 7183 7194 6792 3
6781 7183 7194 6792 6782 7184 7195 6793 3
6782 7184 7195 6793 6783 7185 7196 6794 3
6784 7186 7197 6795 6785 7187 7198 6796 19
6785 7187 7198 6796 6786 7188 7199 6797 20
6786 7188 7199 6797 6787 7189 7200 6798 20
6787 7189 7200 6798 6788 7190 7201 6799 20
6788 7190 7201 6799 6789 7191 7202 6800 19
6789 7191 7202 6800 6790 7192 7203 6801 19
6790 7192 7203 6801 6791 7193 7204 6802 19
6791 7193 7204 6802 6792 7194 7205 6803 3
6792 7194 7205 6803 6793 7195 7206 6804 3
6793 7195 7206 6804 6794 7196 7207 6805 3
6795 7197 7208 6806 6796 7198 7209 6807 19
6796 7198 7209 6807 6797 7199 7210 6808 20
6797 7199 7210 6808 6798 7200 7211 6809 20
6798 7200 7211 6809 6799 7201 7212 6810 20
6799 7201 7212 6810 6800 7202 7213 6811 19
6800 7202 7213 6811 6801 7203 7214 6812 19
6801 7203 7214 6812 6802 7204 7215 6813 19
6802 7204 7215 6813 6803 7205 7216 6814 3
6803 7205 7216 6814 6804 7206 7217 6815 3
6804 7206 7217 6815 6805 7207 7218 6816 3
6806 7208 7219 6817 6807 7209 7220 6818 19
6807 7209 7220 6818 6808 7210 7221 6819 20
6808 7210 7221 6819 6809 7211 7222 6820 20
6809 7211 7222 6820 6810 7212 7223 6821 20
6810 7212 7223 6821 6811 7213 7224 6822 19
6811 7213 7224 6822 6812 7214 7225 6823 19
6812 7214 7225 6823 6813 7215 7226 6824 19
6813 7215 7226 6824 6814 7216 7227 6825 3
6814 7216 7227 6825 6815 7217 7228 6826 3
6815 7217 7228 6826 6816 7218 7229 6827 3
6817 7219 7230 6828 6818 7220 7231 6829 19
6818 7220 7231 6829 6819 7221 7232 6830 20
6819 7221 7232 6830 6820 7222 7233 6831 20
6820 7222 7233 6831 6821 7223 7234 6832 20
6821 7223 7234 6832 6822 7224 7235 6833 19
6822 7224 7235 6833 6823 7225 7236 6834 19
6823 7225 7236 6834 6824 7226 7237 6835 19
6824 7226 7237 6835 6825 7227 7238 6836 3
6825 7227 7238 6836 6826 7228 7239 6837 3
6826 7228 7239 6837 6827 7229 7240 6838 3
6828 7230 7241 6839 6829 7231 7242 6840 19
6829 7231 7242 6840 6830 7232 7243 6841 20
6830 7232 7243 6841 6831 7233 7244 6842 20
6831 7233 7244 6842 6832 7234 7245 6843 20
6832 7234 7245 6843 6833 7235 7246 6844 19
6833 7235 7246 6844 6834 7236 7247 6845 19
6834 7236 7247 6845 6835 7237 7248 6846 19
6835 7237 7248 6846 6836 7238 7249 6847 3
6836 7238 7249 6847 6837 7239 7250 6848 3
6837 7239 7250 6848 6838 7240 7251 6849 3
6839 7241 7252 6850 6840 7242 7253 6851 19
6840 7242 7253 6851 6841 7243 7254 6852 20
6841 7243 7254 6852 6842 7244 7255 6853 20
6842 7244 7255 6853 6843 7245 7256 6854 20
6843 7245 7256 6854 6844 7246 7257 6855 19
6844 7246 7257 6855 6845 7247 7258 6856 19
6845 7247 7258 6856 6846 7248 7259 6857 19
6846 7248 7259 6857 6847 7249 7260 6858 3
6847 7249 7260 6858 6848 7250 7261 6859 3
6848 7250 7261 6859 6849 7251 7262 6860 3
6850 7252 7263 6861 6851 7253 7264 6862 19
6851 7253 7264 6862 6852 7254 7265 6863 20
6852 7254 7265 6863 6853 7255 7266 6864 20
6853 7255 7266 6864 6854 7256 7267 6865 20
6854 7256 7267 6865 6855 7257 7268 6866 19
6855 7257 7268 6866 6856 7258 7269 6867 19
6856 7258 7269 6867 6857 7259 7270 6868 19
6857 7259 7270 6868 6858 7260 7271 6869 3
6858 7260 7271 6869 6859 7261 7272 6870 3
6859 7261 7272 6870 6860 7262 7273 6871 3
6861 7263 7274 6872 6862 7264 7275 6873 19
6862 7264 7275 6873 6863 7265 7276 6874 20
6863 7265 7276 6874 6864 7266 7277 6875 20
6864 7266 7277 6875 6865 7267 7278 6876 26
6865 7267 7278 6876 6866 7268 7279 6877 26
6866 7268 7279 6877 6867 7269 7280 6878 26
6867 7269 7280 6878 6868 7270 7281 6879 19
6868 7270 7281 6879 6869 7271 7282 6880 3
6869 7271 7282 6880 6870 7272 7283 6881 3
6870 7272 7283 6881 6871 7273 7284 6882 3
6872 7274 7285 6883 6873 7275 7286 6884 19
6873 7275 7286 6884 6874 7276 7287 6885 20
6874 7276 7287 6885 6875 7277 7288 6886 20
6875 7277 7288 6886 6876 7278 7289 6887 26
6876 7278 7289 6887 6877 7279 7290 6888 26
6877 7279 7290 6888 6878 7280 7291 6889 26
6878 7280 7291 6889 6879 7281 7292 6890 19
6879 7281 7292 6890 6880 7282 7293 6891 3
6880 7282 7293 6891 6881 7283 7294 6892 3
6881 7283 7294 6892 6882 7284 7295 6893 3
6883 7285 7296 6894 6884 7286 7297 6895 19
6884 7286 7297 6895 6885 7287 7298 6896 19
6885 7287 7298 6896 6886 7288 7299 6897 19
6886 7288 7299 6897 6887 7289 7300 6898 26
6887 7289 7300 6898 6888 7290 7301 6899 26
6888 7290 7301 6899 6889 7291 7302 6900 26
6889 7291 7302 6900 6890 7292 7303 6901 19
6890 7292 7303 6901 6891 7293 7304 6902 3
6891 7293 7304 6902 6892 7294 7305 6903 3
6892 7294 7305 6903 6893 7295 7306 6904 3
6894 7296 7307 6905 6895 7297 7308 6906 19
6895 7297 7308 6906 6896 7298 7309 6907 19
6896 7298 7309 6907 6897 7299 7310 6908 19
6897 7299 7310 6908 6898 7300 7311 6909 26
6898 7300 7311 6909 6899 7301 7312 6910 26
6899 7301 7312 6910 6900 7302 7313 6911 26
6900 7302 7313 6911 6901 7303 7314 6912 19
6905 7307 7315 6913 6906 7308 7316 6914 19
6906 7308 7316 6914 6907 7309 7317 6915 19
6907 7309 7317 6915 6908 7310 7318 6916 19
6908 7310 7318 6916 6909 7311 7319 6917 26
6909 7311 7319 6917 6910 7312 7320 6918 26
6910 7312 7320 6918 6911 7313 7321 6919 26
6911 7313 7321 6919 6912 7314 7322 6920 19
6913 7315 7323 6921 6914 7316 7324 6922 19
6914 7316 7324 6922 6915 7317 7325 6923 19
6915 7317 7325 6923 6916 7318 7326 6924 19
6916 7318 7326 6924 6917 7319 7327 6925 26
6917 7319 7327 6925 6918 7320 7328 6926 26
6918 7320 7328 6926 6919 7321 7329 6927 26
6919 7321 7329 6927 6920 7322 7330 6928 19
6921 7323 7331 6929 6922 7324 7332 6930 19
6922 7324 7332 6930 6923 7325 7333 6931 19
6923 7325 7333 6931 6924 7326 7334 6932 19
6924 7326 7334 6932 6925 7327 7335 6933 26
6925 7327 7335 6933 6926 7328 7336 6934 26
6926 7328 7336 6934 6927 7329 7337 6935 26
6927 7329 7337 6935 6928 7330 7338 6936 19
6929 7331 7339 6937 6930 7332 7340 6938 19
6930 7332 7340 6938 6931 7333 7341 6939 19
6931 7333 7341 6939 6932 7334 7342 6940 19
6932 7334 7342 6940 6933 7335 7343 6941 26
6933 7335 7343 6941 6934 7336 7344 6942 26
6934 7336 7344 6942 6935 7337 7345 6943 26
6935 7337 7345 6943 6936 7338 7346 6944 19
6937 7339 7347 6945 6938 7340 7348 6946 19
6938 7340 7348 6946 6939 7341 7349 6947 19
6939 7341 7349 6947 6940 7342 7350 6948 19
6940 7342 7350 6948 6941 7343 7351 6949 26
6941 7343 7351 6949 6942 7344 7352 6950 26
6942 7344 7352 6950 6943 7345 7353 6951 26
6943 7345 7353 6951 6944 7346 7354 6952 19
6945 7347 7355 6953 6946 7348 7356 6954 19
6946 7348 7356 6954 6947 7349 7357 6955 19
6947 7349 7357 6955 6948 7350 7358 6956 19
6948 7350 7358 6956 6949 7351 7359 6957 26
6949 7351 7359 6957 6950 7352 7360 6958 26
6950 7352 7360 6958 6951 7353 7361 6959 26
6951 7353 7361 6959 6952 7354 7362 6960 19
6953 7355 7363 6961 6954 7356 7364 6962 19
6954 7356 7364 6962 6955 7357 7365 6963 19
6955 7357 7365 6963 6956 7358 7366 6964 19
6956 7358 7366 6964 6957 7359 7367 6965 26
6957 7359 7367 6965 6958 7360 7368 6966 26
6958 7360 7368 6966 6959 7361 7369 6967 26
6959 7361 7369 6967 6960 7362 7370 6968 19
6961 7363 7371 6969 6962 7364 7372 6970 19
6962 7364 7372 6970 6963 7365 7373 6971 19
6963 7365 7373 6971 6964 7366 7374 6972 19
6964 7366 7374 6972 6965 7367 7375 6973 26
6965 7367 7375 6973 6966 7368 7376 6974 26
6966 7368 7376 6974 6967 7369 7377 6975 26
6967 7369 7377 6975 6968 7370 7378 6976 19
6969 7371 7379 6977 6970 7372 7380 6978 19
6970 7372 7380 6978 6971 7373 7381 6979 19
6971 7373 7381 6979 6972 7374 7382 6980 19
6972 7374 7382 6980 6973 7375 7383 6981 26
6973 7375 7383 6981 6974 7376 7384 6982 26
6974 7376 7384 6982 6975 7377 7385 6983 26
6975 7377 7385 6983 6976 7378 7386 6984 19
6977 7379 7387 6985 6978 7380 7388 6986 19
6978 7380 7388 6986 6979 7381 7389 6987 19
6979 7381 7389 6987 6980 7382 7390 6988 19
6980 7382 7390 6988 6981 7383 7391 6989 26
6981 7383 7391 6989 6982 7384 7392 6990 26
6982 7384 7392 6990 6983 7385 7393 6991 26
6983 7385 7393 6991 6984 7386 7394 6992 19
6985 7387 7395 6993 6986 7388 7396 6994 19
6986 7388 7396 6994 6987 7389 7397 6995 19
6987 7389 7397 6995 6988 7390 7398 6996 19
6988 7390 7398 6996 6989 7391 7399 6997 26
6989 7391 7399 6997 6990 7392 7400 6998 26
6990 7392 7400 6998 6991 7393 7401 6999 26
6991 7393 7401 6999 6992 7394 7402 7000 19
6993 7395 7403 7001 6994 7396 7404 7002 19
6994 7396 7404 7002 6995 7397 7405 7003 19
6995 7397 7405 7003 6996 7398 7406 7004 19
6996 7398 7406 7004 6997 7399 7407 7005 26
6997 7399 7407 7005 6998 7400 7408 7006 26
6998 7400 7408 7006 6999 7401 7409 7007 26
6999 7401 7409 7007 7000 7402 7410 7008 19
7001 7403 7411 7009 7002 7404 7412 7010 19
7002 7404 7412 7010 7003 7405 7413 7011 19
7003 7405 7413 7011 7004 7406 7414 7012 19
7004 7406 7414 7012 7005 7407 7415 7013 26
7005 7407 7415 7013 7006 7408 7416 7014 26
7006 7408 7416 7014 7007 7409 7417 7015 26
7007 7409 7417 7015 7008 7410 7418 7016 19
7009 7411 7419 7017 7010 7412 7420 7018 19
7010 7412 7420 7018 7011 7413 7421 7019 19
7011 7413 7421 7019 7012 7414 7422 7020 19
7012 7414 7422 7020 7013 7415 7423 7021 26
7013 7415 7423 7021 7014 7416 7424 7022 26
7014 7416 7424 7022 7015 7417 7425 7023 26
7015 7417 7425 7023 7016 7418 7426 7024 19
7017 7419 7427 7025 7018 7420 7428 7026 19
7018 7420 7428 7026 7019 7421 7429 7027 19
7019 7421 7429 7027 7020 7422 7430 7028 19
7020 7422 7430 7028 7021 7423 7431 7029 26
7021 7423 7431 7029 7022 7424 7432 7030 26
7022 7424 7432 7030 7023 7425 7433 7031 26
7023 7425 7433 7031 7024 7426 7434 7032 19
7025 7427 7435 7033 7026 7428 7436 7034 19
7026 7428 7436 7034 7027 7429 7437 7035 19
7027 7429 7437 7035 7028 7430 7438 7036 19
7028 7430 7438 7036 7029 7431 7439 7037 26
7029 7431 7439 7037 7030 7432 7440 7038 26
7030 7432 7440 7038 7031 7433 7441 7039 26
7031 7433 7441 7039 7032 7434 7442 7040 19
7033 7435 7443 7041 7034 7436 7444 7042 19
7034 7436 7444 7042 7035 7437 7445 7043 19
7035 7437 7445 7043 7036 7438 7446 7044 19
7036 7438 7446 7044 7037 7439 7447 7045 26
7037 7439 7447 7045 7038 7440 7448 7046 26
7038 7440 7448 7046 7039 7441 7449 7047 26
7039 7441 7449 7047 7040 7442 7450 7048 19
7041 7443 7451 7049 7042 7444 7452 7050 19
7042 7444 7452 7050 7043 7445 7453 7051 19
7043 7445 7453 7051 7044 7446 7454 7052 19
7044 7446 7454 7052 7045 7447 7455 7053 26
7045 7447 7455 7053 7046 7448 7456 7054 26
7046 7448 7456 7054 7047 7449 7457 7055 26
7047 7449 7457 7055 7048 7450 7458 7056 19
7049 7451 7459 7057 7050 7452 7460 7058 19
7050 7452 7460 7058 7051 7453 7461 7059 19
7051 7453 7461 7059 7052 7454 7462 7060 19
7052 7454 7462 7060 7053 7455 7463 7061 19
7053 7455 7463 7061 7054 7456 7464 7062 19
7054 7456 7464 7062 7055 7457 7465 7063 19
7055 7457 7465 7063 7056 7458 7466 7064 19
7057 7459 7467 7065 7058 7460 7468 7066 19
7058 7460 7468 7066 7059 7461 7469 7067 19
7059 7461 7469 7067 7060 7462 7470 7068 19
7060 7462 7470 7068 7061 7463 7471 7069 19
7061 7463 7471 7069 7062 7464 7472 7070 19
7062 7464 7472 7070 7063 7465 7473 7071 19
7063 7465 7473 7071 7064 7466 7474 7072 19
7065 7467 7475 7073 7066 7468 7476 7074 19
7066 7468 7476 7074 7067 7469 7477 7075 19
7067 7469 7477 7075 7068 7470 7478 7076 19
7068 7470 7478 7076 7069 7471 7479 7077 19
7069 7471 7479 7077 7070 7472 7480 7078 19
7070 7472 7480 7078 7071 7473 7481 7079 19
7071 7473 7481 7079 7072 7474 7482 7080 19
7073 7475 7483 7081 7074 7476 7484 7082 19
7074 7476 7484 7082 7075 7477 7485 7083 19
7075 7477 7485 7083 7076 7478 7486 7084 19
7076 7478 7486 7084 7077 7479 7487 7085 19
7077 7479 7487 7085 7078 7480 7488 7086 19
7078 7480 7488 7086 7079 7481 7489 7087 19
7079 7481 7489 7087 7080 7482 7490 7088 19
7081 7483 7491 7089 7082 7484 7492 7090 19
7082 7484 7492 7090 7083 7485 7493 7091 19
7083 7485 7493 7091 7084 7486 7494 7092 19
7084 7486 7494 7092 7085 7487 7495 7093 19
7085 7487 7495 7093 7086 7488 7496 7094 19
7086 7488 7496 7094 7087 7489 7497 7095 19
7087 7489 7497 7095 7088 7490 7498 7096 19
7089 7491 7499 7097 7090 7492 7500 7098 19
7090 7492 7500 7098 7091 7493 7501 7099 19
7091 7493 7501 7099 7092 7494 7502 7100 19
7092 7494 7502 7100 7093 7495 7503 7101 19
7093 7495 7503 7101 7094 7496 7504 7102 19
7094 7496 7504 7102 7095 7497 7505 7103 19
7095 7497 7505 7103 7096 7498 7506 7104 19
7097 7499 7507 7105 7098 7500 7508 7106 19
7098 7500 7508 7106 7099 7501 7509 7107 19
7099 7501 7509 7107 7100 7502 7510 7108 19
7100 7502 7510 7108 7101 7503 7511 7109 19
7101 7503 7511 7109 7102 7504 7512 7110 19
7102 7504 7512 7110 7103 7505 7513 7111 19
7103 7505 7513 7111 7104 7506 7514 7112 19
7105 7507 7515 7113 7106 7508 7516 7114 19
7106 7508 7516 7114 7107 7509 7517 7115 19
7107 7509 7517 7115 7108 7510 7518 7116 19
7108 7510 7518 7116 7109 7511 7519 7117 19
7109 7511 7519 7117 7110 7512 7520 7118 19
7110 7512 7520 7118 7111 7513 7521 7119 19
7111 7513 7521 7119 7112 7514 7522 7120 19
7113 7515 7523 7121 7114 7516 7524 7122 19
7114 7516 7524 7122 7115 7517 7525 7123 19
7115 7517 7525 7123 7116 7518 7526 7124 19
7116 7518 7526 7124 7117 7519 7527 7125 19
7117 7519 7527 7125 7118 7520 7528 7126 19
7118 7520 7528 7126 7119 7521 7529 7127 19
7119 7521 7529 7127 7120 7522 7530 7128 19
7121 7523 7531 7129 7122 7524 7532 7130 19
7122 7524 7532 7130 7123 7525 7533 7131 19
7123 7525 7533 7131 7124 7526 7534 7132 19
7124 7526 7534 7132 7125 7527 7535 7133 19
7125 7527 7535 7133 7126 7528 7536 7134 19
7126 7528 7536 7134 7127 7529 7537 7135 19
7127 7529 7537 7135 7128 7530 7538 7136 19
7129 7531 7539 7137 7130 7532 7540 7138 19
7130 7532 7540 7138 7131 7533 7541 7139 19
7131 7533 7541 7139 7132 7534 7542 7140 19
7132 7534 7542 7140 7133 7535 7543 7141 19
7133 7535 7543 7141 7134 7536 7544 7142 19
7134 7536 7544 7142 7135 7537 7545 7143 19
7135 7537 7545 7143 7136 7538 7546 7144 19
7137 7539 7547 7145 7138 7540 7548 7146 11
7138 7540 7548 7146 7139 7541 7549 7147 11
7139 7541 7549 7147 7140 7542 7550 7148 11
7140 7542 7550 7148 7141 7543 7551 7149 11
7141 7543 7551 7149 7142 7544 7552 7150 11
7142 7544 7552 7150 7143 7545 7553 7151 11
7143 7545 7553 7151 7144 7546 7554 7152 11
7153 7555 7556 7154 7155 7557 7558 7156 19
7155 7557 7558 7156 7157 7559 7560 7158 20
7157 7559 7560 7158 7159 7561 7562 7160 20
7159 7561 7562 7160 7161 7563 7564 7162 20
7161 7563 7564 7162 7163 7565 7566 7164 19
7163 7565 7566 7164 7165 7567 7568 7166 19
7165 7567 7568 7166 7167 7569 7570 7168 19
7154 7556 7571 7175 7156 7558 7572 7176 19
7156 7558 7572 7176 7158 7560 7573 7177 20
7158 7560 7573 7177 7160 7562 7574 7178 20
7160 7562 7574 7178 7162 7564 7575 7179 20
7162 7564 7575 7179 7164 7566 7576 7180 19
7164 7566 7576 7180 7166 7568 7577 7181 19
7166 7568 7577 7181 7168 7570 7578 7182 19
7175 7571 7579 7186 7176 7572 7580 7187 19
7176 7572 7580 7187 7177 7573 7581 7188 20
7177 7573 7581 7188 7178 7574 7582 7189 20
7178 7574 7582 7189 7179 7575 7583 7190 20
7179 7575 7583 7190 7180 7576 7584 7191 19
7180 7576 7584 7191 7181 7577 7585 7192 19
7181 7577 7585 7192 7182 7578 7586 7193 19
7186 7579 7587 7197 7187 7580 7588 7198 19
7187 7580 7588 7198 7188 7581 7589 7199 20
7188 7581 7589 7199 7189 7582 7590 7200 20
7189 7582 7590 7200 7190 7583 7591 7201 20
7190 7583 7591 7201 7191 7584 7592 7202 19
7191 7584 7592 7202 7192 7585 7593 7203 19
7192 7585 7593 7203 7193 7586 7594 7204 19
7197 7587 7595 7208 7198 7588 7596 7209 19
7198 7588 7596 7209 7199 7589 7597 7210 20
7199 7589 7597 7210 7200 7590 7598 7211 20
7200 7590 7598 7211 7201 7591 7599 7212 20
7201 7591 7599 7212 7202 7592 7600 7213 19
7202 7592 7600 7213 7203 7593 7601 7214 19
7203 7593 7601 7214 7204 7594 7602 7215 19
7208 7595 7603 7219 7209 7596 7604 7220 19
7209 7596 7604 7220 7210 7597 7605 7221 20
7210 7597 7605 7221 7211 7598 7606 7222 20
7211 7598 7606 7222 7212 7599 7607 7223 20
7212 7599 7607 7223 7213 7600 7608 7224 19
7213 7600 7608 7224 7214 7601 7609 7225 19
7214 7601 7609 7225 7215 7602 7610 7226 19
7219 7603 7611 7230 7220 7604 7612 7231 19
7220 7604 7612 7231 7221 7605 7613 7232 20
7221 7605 7613 7232 7222 7606 7614 7233 20
7222 7606 7614 7233 7223 7607 7615 7234 20
7223 7607 7615 7234 7224 7608 7616 7235 19
7224 7608 7616 7235 7225 7609 7617 7236 19
7225 7609 7617 7236 7226 7610 7618 7237 19
7230 7611 7619 7241 7231 7612 7620 7242 19
7231 7612 7620 7242 7232 7613 7621 7243 20
7232 7613 7621 7243 7233 7614 7622 7244 20
7233 7614 7622 7244 7234 7615 7623 7245 20
7234 7615 7623 7245 7235 7616 7624 7246 19
7235 7616 7624 7246 7236 7617 7625 7247 19
7236 7617 7625 7247 7237 7618 7626 7248 19
7241 7619 7627 7252 7242 7620 7628 7253 19
7242 7620 7628 7253 7243 7621 7629 7254 20
7243 7621 7629 7254 7244 7622 7630 7255 20
7244 7622 7630 7255 7245 7623 7631 7256 20
7245 7623 7631 7256 7246 7624 7632 7257 19
7246 7624 7632 7257 7247 7625 7633 7258 19
7247 7625 7633 7258 7248 7626 7634 7259 19
7252 7627 7635 7263 7253 7628 7636 7264 19
7253 7628 7636 7264 7254 7629 7637 7265 20
7254 7629 7637 7265 7255 7630 7638 7266 20
7255 7630 7638 7266 7256 7631 7639 7267 20
7256 7631 7639 7267 7257 7632 7640 7268 19
7257 7632 7640 7268 7258 7633 7641 7269 19
7258 7633 7641 7269 7259 7634 7642 7270 19
7263 7635 7643 7274 7264 7636 7644 7275 19
7264 7636 7644 7275 7265 7637 7645 7276 20
7265 7637 7645 7276 7266 7638 7646 7277 20
7266 7638 7646 7277 7267 7639 7647 7278 26
7267 7639 7647 7278 7268 7640 7648 7279 26
7268 7640 7648 7279 7269 7641 7649 7280 26
7269 7641 7649 7280 7270 7642 7650 7281 19
7274 7643 7651 7285 7275 7644 7652 7286 19
7275 7644 7652 7286 7276 7645 7653 7287 20
7276 7645 7653 7287 7277 7646 7654 7288 20
7277 7646 7654 7288 7278 7647 7655 7289 26
7278 7647 7655 7289 7279 7648 7656 7290 26
7279 7648 7656 7290 7280 7649 7657 7291 26
7280 7649 7657 7291 7281 7650 7658 7292 19
7285 7651 7659 7296 7286 7652 7660 7297 19
7286 7652 7660 7297 7287 7653 7661 7298 19
7287 7653 7661 7298 7288 7654 7662 7299 19
7288 7654 7662 7299 7289 7655 7663 7300 26
7289 7655 7663 7300 7290 7656 7664 7301 26
7290 7656 7664 7301 7291 7657 7665 7302 26
7291 7657 7665 7302 7292 7658 7666 7303 19
7296 7659 7667 7307 7297 7660 7668 7308 19
7297 7660 7668 7308 7298 7661 7669 7309 19
7298 7661 7669 7309 7299 7662 7670 7310 19
7299 7662 7670 7310 7300 7663 7671 7311 26
7300 7663 7671 7311 7301 7664 7672 7312 26
7301 7664 7672 7312 7302 7665 7673 7313 26
7302 7665 7673 7313 7303 7666 7674 7314 19
7307 7667 7675 7315 7308 7668 7676 7316 19
7308 7668 7676 7316 7309 7669 7677 7317 19
7309 7669 7677 7317 7310 7670 7678 7318 19
7310 7670 7678 7318 7311 7671 7679 7319 26
7311 7671 7679 7319 7312 7672 7680 7320 26
7312 7672 7680 7320 7313 7673 7681 7321 26
7313 7673 7681 7321 7314 7674 7682 7322 19
7315 7675 7683 7323 7316 7676 7684 7324 19
7316 7676 7684 7324 7317 7677 7685 7325 19
7317 7677 7685 7325 7318 7678 7686 7326 19
7318 7678 7686 7326 7319 7679 7687 7327 26
7319 7679 7687 7327 7320 7680 7688 7328 26
7320 7680 7688 7328 7321 7681 7689 7329 26
7321 7681 7689 7329 7322 7682 7690 7330 19
7323 7683 7691 7331 7324 7684 7692 7332 19
7324 7684 7692 7332 7325 7685 7693 7333 19
7325 7685 7693 7333 7326 7686 7694 7334 19
7326 7686 7694 7334 7327 7687 7695 7335 26
7327 7687 7695 7335 7328 7688 7696 7336 26
7328 7688 7696 7336 7329 7689 7697 7337 26
7329 7689 7697 7337 7330 7690 7698 7338 19
7331 7691 7699 7339 7332 7692 7700 7340 19
7332 7692 7700 7340 7333 7693 7701 7341 19
7333 7693 7701 7341 7334 7694 7702 7342 19
7334 7694 7702 7342 7335 7695 7703 7343 26
7335 7695 7703 7343 7336 7696 7704 7344 26
7336 7696 7704 7344 7337 7697 7705 7345 26
7337 7697 7705 7345 7338 7698 7706 7346 19
7339 7699 7707 7347 7340 7700 7708 7348 19
7340 7700 7708 7348 7341 7701 7709 7349 19
7341 7701 7709 7349 7342 7702 7710 7350 19
7342 7702 7710 7350 7343 7703 7711 7351 26
7343 7703 7711 7351 7344 7704 7712 7352 26
7344 7704 7712 7352 7345 7705 7713 7353 26
7345 7705 7713 7353 7346 7706 7714 7354 19
7347 7707 7715 7355 7348 7708 7716 7356 19
7348 7708 7716 7356 7349 7709 7717 7357 19
7349 7709 7717 7357 7350 7710 7718 7358 19
7350 7710 7718 7358 7351 7711 7719 7359 26
7351 7711 7719 7359 7352 7712 7720 7360 26
7352 7712 7720 7360 7353 7713 7721 7361 26
7353 7713 7721 7361 7354 7714 7722 7362 19
7355 7715 7723 7363 7356 7716 7724 7364 19
7356 7716 7724 7364 7357 7717 7725 7365 19
7357 7717 7725 7365 7358 7718 7726 7366 19
7358 7718 7726 7366 7359 7719 7727 7367 26
7359 7719 7727 7367 7360 7720 7728 7368 26
7360 7720 7728 7368 7361 7721 7729 7369 26
7361 7721 7729 7369 7362 7722 7730 7370 19
7363 7723 7731 7371 7364 7724 7732 7372 19
7364 7724 7732 7372 7365 7725 7733 7373 19
7365 7725 7733 7373 7366 7726 7734 7374 19
7366 7726 7734 7374 7367 7727 7735 7375 26
7367 7727 7735 7375 7368 7728 7736 7376 26
7368 7728 7736 7376 7369 7729 7737 7377 26
7369 7729 7737 7377 7370 7730 7738 7378 19
7371 7731 7739 7379 7372 7732 7740 7380 19
7372 7732 7740 7380 7373 7733 7741 7381 19
7373 7733 7741 7381 7374 7734 7742 7382 19
7374 7734 7742 7382 7375 7735 7743 7383 26
7375 7735 7743 7383 7376 7736 7744 7384 26
7376 7736 7744 7384 7377 7737 7745 7385 26
7377 7737 7745 7385 7378 7738 7746 7386 19
7379 7739 7747 7387 7380 7740 7748 7388 19
7380 7740 7748 7388 7381 7741 7749 7389 19
7381 7741 7749 7389 7382 7742 7750 7390 19
7382 7742 7750 7390 7383 7743 7751 7391 26
7383 7743 7751 7391 7384 7744 7752 7392 26
7384 7744 7752 7392 7385 7745 7753 7393 26
7385 7745 7753 7393 7386 7746 7754 7394 19
7387 7747 7755 7395 7388 7748 7756 7396 19
7388 7748 7756 7396 7389 7749 7757 7397 19
7389 7749 7757 7397 7390 7750 7758 7398 19
7390 7750 7758 7398 7391 7751 7759 7399 26
7391 7751 7759 7399 7392 7752 7760 7400 26
7392 7752 7760 7400 7393 7753 7761 7401 26
7393 7753 7761 7401 7394 7754 7762 7402 19
7395 7755 7763 7403 7396 7756 7764 7404 19
7396 7756 7764 7404 7397 7757 7765 7405 19
7397 7757 7765 7405 7398 7758 7766 7406 19
7398 7758 7766 7406 7399 7759 7767 7407 26
7399 7759 7767 7407 7400 7760 7768 7408 26
7400 7760 7768 7408 7401 7761 7769 7409 26
7401 7761 7769 7409 7402 7762 7770 7410 19
7403 7763 7771 7411 7404 7764 7772 7412 19
7404 7764 7772 7412 7405 7765 7773 7413 19
7405 7765 7773 7413 7406 7766 7774 7414 19
7406 7766 7774 7414 7407 7767 7775 7415 26
7407 7767 7775 7415 7408 7768 7776 7416 26
7408 7768 7776 7416 7409 7769 7777 7417 26
7409 7769 7777 7417 7410 7770 7778 7418 19
7411 7771 7779 7419 7412 7772 7780 7420 19
7412 7772 7780 7420 7413 7773 7781 7421 19
7413 7773 7781 7421 7414 7774 7782 7422 19
7414 7774 7782 7422 7415 7775 7783 7423 26
7415 7775 7783 7423 7416 7776 7784 7424 26
7416 7776 7784 7424 7417 7777 7785 7425 26
7417 7777 7785 7425 7418 7778 7786 7426 19
7419 7779 7787 7427 7420 7780 7788 7428 19
7420 7780 7788 7428 7421 7781 7789 7429 19
7421 7781 7789 7429 7422 7782 7790 7430 19
7422 7782 7790 7430 7423 7783 7791 7431 26
7423 7783 7791 7431 7424 7784 7792 7432 26
7424 7784 7792 7432 7425 7785 7793 7433 26
7425 7785 7793 7433 7426 7786 7794 7434 19
7427 7787 7795 7435 7428 7788 7796 7436 19
7428 7788 7796 7436 7429 7789 7797 7437 19
7429 7789 7797 7437 7430 7790 7798 7438 19
7430 7790 7798 7438 7431 7791 7799 7439 26
7431 7791 7799 7439 7432 7792 7800 7440 26
7432 7792 7800 7440 7433 7793 7801 7441 26
7433 7793 7801 7441 7434 7794 7802 7442 19
7435 7795 7803 7443 7436 7796 7804 7444 19
7436 7796 7804 7444 7437 7797 7805 7445 19
7437 7797 7805 7445 7438 7798 7806 7446 19
7438 7798 7806 7446 7439 7799 7807 7447 26
7439 7799 7807 7447 7440 7800 7808 7448 26
7440 7800 7808 7448 7441 7801 7809 7449 26
7441 7801 7809 7449 7442 7802 7810 7450 19
7443 7803 7811 7451 7444 7804 7812 7452 19
7444 7804 7812 7452 7445 7805 7813 7453 19
7445 7805 7813 7453 7446 7806 7814 7454 19
7446 7806 7814 7454 7447 7807 7815 7455 26
7447 7807 7815 7455 7448 7808 7816 7456 26
7448 7808 7816 7456 7449 7809 7817 7457 26
7449 7809 7817 7457 7450 7810 7818 7458 19
7451 7811 7819 7459 7452 7812 7820 7460 19
7452 7812 7820 7460 7453 7813 7821 7461 19
7453 7813 7821 7461 7454 7814 7822 7462 19
7454 7814 7822 7462 7455 7815 7823 7463 19
7455 7815 7823 7463 7456 7816 7824 7464 19
7456 7816 7824 7464 7457 7817 7825 7465 19
7457 7817 7825 7465 7458 7818 7826 7466 19
7459 7819 7827 7467 7460 7820 7828 7468 19
7460 7820 7828 7468 7461 7821 7829 7469 19
7461 7821 7829 7469 7462 7822 7830 7470 19
7462 7822 7830 7470 7463 7823 7831 7471 19
7463 7823 7831 7471 7464 7824 7832 7472 19
7464 7824 7832 7472 7465 7825 7833 7473 19
7465 7825 7833 7473 7466 7826 7834 7474 19
7467 7827 7835 7475 7468 7828 7836 7476 19
7468 7828 7836 7476 7469 7829 7837 7477 19
7469 7829 7837 7477 7470 7830 7838 7478 19
7470 7830 7838 7478 7471 7831 7839 7479 19
7471 7831 7839 7479 7472 7832 7840 7480 19
7472 7832 7840 7480 7473 7833 7841 7481 19
7473 7833 7841 7481 7474 7834 7842 7482 19
7475 7835 7843 7483 7476 7836 7844 7484 19
7476 7836 7844 7484 7477 7837 7845 7485 19
7477 7837 7845 7485 7478 7838 7846 7486 19
7478 7838 7846 7486 7479 7839 7847 7487 19
7479 7839 7847 7487 7480 7840 7848 7488 19
7480 7840 7848 7488 7481 7841 7849 7489 19
7481 7841 7849 7489 7482 7842 7850 7490 19
7483 7843 7851 7491 7484 7844 7852 7492 19
7484 7844 7852 7492 7485 7845 7853 7493 19
7485 7845 7853 7493 7486 7846 7854 7494 19
7486 7846 7854 7494 7487 7847 7855 7495 19
7487 7847 7855 7495 7488 7848 7856 7496 19
7488 7848 7856 7496 7489 7849 7857 7497 19
7489 7849 7857 7497 7490 7850 7858 7498 19
7491 7851 7859 7499 7492 7852 7860 7500 19
7492 7852 7860 7500 7493 7853 7861 7501 19
7493 7853 7861 7501 7494 7854 7862 7502 19
7494 7854 7862 7502 7495 7855 7863 7503 19
7495 7855 7863 7503 7496 7856 7864 7504 19
7496 7856 7864 7504 7497 7857 7865 7505 19
7497 7857 7865 7505 7498 7858 7866 7506 19
7499 7859 7867 7507 7500 7860 7868 7508 19
7500 7860 7868 7508 7501 7861 7869 7509 19
7501 7861 7869 7509 7502 7862 7870 7510 19
7502 7862 7870 7510 7503 7863 7871 7511 19
7503 7863 7871 7511 7504 7864 7872 7512 19
7504 7864 7872 7512 7505 7865 7873 7513 19
7505 7865 7873 7513 7506 7866 7874 7514 19
7507 7867 7875 7515 7508 7868 7876 7516 19
7508 7868 7876 7516 7509 7869 7877 7517 19
7509 7869 7877 7517 7510 7870 7878 7518 19
7510 7870 7878 7518 7511 7871 7879 7519 19
7511 7871 7879 7519 7512 7872 7880 7520 19
7512 7872 7880 7520 7513 7873 7881 7521 19
7513 7873 7881 7521 7514 7874 7882 7522 19
7515 7875 7883 7523 7516 7876 7884 7524 19
7516 7876 7884 7524 7517 7877 7885 7525 19
7517 7877 7885 7525 7518 7878 7886 7526 19
7518 7878 7886 7526 7519 7879 7887 7527 19
7519 7879 7887 7527 7520 7880 7888 7528 19
7520 7880 7888 7528 7521 7881 7889 7529 19
7521 7881 7889 7529 7522 7882 7890 7530 19
7523 7883 7891 7531 7524 7884 7892 7532 19
7524 7884 7892 7532 7525 7885 7893 7533 19
7525 7885 7893 7533 7526 7886 7894 7534 19
7526 7886 7894 7534 7527 7887 7895 7535 19
7527 7887 7895 7535 7528 7888 7896 7536 19
7528 7888 7896 7536 7529 7889 7897 7537 19
7529 7889 7897 7537 7530 7890 7898 7538 19
7531 7891 7899 7539 7532 7892 7900 7540 19
7532 7892 7900 7540 7533 7893 7901 7541 19
7533 7893 7901 7541 7534 7894 7902 7542 19
7534 7894 7902 7542 7535 7895 7903 7543 19
7535 7895 7903 7543 7536 7896 7904 7544 19
7536 7896 7904 7544 7537 7897 7905 7545 19
7537 7897 7905 7545 7538 7898 7906 7546 19
7539 7899 7907 7547 7540 7900 7908 7548 11
7540 7900 7908 7548 7541 7901 7909 7549 11
7541 7901 7909 7549 7542 7902 7910 7550 11
7542 7902 7910 7550 7543 7903 7911 7551 11
7543 7903 7911 7551 7544 7904 7912 7552 11
7544 7904 7912 7552 7545 7905 7913 7553 11
7545 7905 7913 7553 7546 7906 7914 7554 11
7555 7915 7916 7556 7557 7917 7918 7558 19
7557 7917 7918 7558 7559 7919 7920 7560 20
7559 7919 7920 7560 7561 7921 7922 7562 20
7561 7921 7922 7562 7563 7923 7924 7564 20
7563 7923 7924 7564 7565 7925 7926 7566 19
7565 7925 7926 7566 7567 7927 7928 7568 19
7567 7927 7928 7568 7569 7929 7930 7570 19
7556 7916 7931 7571 7558 7918 7932 7572 19
7558 7918 7932 7572 7560 7920 7933 7573 20
7560 7920 7933 7573 7562 7922 7934 7574 20
7562 7922 7934 7574 7564 7924 7935 7575 20
7564 7924 7935 7575 7566 7926 7936 7576 19
7566 7926 7936 7576 7568 7928 7937 7577 19
7568 7928 7937 7577 7570 7930 7938 7578 19
7571 7931 7939 7579 7572 7932 7940 7580 19
7572 7932 7940 7580 7573 7933 7941 7581 20
7573 7933 7941 7581 7574 7934 7942 7582 20
7574 7934 7942 7582 7575 7935 7943 7583 20
7575 7935 7943 7583 7576 7936 7944 7584 19
7576 7936 7944 7584 7577 7937 7945 7585 19
7577 7937 7945 7585 7578 7938 7946 7586 19
7579 7939 7947 7587 7580 7940 7948 7588 19
7580 7940 7948 7588 7581 7941 7949 7589 20
7581 7941 7949 7589 7582 7942 7950 7590 20
7582 7942 7950 7590 7583 7943 7951 7591 20
7583 7943 7951 7591 7584 7944 7952 7592 19
7584 7944 7952 7592 7585 7945 7953 7593 19
7585 7945 7953 7593 7586 7946 7954 7594 19
7587 7947 7955 7595 7588 7948 7956 7596 19
7588 7948 7956 7596 7589 7949 7957 7597 20
7589 7949 7957 7597 7590 7950 7958 7598 20
7590 7950 7958 7598 7591 7951 7959 7599 20
7591 7951 7959 7599 7592 7952 7960 7600 19
7592 7952 7960 7600 7593 7953 7961 7601 19
7593 7953 7961 7601 7594 7954 7962 7602 19
7595 7955 7963 7603 7596 7956 7964 7604 19
7596 7956 7964 7604 7597 7957 7965 7605 20
7597 7957 7965 7605 7598 7958 7966 7606 20
7598 7958 7966 7606 7599 7959 7967 7607 20
7599 7959 7967 7607 7600 7960 7968 7608 19
7600 7960 7968 7608 7601 7961 7969 7609 19
7601 7961 7969 7609 7602 7962 7970 7610 19
7603 7963 7971 7611 7604 7964 7972 7612 19
7604 7964 7972 7612 7605 7965 7973 7613 20
7605 7965 7973 7613 7606 7966 7974 7614 20
7606 7966 7974 7614 7607 7967 7975 7615 20
7607 7967 7975 7615 7608 7968 7976 7616 19
7608 7968 7976 7616 7609 7969 7977 7617 19
7609 7969 7977 7617 7610 7970 7978 7618 19
7611 7971 7979 7619 7612 7972 7980 7620 19
7612 7972 7980 7620 7613 7973 7981 7621 20
7613 7973 7981 7621 7614 7974 7982 7622 20
7614 7974 7982 7622 7615 7975 7983 7623 20
7615 7975 7983 7623 7616 7976 7984 7624 19
7616 7976 7984 7624 7617 7977 7985 7625 19
7617 7977 7985 7625 7618 7978 7986 7626 19
7619 7979 7987 7627 7620 7980 7988 7628 19
7620 7980 7988 7628 7621 7981 7989 7629 20
7621 7981 7989 7629 7622 7982 7990 7630 20
7622 7982 7990 7630 7623 7983 7991 7631 20
7623 7983 7991 7631 7624 7984 7992 7632 19
7624 7984 7992 7632 7625 7985 7993 7633 19
7625 7985 7993 7633 7626 7986 7994 7634 19
7627 7987 7995 7635 7628 7988 7996 7636 19
7628 7988 7996 7636 7629 7989 7997 7637 20
7629 7989 7997 7637 7630 7990 7998 7638 20
7630 7990 7998 7638 7631 7991 7999 7639 20
7631 7991 7999 7639 7632 7992 8000 7640 19
7632 7992 8000 7640 7633 7993 8001 7641 19
7633 7993 8001 7641 7634 7994 8002 7642 19
7635 7995 8003 7643 7636 7996 8004 7644 19
7636 7996 8004 7644 7637 7997 8005 7645 20
7637 7997 8005 7645 7638 7998 8006 7646 20
7638 7998 8006 7646 7639 7999 8007 7647 26
7639 7999 8007 7647 7640 8000 8008 7648 26
7640 8000 8008 7648 7641 8001 8009 7649 26
7641 8001 8009 7649 7642 8002 8010 7650 19
7643 8003 8011 7651 7644 8004 8012 7652 19
7644 8004 8012 7652 7645 8005 8013 7653 20
7645 8005 8013 7653 7646 8006 8014 7654 20
7646 8006 8014 7654 7647 8007 8015 7655 26
7647 8007 8015 7655 7648 8008 8016 7656 26
7648 8008 8016 7656 7649 8009 8017 7657 26
7649 8009 8017 7657 7650 8010 8018 7658 19
7651 8011 8019 7659 7652 8012 8020 7660 19
7652 8012 8020 7660 7653 8013 8021 7661 19
7653 8013 8021 7661 7654 8014 8022 7662 19
7654 8014 8022 7662 7655 8015 8023 7663 26
7655 8015 8023 7663 7656 8016 8024 7664 26
7656 8016 8024 7664 7657 8017 8025 7665 26
7657 8017 8025 7665 7658 8018 8026 7666 19
7659 8019 8027 7667 7660 8020 8028 7668 19
7660 8020 8028 7668 7661 8021 8029 7669 19
7661 8021 8029 7669 7662 8022 8030 7670 19
7662 8022 8030 7670 7663 8023 8031 7671 26
7663 8023 8031 7671 7664 8024 8032 7672 26
7664 8024 8032 7672 7665 8025 8033 7673 26
7665 8025 8033 7673 7666 8026 8034 7674 19
7667 8027 8035 7675 7668 8028 8036 7676 19
7668 8028 8036 7676 7669 8029 8037 7677 19
7669 8029 8037 7677 7670 8030 8038 7678 19
7670 8030 8038 7678 7671 8031 8039 7679 26
7671 8031 8039 7679 7672 8032 8040 7680 26
7672 8032 8040 7680 7673 8033 8041 7681 26
7673 8033 8041 7681 7674 8034 8042 7682 19
7675 8035 8043 7683 7676 8036 8044 7684 19
7676 8036 8044 7684 7677 8037 8045 7685 19
7677 8037 8045 7685 7678 8038 8046 7686 19
7678 8038 8046 7686 7679 8039 8047 7687 26
7679 8039 8047 7687 7680 8040 8048 7688 26
7680 8040 8048 7688 7681 8041 8049 7689 26
7681 8041 8049 7689 7682 8042 8050 7690 19
7683 8043 8051 7691 7684 8044 8052 7692 19
7684 8044 8052 7692 7685 8045 8053 7693 19
7685 8045 8053 7693 7686 8046 8054 7694 19
7686 8046 8054 7694 7687 8047 8055 7695 26
7687 8047 8055 7695 7688 8048 8056 7696 26
7688 8048 8056 7696 7689 8049 8057 7697 26
7689 8049 8057 7697 7690 8050 8058 7698 19
7691 8051 8059 7699 7692 8052 8060 7700 19
7692 8052 8060 7700 7693 8053 8061 7701 19
7693 8053 8061 7701 7694 8054 8062 7702 19
7694 8054 8062 7702 7695 8055 8063 7703 26
7695 8055 8063 7703 7696 8056 8064 7704 26
7696 8056 8064 7704 7697 8057 8065 7705 26
7697 8057 8065 7705 7698 8058 8066 7706 19
7699 8059 8067 7707 7700 8060 8068 7708 19
7700 8060 8068 7708 7701 8061 8069 7709 19
7701 8061 8069 7709 7702 8062 8070 7710 19
7702 8062 8070 7710 7703 8063 8071 7711 26
7703 8063 8071 7711 7704 8064 8072 7712 26
7704 8064 8072 7712 7705 8065 8073 7713 26
7705 8065 8073 7713 7706 8066 8074 7714 19
7707 8067 8075 7715 7708 8068 8076 7716 19
7708 8068 8076 7716 7709 8069 8077 7717 19
7709 8069 8077 7717 7710 8070 8078 7718 19
7710 8070 8078 7718 7711 8071 8079 7719 26
7711 8071 8079 7719 7712 8072 8080 7720 26
7712 8072 8080 7720 7713 8073 8081 7721 26
7713 8073 8081 7721 7714 8074 8082 7722 19
7715 8075 8083 7723 7716 8076 8084 7724 19
7716 8076 8084 7724 7717 8077 8085 7725 19
7717 8077 8085 7725 7718 8078 8086 7726 19
7718 8078 8086 7726 7719 8079 8087 7727 26
7719 8079 8087 7727 7720 8080 8088 7728 26
7720 8080 8088 7728 7721 8081 8089 7729 26
7721 8081 8089 7729 7722 8082 8090 7730 19
7723 8083 8091 7731 7724 8084 8092 7732 19
7724 8084 8092 7732 7725 8085 8093 7733 19
7725 8085 8093 7733 7726 8086 8094 7734 19
7726 8086 8094 7734 7727 8087 8095 7735 26
7727 8087 8095 7735 7728 8088 8096 7736 26
7728 8088 8096 7736 7729 8089 8097 7737 26
7729 8089 8097 7737 7730 8090 8098 7738 19
7731 8091 8099 7739 7732 8092 8100 7740 19
7732 8092 8100 7740 7733 8093 8101 7741 19
7733 8093 8101 7741 7734 8094 8102 7742 19
7734 8094 8102 7742 7735 8095 8103 7743 26
7735 8095 8103 7743 7736 8096 8104 7744 26
7736 8096 8104 7744 7737 8097 8105 7745 26
7737 8097 8105 7745 7738 8098 8106 7746 19
7739 8099 8107 7747 7740 8100 8108 7748 19
7740 8100 8108 7748 7741 8101 8109 7749 19
7741 8101 8109 7749 7742 8102 8110 7750 19
7742 8102 8110 7750 7743 8103 8111 7751 26
7743 8103 8111 7751 7744 8104 8112 7752 26
7744 8104 8112 7752 7745 8105 8113 7753 26
7745 8105 8113 7753 7746 8106 8114 7754 19
7747 8107 8115 7755 7748 8108 8116 7756 19
7748 8108 8116 7756 7749 8109 8117 7757 19
7749 8109 8117 7757 7750 8110 8118 7758 19
7750 8110 8118 7758 7751 8111 8119 7759 26
7751 8111 8119 7759 7752 8112 8120 7760 26
7752 8112 8120 7760 7753 8113 8121 7761 26
7753 8113 8121 7761 7754 8114 8122 7762 19
7755 8115 8123 7763 7756 8116 8124 7764 19
7756 8116 8124 7764 7757 8117 8125 7765 19
7757 8117 8125 7765 7758 8118 8126 7766 19
7758 8118 8126 7766 7759 8119 8127 7767 26
7759 8119 8127 7767 7760 8120 8128 7768 26
7760 8120 8128 7768 7761 8121 8129 7769 26
7761 8121 8129 7769 7762 8122 8130 7770 19
7763 8123 8131 7771 7764 8124 8132 7772 19
7764 8124 8132 7772 7765 8125 8133 7773 19
7765 8125 8133 7773 7766 8126 8134 7774 19
7766 8126 8134 7774 7767 8127 8135 7775 26
7767 8127 8135 7775 7768 8128 8136 7776 26
7768 8128 8136 7776 7769 8129 8137 7777 26
7769 8129 8137 7777 7770 8130 8138 7778 19
7771 8131 8139 7779 7772 8132 8140 7780 19
7772 8132 8140 7780 7773 8133 8141 7781 19
7773 8133 8141 7781 7774 8134 8142 7782 19
7774 8134 8142 7782 7775 8135 8143 7783 26
7775 8135 8143 7783 7776 8136 8144 7784 26
7776 8136 8144 7784 7777 8137 8145 7785 26
7777 8137 8145 7785 7778 8138 8146 7786 19
7779 8139 8147 7787 7780 8140 8148 7788 19
7780 8140 8148 7788 7781 8141 8149 7789 19
7781 8141 8149 7789 7782 8142 8150 7790 19
7782 8142 8150 7790 7783 8143 8151 7791 26
7783 8143 8151 7791 7784 8144 8152 7792 26
7784 8144 8152 7792 7785 8145 8153 7793 26
7785 8145 8153 7793 7786 8146 8154 7794 19
7787 8147 8155 7795 7788 8148 8156 7796 19
7788 8148 8156 7796 7789 8149 8157 7797 19
7789 8149 8157 7797 7790 8150 8158 7798 19
7790 8150 8158 7798 7791 8151 8159 7799 26
7791 8151 8159 7799 7792 8152 8160 7800 26
7792 8152 8160 7800 7793 8153 8161 7801 26
7793 8153 8161 7801 7794 8154 8162 7802 19
7795 8155 8163 7803 7796 8156 8164 7804 19
7796 8156 8164 7804 7797 8157 8165 7805 19
7797 8157 8165 7805 7798 8158 8166 7806 19
7798 8158 8166 7806 7799 8159 8167 7807 26
7799 8159 8167 7807 7800 8160 8168 7808 26
7800 8160 8168 7808 7801 8161 8169 7809 26
7801 8161 8169 7809 7802 8162 8170 7810 19
7803 8163 8171 7811 7804 8164 8172 7812 19
7804 8164 8172 7812 7805 8165 8173 7813 19
7805 8165 8173 7813 7806 8166 8174 7814 19
7806 8166 8174 7814 7807 8167 8175 7815 26
7807 8167 8175 7815 7808 8168 8176 7816 26
7808 8168 8176 7816 7809 8169 8177 7817 26
7809 8169 8177 7817 7810 8170 8178 7818 19
7811 8171 8179 7819 7812 8172 8180 7820 19
7812 8172 8180 7820 7813 8173 8181 7821 19
7813 8173 8181 7821 7814 8174 8182 7822 19
7814 8174 8182 7822 7815 8175 8183 7823 19
7815 8175 8183 7823 7816 8176 8184 7824 19
7816 8176 8184 7824 7817 8177 8185 7825 19
7817 8177 8185 7825 7818 8178 8186 7826 19
7819 8179 8187 7827 7820 8180 8188 7828 19
7820 8180 8188 7828 7821 8181 8189 7829 19
7821 8181 8189 7829 7822 8182 8190 7830 19
7822 8182 8190 7830 7823 8183 8191 7831 19
7823 8183 8191 7831 7824 8184 8192 7832 19
7824 8184 8192 7832 7825 8185 8193 7833 19
7825 8185 8193 7833 7826 8186 8194 7834 19
7827 8187 8195 7835 7828 8188 8196 7836 19
7828 8188 8196 7836 7829 8189 8197 7837 19
7829 8189 8197 7837 7830 8190 8198 7838 19
7830 8190 8198 7838 7831 8191 8199 7839 19
7831 8191 8199 7839 7832 8192 8200 7840 19
7832 8192 8200 7840 7833 8193 8201 7841 19
7833 8193 8201 7841 7834 8194 8202 7842 19
7835 8195 8203 7843 7836 8196 8204 7844 19
7836 8196 8204 7844 7837 8197 8205 7845 19
7837 8197 8205 7845 7838 8198 8206 7846 19
7838 8198 8206 7846 7839 8199 8207 7847 19
7839 8199 8207 7847 7840 8200 8208 7848 19
7840 8200 8208 7848 7841 8201 8209 7849 19
7841 8201 8209 7849 7842 8202 8210 7850 19
7843 8203 8211 7851 7844 8204 8212 7852 19
7844 8204 8212 7852 7845 8205 8213 7853 19
7845 8205 8213 7853 7846 8206 8214 7854 19
7846 8206 8214 7854 7847 8207 8215 7855 19
7847 8207 8215 7855 7848 8208 8216 7856 19
7848 8208 8216 7856 7849 8209 8217 7857 19
7849 8209 8217 7857 7850 8210 8218 7858 19
7851 8211 8219 7859 7852 8212 8220 7860 19
7852 8212 8220 7860 7853 8213 8221 7861 19
7853 8213 8221 7861 7854 8214 8222 7862 19
7854 8214 8222 7862 7855 8215 8223 7863 19
7855 8215 8223 7863 7856 8216 8224 7864 19
7856 8216 8224 7864 7857 8217 8225 7865 19
7857 8217 8225 7865 7858 8218 8226 7866 19
7859 8219 8227 7867 7860 8220 8228 7868 19
7860 8220 8228 7868 7861 8221 8229 7869 19
7861 8221 8229 7869 7862 8222 8230 7870 19
7862 8222 8230 7870 7863 8223 8231 7871 19
7863 8223 8231 7871 7864 8224 8232 7872 19
7864 8224 8232 7872 7865 8225 8233 7873 19
7865 8225 8233 7873 7866 8226 8234 7874 19
7867 8227 8235 7875 7868 8228 8236 7876 19
7868 8228 8236 7876 7869 8229 8237 7877 19
7869 8229 8237 7877 7870 8230 8238 7878 19
7870 8230 8238 7878 7871 8231 8239 7879 19
7871 8231 8239 7879 7872 8232 8240 7880 19
7872 8232 8240 7880 7873 8233 8241 7881 19
7873 8233 8241 7881 7874 8234 8242 7882 19
7875 8235 8243 7883 7876 8236 8244 7884 19
7876 8236 8244 7884 7877 8237 8245 7885 19
7877 8237 8245 7885 7878 8238 8246 7886 19
7878 8238 8246 7886 7879 8239 8247 7887 19
7879 8239 8247 7887 7880 8240 8248 7888 19
7880 8240 8248 7888 7881 8241 8249 7889 19
7881 8241 8249 7889 7882 8242 8250 7890 19
7883 8243 8251 7891 7884 8244 8252 7892 19
7884 8244 8252 7892 7885 8245 8253 7893 19
7885 8245 8253 7893 7886 8246 8254 7894 19
7886 8246 8254 7894 7887 8247 8255 7895 19
7887 8247 8255 7895 7888 8248 8256 7896 19
7888 8248 8256 7896 7889 8249 8257 7897 19
7889 8249 8257 7897 7890 8250 8258 7898 19
7891 8251 8259 7899 7892 8252 8260 7900 19
7892 8252 8260 7900 7893 8253 8261 7901 19
7893 8253 8261 7901 7894 8254 8262 7902 19
7894 8254 8262 7902 7895 8255 8263 7903 19
7895 8255 8263 7903 7896 8256 8264 7904 19
7896 8256 8264 7904 7897 8257 8265 7905 19
7897 8257 8265 7905 7898 8258 8266 7906 19
7899 8259 8267 7907 7900 8260 8268 7908 11
7900 8260 8268 7908 7901 8261 8269 7909 11
7901 8261 8269 7909 7902 8262 8270 7910 11
7902 8262 8270 7910 7903 8263 8271 7911 11
7903 8263 8271 7911 7904 8264 8272 7912 11
7904 8264 8272 7912 7905 8265 8273 7913 11
7905 8265 8273 7913 7906 8266 8274 7914 11
7915 8275 8276 7916 7917 8277 8278 7918 19
7917 8277 8278 7918 7919 8279 8280 7920 20
7919 8279 8280 7920 7921 8281 8282 7922 20
7921 8281 8282 7922 7923 8283 8284 7924 20
7923 8283 8284 7924 7925 8285 8286 7926 19
7925 8285 8286 7926 7927 8287 8288 7928 19
7927 8287 8288 7928 7929 8289 8290 7930 19
7916 8276 8291 7931 7918 8278 8292 7932 19
7918 8278 8292 7932 7920 8280 8293 7933 20
7920 8280 8293 7933 7922 8282 8294 7934 20
7922 8282 8294 7934 7924 8284 8295 7935 20
7924 8284 8295 7935 7926 8286 8296 7936 19
7926 8286 8296 7936 7928 8288 8297 7937 19
7928 8288 8297 7937 7930 8290 8298 7938 19
7931 8291 8299 7939 7932 8292 8300 7940 19
7932 8292 8300 7940 7933 8293 8301 7941 20
7933 8293 8301 7941 7934 8294 8302 7942 20
7934 8294 8302 7942 7935 8295 8303 7943 20
7935 8295 8303 7943 7936 8296 8304 7944 19
7936 8296 8304 7944 7937 8297 8305 7945 19
7937 8297 8305 7945 7938 8298 8306 7946 19
7939 8299 8307 7947 7940 8300 8308 7948 19
7940 8300 8308 7948 7941 8301 8309 7949 20
7941 8301 8309 7949 7942 8302 8310 7950 20
7942 8302 8310 7950 7943 8303 8311 7951 20
7943 8303 8311 7951 7944 8304 8312 7952 19
7944 8304 8312 7952 7945 8305 8313 7953 19
7945 8305 8313 7953 7946 8306 8314 7954 19
7947 8307 8315 7955 7948 8308 8316 7956 19
7948 8308 8316 7956 7949 8309 8317 7957 20
7949 8309 8317 7957 7950 8310 8318 7958 20
7950 8310 8318 7958 7951 8311 8319 7959 20
7951 8311 8319 7959 7952 8312 8320 7960 19
7952 8312 8320 7960 7953 8313 8321 7961 19
7953 8313 8321 7961 7954 8314 8322 7962 19
7955 8315 8323 7963 7956 8316 8324 7964 19
7956 8316 8324 7964 7957 8317 8325 7965 20
7957 8317 8325 7965 7958 8318 8326 7966 20
7958 8318 8326 7966 7959 8319 8327 7967 20
7959 8319 8327 7967 7960 8320 8328 7968 19
7960 8320 8328 7968 7961 8321 8329 7969 19
7961 8321 8329 7969 7962 8322 8330 7970 19
7963 8323 8331 7971 7964 8324 8332 7972 19
7964 8324 8332 7972 7965 8325 8333 7973 20
7965 8325 8333 7973 7966 8326 8334 7974 20
7966 8326 8334 7974 7967 8327 8335 7975 20
7967 8327 8335 7975 7968 8328 8336 7976 19
7968 8328 8336 7976 7969 8329 8337 7977 19
7969 8329 8337 7977 7970 8330 8338 7978 19
7971 8331 8339 7979 7972 8332 8340 7980 19
7972 8332 8340 7980 7973 8333 8341 7981 20
7973 8333 8341 7981 7974 8334 8342 7982 20
7974 8334 8342 7982 7975 8335 8343 7983 20
7975 8335 8343 7983 7976 8336 8344 7984 19
7976 8336 8344 7984 7977 8337 8345 7985 19
7977 8337 8345 7985 7978 8338 8346 7986 19
7979 8339 8347 7987 7980 8340 8348 7988 19
7980 8340 8348 7988 7981 8341 8349 7989 20
7981 8341 8349 7989 7982 8342 8350 7990 20
7982 8342 8350 7990 7983 8343 8351 7991 20
7983 8343 8351 7991 7984 8344 8352 7992 19
7984 8344 8352 7992 7985 8345 8353 7993 19
7985 8345 8353 7993 7986 8346 8354 7994 19
7987 8347 8355 7995 7988 8348 8356 7996 19
7988 8348 8356 7996 7989 8349 8357 7997 20
7989 8349 8357 7997 7990 8350 8358 7998 20
7990 8350 8358 7998 7991 8351 8359 7999 20
7991 8351 8359 7999 7992 8352 8360 8000 19
7992 8352 8360 8000 7993 8353 8361 8001 19
7993 8353 8361 8001 7994 8354 8362 8002 19
7995 8355 8363 8003 7996 8356 8364 8004 19
7996 8356 8364 8004 7997 8357 8365 8005 20
7997 8357 8365 8005 7998 8358 8366 8006 20
7998 8358 8366 8006 7999 8359 8367 8007 20
7999 8359 8367 8007 8000 8360 8368 8008 19
8000 8360 8368 8008 8001 8361 8369 8009 19
8001 8361 8369 8009 8002 8362 8370 8010 19
8003 8363 8371 8011 8004 8364 8372 8012 19
8004 8364 8372 8012 8005 8365 8373 8013 20
8005 8365 8373 8013 8006 8366 8374 8014 20
8006 8366 8374 8014 8007 8367 8375 8015 20
8007 8367 8375 8015 8008 8368 8376 8016 19
8008 8368 8376 8016 8009 8369 8377 8017 19
8009 8369 8377 8017 8010 8370 8378 8018 19
8011 8371 8379 8019 8012 8372 8380 8020 19
8012 8372 8380 8020 8013 8373 8381 8021 19
8013 8373 8381 8021 8014 8374 8382 8022 19
8014 8374 8382 8022 8015 8375 8383 8023 19
8015 8375 8383 8023 8016 8376 8384 8024 19
8016 8376 8384 8024 8017 8377 8385 8025 19
8017 8377 8385 8025 8018 8378 8386 8026 19
8019 8379 8387 8027 8020 8380 8388 8028 19
8020 8380 8388 8028 8021 8381 8389 8029 19
8021 8381 8389 8029 8022 8382 8390 8030 19
8022 8382 8390 8030 8023 8383 8391 8031 19
8023 8383 8391 8031 8024 8384 8392 8032 19
8024 8384 8392 8032 8025 8385 8393 8033 19
8025 8385 8393 8033 8026 8386 8394 8034 19
8027 8387 8395 8035 8028 8388 8396 8036 19
8028 8388 8396 8036 8029 8389 8397 8037 19
8029 8389 8397 8037 8030 8390 8398 8038 19
8030 8390 8398 8038 8031 8391 8399 8039 19
8031 8391 8399 8039 8032 8392 8400 8040 19
8032 8392 8400 8040 8033 8393 8401 8041 19
8033 8393 8401 8041 8034 8394 8402 8042 19
8035 8395 8403 8043 8036 8396 8404 8044 19
8036 8396 8404 8044 8037 8397 8405 8045 19
8037 8397 8405 8045 8038 8398 8406 8046 19
8038 8398 8406 8046 8039 8399 8407 8047 19
8039 8399 8407 8047 8040 8400 8408 8048 19
8040 8400 8408 8048 8041 8401 8409 8049 19
8041 8401 8409 8049 8042 8402 8410 8050 19
8043 8403 8411 8051 8044 8404 8412 8052 19
8044 8404 8412 8052 8045 8405 8413 8053 19
8045 8405 8413 8053 8046 8406 8414 8054 19
8046 8406 8414 8054 8047 8407 8415 8055 19
8047 8407 8415 8055 8048 8408 8416 8056 19
8048 8408 8416 8056 8049 8409 8417 8057 19
8049 8409 8417 8057 8050 8410 8418 8058 19
8051 8411 8419 8059 8052 8412 8420 8060 19
8052 8412 8420 8060 8053 8413 8421 8061 19
8053 8413 8421 8061 8054 8414 8422 8062 19
8054 8414 8422 8062 8055 8415 8423 8063 19
8055 8415 8423 8063 8056 8416 8424 8064 19
8056 8416 8424 8064 8057 8417 8425 8065 19
8057 8417 8425 8065 8058 8418 8426 8066 19
8059 8419 8427 8067 8060 8420 8428 8068 19
8060 8420 8428 8068 8061 8421 8429 8069 19
8061 8421 8429 8069 8062 8422 8430 8070 19
8062 8422 8430 8070 8063 8423 8431 8071 19
8063 8423 8431 8071 8064 8424 8432 8072 19
8064 8424 8432 8072 8065 8425 8433 8073 19
8065 8425 8433 8073 8066 8426 8434 8074 19
8067 8427 8435 8075 8068 8428 8436 8076 19
8068 8428 8436 8076 8069 8429 8437 8077 19
8069 8429 8437 8077 8070 8430 8438 8078 19
8070 8430 8438 8078 8071 8431 8439 8079 19
8071 8431 8439 8079 8072 8432 8440 8080 19
8072 8432 8440 8080 8073 8433 8441 8081 19
8073 8433 8441 8081 8074 8434 8442 8082 19
8075 8435 8443 8083 8076 8436 8444 8084 19
8076 8436 8444 8084 8077 8437 8445 8085 19
8077 8437 8445 8085 8078 8438 8446 8086 19
8078 8438 8446 8086 8079 8439 8447 8087 19
8079 8439 8447 8087 8080 8440 8448 8088 19
8080 8440 8448 8088 8081 8441 8449 8089 19
8081 8441 8449 8089 8082 8442 8450 8090 19
8083 8443 8451 8091 8084 8444 8452 8092 19
8084 8444 8452 8092 8085 8445 8453 8093 19
8085 8445 8453 8093 8086 8446 8454 8094 19
8086 8446 8454 8094 8087 8447 8455 8095 19
8087 8447 8455 8095 8088 8448 8456 8096 19
8088 8448 8456 8096 8089 8449 8457 8097 19
8089 8449 8457 8097 8090 8450 8458 8098 19
8091 8451 8459 8099 8092 8452 8460 8100 19
8092 8452 8460 8100 8093 8453 8461 8101 19
8093 8453 8461 8101 8094 8454 8462 8102 19
8094 8454 8462 8102 8095 8455 8463 8103 19
8095 8455 8463 8103 8096 8456 8464 8104 19
8096 8456 8464 8104 8097 8457 8465 8105 19
8097 8457 8465 8105 8098 8458 8466 8106 19
8099 8459 8467 8107 8100 8460 8468 8108 19
8100 8460 8468 8108 8101 8461 8469 8109 19
8101 8461 8469 8109 8102 8462 8470 8110 19
8102 8462 8470 8110 8103 8463 8471 8111 19
8103 8463 8471 8111 8104 8464 8472 8112 19
8104 8464 8472 8112 8105 8465 8473 8113 19
8105 8465 8473 8113 8106 8466 8474 8114 19
8107 8467 8475 8115 8108 8468 8476 8116 19
8108 8468 8476 8116 8109 8469 8477 8117 19
8109 8469 8477 8117 8110 8470 8478 8118 19
8110 8470 8478 8118 8111 8471 8479 8119 19
8111 8471 8479 8119 8112 8472 8480 8120 19
8112 8472 8480 8120 8113 8473 8481 8121 19
8113 8473 8481 8121 8114 8474 8482 8122 19
8115 8475 8483 8123 8116 8476 8484 8124 19
8116 8476 8484 8124 8117 8477 8485 8125 19
8117 8477 8485 8125 8118 8478 8486 8126 19
8118 8478 8486 8126 8119 8479 8487 8127 19
8119 8479 8487 8127 8120 8480 8488 8128 19
8120 8480 8488 8128 8121 8481 8489 8129 19
8121 8481 8489 8129 8122 8482 8490 8130 19
8123 8483 8491 8131 8124 8484 8492 8132 19
8124 8484 8492 8132 8125 8485 8493 8133 19
8125 8485 8493 8133 8126 8486 8494 8134 19
8126 8486 8494 8134 8127 8487 8495 8135 19
8127 8487 8495 8135 8128 8488 8496 8136 19
8128 8488 8496 8136 8129 8489 8497 8137 19
8129 8489 8497 8137 8130 8490 8498 8138 19
8131 8491 8499 8139 8132 8492 8500 8140 19
8132 8492 8500 8140 8133 8493 8501 8141 19
8133 8493 8501 8141 8134 8494 8502 8142 19
8134 8494 8502 8142 8135 8495 8503 8143 19
8135 8495 8503 8143 8136 8496 8504 8144 19
8136 8496 8504 8144 8137 8497 8505 8145 19
8137 8497 8505 8145 8138 8498 8506 8146 19
8139 8499 8507 8147 8140 8500 8508 8148 19
8140 8500 8508 8148 8141 8501 8509 8149 19
8141 8501 8509 8149 8142 8502 8510 8150 19
8142 8502 8510 8150 8143 8503 8511 8151 19
8143 8503 8511 8151 8144 8504 8512 8152 19
8144 8504 8512 8152 8145 8505 8513 8153 19
8145 8505 8513 8153 8146 8506 8514 8154 19
8147 8507 8515 8155 8148 8508 8516 8156 19
8148 8508 8516 8156 8149 8509 8517 8157 19
8149 8509 8517 8157 8150 8510 8518 8158 19
8150 8510 8518 8158 8151 8511 8519 8159 19
8151 8511 8519 8159 8152 8512 8520 8160 19
8152 8512 8520 8160 8153 8513 8521 8161 19
8153 8513 8521 8161 8154 8514 8522 8162 19
8155 8515 8523 8163 8156 8516 8524 8164 19
8156 8516 8524 8164 8157 8517 8525 8165 19
8157 8517 8525 8165 8158 8518 8526 8166 19
8158 8518 8526 8166 8159 8519 8527 8167 19
8159 8519 8527 8167 8160 8520 8528 8168 19
8160 8520 8528 8168 8161 8521 8529 8169 19
8161 8521 8529 8169 8162 8522 8530 8170 19
8163 8523 8531 8171 8164 8524 8532 8172 19
8164 8524 8532 8172 8165 8525 8533 8173 19
8165 8525 8533 8173 8166 8526 8534 8174 19
8166 8526 8534 8174 8167 8527 8535 8175 19
8167 8527 8535 8175 8168 8528 8536 8176 19
8168 8528 8536 8176 8169 8529 8537 8177 19
8169 8529 8537 8177 8170 8530 8538 8178 19
8171 8531 8539 8179 8172 8532 8540 8180 19
8172 8532 8540 8180 8173 8533 8541 8181 19
8173 8533 8541 8181 8174 8534 8542 8182 19
8174 8534 8542 8182 8175 8535 8543 8183 19
8175 8535 8543 8183 8176 8536 8544 8184 19
8176 8536 8544 8184 8177 8537 8545 8185 19
8177 8537 8545 8185 8178 8538 8546 8186 19
8179 8539 8547 8187 8180 8540 8548 8188 19
8180 8540 8548 8188 8181 8541 8549 8189 19
8181 8541 8549 8189 8182 8542 8550 8190 19
8182 8542 8550 8190 8183 8543 8551 8191 19
8183 8543 8551 8191 8184 8544 8552 8192 19
8184 8544 8552 8192 8185 8545 8553 8193 19
8185 8545 8553 8193 8186 8546 8554 8194 19
8187 8547 8555 8195 8188 8548 8556 8196 19
8188 8548 8556 8196 8189 8549 8557 8197 19
8189 8549 8557 8197 8190 8550 8558 8198 19
8190 8550 8558 8198 8191 8551 8559 8199 19
8191 8551 8559 8199 8192 8552 8560 8200 19
8192 8552 8560 8200 8193 8553 8561 8201 19
8193 8553 8561 8201 8194 8554 8562 8202 19
8195 8555 8563 8203 8196 8556 8564 8204 19
8196 8556 8564 8204 8197 8557 8565 8205 19
8197 8557 8565 8205 8198 8558 8566 8206 19
8198 8558 8566 8206 8199 8559 8567 8207 19
8199 8559 8567 8207 8200 8560 8568 8208 19
8200 8560 8568 8208 8201 8561 8569 8209 19
8201 8561 8569 8209 8202 8562 8570 8210 19
8203 8563 8571 8211 8204 8564 8572 8212 19
8204 8564 8572 8212 8205 8565 8573 8213 19
8205 8565 8573 8213 8206 8566 8574 8214 19
8206 8566 8574 8214 8207 8567 8575 8215 19
8207 8567 8575 8215 8208 8568 8576 8216 19
8208 8568 8576 8216 8209 8569 8577 8217 19
8209 8569 8577 8217 8210 8570 8578 8218 19
8211 8571 8579 8219 8212 8572 8580 8220 19
8212 8572 8580 8220 8213 8573 8581 8221 19
8213 8573 8581 8221 8214 8574 8582 8222 19
8214 8574 8582 8222 8215 8575 8583 8223 19
8215 8575 8583 8223 8216 8576 8584 8224 19
8216 8576 8584 8224 8217 8577 8585 8225 19
8217 8577 8585 8225 8218 8578 8586 8226 19
8219 8579 8587 8227 8220 8580 8588 8228 19
8220 8580 8588 8228 8221 8581 8589 8229 19
8221 8581 8589 8229 8222 8582 8590 8230 19
8222 8582 8590 8230 8223 8583 8591 8231 19
8223 8583 8591 8231 8224 8584 8592 8232 19
8224 8584 8592 8232 8225 8585 8593 8233 19
8225 8585 8593 8233 8226 8586 8594 8234 19
8227 8587 8595 8235 8228 8588 8596 8236 19
8228 8588 8596 8236 8229 8589 8597 8237 19
8229 8589 8597 8237 8230 8590 8598 8238 19
8230 8590 8598 8238 8231 8591 8599 8239 19
8231 8591 8599 8239 8232 8592 8600 8240 19
8232 8592 8600 8240 8233 8593 8601 8241 19
8233 8593 8601 8241 8234 8594 8602 8242 19
8235 8595 8603 8243 8236 8596 8604 8244 19
8236 8596 8604 8244 8237 8597 8605 8245 19
8237 8597 8605 8245 8238 8598 8606 8246 19
8238 8598 8606 8246 8239 8599 8607 8247 19
8239 8599 8607 8247 8240 8600 8608 8248 19
8240 8600 8608 8248 8241 8601 8609 8249 19
8241 8601 8609 8249 8242 8602 8610 8250 19
8243 8603 8611 8251 8244 8604 8612 8252 19
8244 8604 8612 8252 8245 8605 8613 8253 19
8245 8605 8613 8253 8246 8606 8614 8254 19
8246 8606 8614 8254 8247 8607 8615 8255 19
8247 8607 8615 8255 8248 8608 8616 8256 19
8248 8608 8616 8256 8249 8609 8617 8257 19
8249 8609 8617 8257 8250 8610 8618 8258 19
8251 8611 8619 8259 8252 8612 8620 8260 19
8252 8612 8620 8260 8253 8613 8621 8261 19
8253 8613 8621 8261 8254 8614 8622 8262 19
8254 8614 8622 8262 8255 8615 8623 8263 19
8255 8615 8623 8263 8256 8616 8624 8264 19
8256 8616 8624 8264 8257 8617 8625 8265 19
8257 8617 8625 8265 8258 8618 8626 8266 19
8259 8619 8627 8267 8260 8620 8628 8268 11
8260 8620 8628 8268 8261 8621 8629 8269 11
8261 8621 8629 8269 8262 8622 8630 8270 11
8262 8622 8630 8270 8263 8623 8631 8271 11
8263 8623 8631 8271 8264 8624 8632 8272 11
8264 8624 8632 8272 8265 8625 8633 8273 11
8265 8625 8633 8273 8266 8626 8634 8274 11

End
